N,P,K,temperature,humidity,ph,rainfall,NPK_sum,N_to_P_ratio,temp_humidity_interaction,label
87.5,47.5,31.7,25.81,86.54,5.94,242.9,166.7,1.8421,22.336,rice
77.9,48.5,34.4,28.87,76.47,5.72,216.2,160.8,1.6062,22.0769,rice
89.7,38.2,47.5,23.04,87.22,5.91,231.0,175.4,2.3482,20.0955,rice
102.8,47.3,46.1,27.51,90.13,6.93,274.7,196.2,2.1734,24.7948,rice
76.5,47.9,39.8,24.41,84.48,5.93,236.7,164.2,1.5971,20.6216,rice
76.5,37.9,41.2,23.62,93.26,7.72,231.6,155.6,2.0185,22.028,rice
103.7,63.7,52.8,25.68,77.36,6.65,182.4,220.2,1.6279,19.866,rice
91.5,49.7,34.1,22.89,74.53,6.49,256.1,175.3,1.841,17.0599,rice
73.0,33.1,45.5,24.34,71.33,5.97,252.6,151.6,2.2054,17.3617,rice
88.1,51.6,38.0,22.41,90.98,6.75,305.7,177.7,1.7074,20.3886,rice
73.0,35.3,37.8,31.89,85.93,6.11,219.2,146.1,2.068,27.4031,rice
73.0,52.9,51.0,26.11,81.67,6.46,237.7,176.9,1.38,21.324,rice
83.6,56.6,48.3,23.9,83.68,7.68,238.7,188.5,1.477,19.9995,rice
51.3,36.8,48.1,26.64,75.25,6.35,285.2,136.2,1.394,20.0466,rice
54.1,54.6,53.1,25.66,96.67,6.97,226.7,161.8,0.9908,24.8055,rice
71.6,49.1,40.2,25.34,82.78,6.05,239.8,160.9,1.4582,20.9765,rice
64.8,53.2,46.8,27.84,82.66,6.38,251.3,164.8,1.218,23.0125,rice
84.7,64.0,36.9,28.27,86.35,7.29,236.5,185.6,1.3234,24.4111,rice
66.4,42.5,43.2,24.41,84.89,6.09,214.4,152.1,1.5624,20.7216,rice
58.8,37.5,38.7,24.27,83.34,7.31,236.8,135.0,1.568,20.2266,rice
102.0,36.1,41.0,25.17,77.26,6.75,267.6,179.1,2.8255,19.4463,rice
76.6,36.8,46.0,19.09,84.83,6.12,194.1,159.4,2.0815,16.194,rice
81.0,44.2,31.8,21.45,93.29,6.72,234.7,157.0,1.8326,20.0107,rice
58.6,48.4,60.9,30.1,90.07,6.89,205.5,167.9,1.2107,27.1111,rice
71.8,47.8,29.9,30.93,91.56,6.71,271.8,149.5,1.5021,28.3195,rice
81.7,53.3,27.9,25.25,78.93,5.61,176.7,162.9,1.5328,19.9298,rice
62.7,45.1,51.6,27.73,76.06,6.04,210.4,159.4,1.3902,21.0914,rice
85.6,59.5,47.9,26.93,81.25,6.28,243.2,193.0,1.4387,21.8806,rice
71.0,42.4,46.2,35.24,82.33,6.36,284.8,159.6,1.6745,29.0131,rice
75.6,72.2,46.3,29.36,88.57,6.71,227.7,194.1,1.0471,26.0042,rice
71.0,51.3,39.9,25.62,71.85,6.49,210.6,162.2,1.384,18.408,rice
107.8,36.4,31.0,23.13,91.18,5.73,295.8,175.2,2.9615,21.0899,rice
79.8,34.3,40.8,21.18,81.05,6.59,179.3,154.9,2.3265,17.1664,rice
64.1,49.8,33.2,26.61,79.44,6.71,153.0,147.1,1.2871,21.139,rice
92.3,42.8,49.8,23.73,75.93,6.68,245.4,184.9,2.1565,18.0182,rice
61.7,52.1,38.5,21.73,72.07,6.94,212.4,152.3,1.1843,15.6608,rice
83.1,49.7,31.7,24.06,86.94,6.82,194.3,164.5,1.672,20.9178,rice
50.6,44.3,36.8,22.76,82.44,6.63,254.8,131.7,1.1422,18.7633,rice
60.1,36.5,44.1,31.06,74.26,6.36,238.5,140.7,1.6466,23.0652,rice
83.0,29.9,34.4,28.64,74.23,5.57,210.3,147.3,2.7759,21.2595,rice
91.1,40.5,31.8,25.98,79.99,6.61,185.2,163.4,2.2494,20.7814,rice
82.6,53.6,42.4,30.44,92.01,6.5,260.5,178.6,1.541,28.0078,rice
78.3,47.1,42.4,26.23,80.44,6.54,252.8,167.8,1.6624,21.0994,rice
75.5,32.5,34.9,23.42,72.98,5.76,226.5,142.9,2.3231,17.0919,rice
57.8,46.7,35.3,30.57,80.53,5.86,294.6,139.8,1.2377,24.618,rice
69.2,48.9,42.3,27.62,80.36,6.93,192.5,160.4,1.4151,22.1954,rice
73.1,36.2,25.5,22.89,65.82,6.38,176.6,134.8,2.0193,15.0662,rice
95.9,46.5,25.9,25.43,81.67,6.74,205.8,168.3,2.0624,20.7687,rice
85.2,45.6,32.8,23.37,80.61,6.41,228.4,163.6,1.8684,18.8386,rice
53.6,33.6,37.9,21.85,86.18,6.41,238.5,125.1,1.5952,18.8303,rice
84.9,48.6,43.1,28.78,93.09,6.87,221.6,176.6,1.7469,26.7913,rice
74.2,50.6,54.8,31.73,88.76,6.14,242.3,179.6,1.4664,28.1635,rice
69.8,55.8,48.6,21.8,80.39,6.45,186.2,174.2,1.2509,17.525,rice
89.2,55.5,38.4,27.69,75.36,6.17,280.5,183.1,1.6072,20.8672,rice
95.5,31.2,39.8,24.05,97.44,6.18,227.1,166.5,3.0609,23.4343,rice
94.0,35.6,30.0,24.54,82.36,6.25,269.1,159.6,2.6404,20.2111,rice
67.4,50.2,39.8,24.22,82.08,6.51,242.0,157.4,1.3426,19.8798,rice
75.4,50.1,37.1,23.41,81.86,6.16,246.0,162.6,1.505,19.1634,rice
85.0,50.2,43.2,26.15,83.19,7.03,249.9,178.4,1.6932,21.7542,rice
94.6,83.5,31.7,23.51,81.13,5.95,245.7,209.8,1.1329,19.0737,rice
72.8,50.7,45.2,26.81,78.56,6.31,252.5,168.7,1.4359,21.0619,rice
77.2,56.4,55.3,25.85,78.72,6.18,276.5,188.9,1.3688,20.3491,rice
63.4,54.5,38.9,25.28,81.8,7.12,236.9,156.8,1.1633,20.679,rice
62.1,51.5,44.0,23.28,78.74,6.5,254.8,157.6,1.2058,18.3307,rice
92.2,41.8,46.9,24.27,77.72,6.92,226.9,180.9,2.2057,18.8626,rice
100.3,52.6,36.0,28.27,82.64,5.66,280.4,188.9,1.9068,23.3623,rice
78.9,37.3,42.2,27.5,80.47,6.53,206.3,158.4,2.1153,22.1293,rice
95.1,42.6,40.1,23.07,91.02,6.84,293.0,177.8,2.2324,20.9983,rice
85.4,40.1,41.0,26.3,66.09,6.44,228.6,166.5,2.1297,17.3817,rice
70.3,45.8,32.3,28.25,88.55,6.93,179.9,148.4,1.5349,25.0154,rice
85.4,68.1,40.2,20.99,89.48,6.14,234.5,193.7,1.254,18.7819,rice
103.1,26.3,45.0,27.63,69.56,7.1,206.2,174.4,3.9202,19.2194,rice
79.5,51.9,54.5,24.01,79.94,7.55,259.4,185.9,1.5318,19.1936,rice
103.5,28.9,49.6,27.71,79.77,6.22,207.2,182.0,3.5813,22.1043,rice
40.7,40.3,61.5,23.71,73.55,6.18,214.4,142.5,1.0099,17.4387,rice
92.3,55.9,32.3,20.59,77.33,7.13,163.9,180.5,1.6512,15.9222,rice
81.3,45.6,48.7,21.12,75.34,7.19,214.2,175.6,1.7829,15.9118,rice
75.5,34.2,41.8,26.14,92.51,6.14,145.2,151.5,2.2076,24.1821,rice
81.4,37.8,61.9,26.78,87.61,6.19,174.6,181.1,2.1534,23.462,rice
50.2,51.8,31.9,23.29,89.63,6.26,256.6,133.9,0.9691,20.8748,rice
76.7,37.7,31.6,27.92,86.33,5.73,257.5,146.0,2.0345,24.1033,rice
85.4,47.2,34.0,21.02,75.23,5.94,244.9,166.6,1.8093,15.8133,rice
102.2,45.5,18.8,25.8,78.85,5.9,196.2,166.5,2.2462,20.3433,rice
72.2,38.5,34.7,22.37,84.94,6.02,228.3,145.4,1.8753,19.0011,rice
67.9,66.4,32.4,24.04,74.67,6.38,229.9,166.7,1.0226,17.9507,rice
72.5,51.3,41.5,26.14,86.28,6.52,189.5,165.3,1.4133,22.5536,rice
93.7,24.7,43.4,23.42,80.56,7.18,282.6,161.8,3.7935,18.8672,rice
84.9,46.9,58.8,24.85,79.75,5.9,260.7,190.6,1.8102,19.8179,rice
72.1,38.4,49.5,29.02,86.27,6.89,222.3,160.0,1.8776,25.0356,rice
87.7,53.5,34.2,24.27,84.67,6.29,230.9,175.4,1.6393,20.5494,rice
81.5,37.1,31.0,28.51,79.83,6.38,237.3,149.6,2.1968,22.7595,rice
94.5,43.9,44.9,22.61,88.96,6.74,158.5,183.3,2.1526,20.1139,rice
69.5,50.0,26.8,27.59,75.51,5.84,221.3,146.3,1.39,20.8332,rice
75.1,53.7,58.3,30.32,85.7,6.59,206.1,187.1,1.3985,25.9842,rice
74.1,33.0,51.8,18.59,85.56,6.48,194.9,158.9,2.2455,15.9056,rice
58.0,41.7,35.3,23.61,80.14,6.65,220.2,135.0,1.3909,18.9211,rice
84.4,40.3,22.9,27.73,83.96,6.54,292.9,147.6,2.0943,23.2821,rice
83.9,38.5,53.5,25.39,74.49,7.63,252.4,175.9,2.1792,18.913,rice
80.1,62.7,38.9,27.11,87.54,6.08,210.0,181.7,1.2775,23.7321,rice
76.5,49.0,52.4,24.19,80.89,6.13,250.0,177.9,1.5612,19.5673,rice
58.8,32.4,24.1,26.26,78.86,6.09,279.0,115.3,1.8148,20.7086,rice
73.7,54.2,34.0,25.53,88.29,6.12,262.4,161.9,1.3598,22.5404,rice
74.9,66.2,40.1,29.5,77.77,6.08,232.1,181.2,1.1314,22.9421,rice
68.0,55.3,40.5,26.76,73.55,6.99,207.4,163.8,1.2297,19.682,rice
77.6,29.8,35.5,27.01,72.66,7.11,254.4,142.9,2.604,19.6255,rice
86.1,40.2,46.2,24.76,85.64,6.11,243.8,172.5,2.1418,21.2045,rice
108.3,57.7,29.3,24.54,74.32,5.98,261.3,195.3,1.8769,18.2381,rice
82.6,37.9,38.6,24.7,92.53,6.64,252.2,159.1,2.1794,22.8549,rice
83.9,49.4,41.2,27.18,69.51,6.12,266.7,174.5,1.6984,18.8928,rice
78.9,52.7,45.1,24.74,92.18,6.72,211.3,176.7,1.4972,22.8053,rice
51.2,35.7,47.1,26.87,83.27,6.5,276.1,134.0,1.4342,22.3746,rice
79.6,44.4,28.8,32.23,81.42,5.64,236.9,152.8,1.7928,26.2417,rice
80.9,12.6,24.7,28.61,78.73,7.17,302.6,118.2,6.4206,22.5247,rice
116.9,34.8,52.8,25.02,84.39,7.3,205.9,204.5,3.3592,21.1144,rice
77.1,42.5,43.3,29.6,81.77,6.09,290.8,162.9,1.8141,24.2039,rice
84.5,32.5,32.5,24.78,88.62,6.21,236.9,149.5,2.6,21.96,rice
79.5,61.3,55.5,19.89,82.69,6.54,207.2,196.3,1.2969,16.447,rice
62.5,30.7,41.2,22.98,82.9,6.57,213.1,134.4,2.0358,19.0504,rice
97.1,40.6,51.8,20.39,79.82,6.73,218.8,189.5,2.3916,16.2753,rice
91.3,46.3,40.7,24.95,81.66,7.41,244.8,178.3,1.9719,20.3742,rice
91.9,59.4,60.6,26.06,83.85,6.31,248.3,211.9,1.5471,21.8513,rice
66.4,30.6,57.6,31.03,71.74,6.0,209.9,154.6,2.1699,22.2609,rice
101.0,56.6,37.5,26.98,73.91,5.71,229.1,195.1,1.7845,19.9409,rice
59.0,45.1,49.7,25.34,86.46,6.03,305.0,153.8,1.3082,21.909,rice
88.8,35.2,46.5,28.49,83.03,6.38,290.5,170.5,2.5227,23.6552,rice
112.9,49.6,53.7,19.37,80.9,7.3,245.3,216.2,2.2762,15.6703,rice
65.1,47.0,30.4,26.71,82.11,6.14,231.3,142.5,1.3851,21.9316,rice
71.5,39.0,46.9,28.31,84.09,6.51,234.2,157.4,1.8333,23.8059,rice
81.5,45.7,50.6,21.56,78.76,6.39,251.5,177.8,1.7834,16.9807,rice
72.4,41.1,22.4,29.43,77.33,6.99,194.2,135.9,1.7616,22.7582,rice
56.7,46.1,28.2,27.02,83.18,7.66,221.0,131.0,1.2299,22.4752,rice
81.0,51.6,19.6,24.75,76.13,6.13,171.6,152.2,1.5698,18.8422,rice
64.1,60.9,37.3,27.9,84.45,6.16,244.0,162.3,1.0525,23.5615,rice
87.1,32.6,47.2,32.81,71.78,6.92,252.7,166.9,2.6718,23.551,rice
66.2,66.3,55.0,26.55,88.17,6.74,213.1,187.5,0.9985,23.4091,rice
103.2,25.5,40.7,26.74,84.84,7.32,285.1,169.4,4.0471,22.6862,rice
68.3,43.5,56.3,24.62,83.54,6.69,187.1,168.1,1.5701,20.5675,rice
75.2,50.9,26.2,23.45,87.9,6.22,178.7,152.3,1.4774,20.6126,rice
92.2,47.8,23.0,28.49,91.99,6.7,237.9,163.0,1.9289,26.208,rice
61.5,38.8,39.4,23.43,88.09,6.95,266.6,139.7,1.5851,20.6395,rice
83.4,42.9,43.8,26.21,70.95,6.81,288.9,170.1,1.9441,18.596,rice
99.6,40.1,39.7,24.57,74.32,6.65,213.9,179.4,2.4838,18.2604,rice
55.9,39.1,19.3,27.44,78.25,6.93,267.8,114.3,1.4297,21.4718,rice
82.8,53.5,39.1,27.0,82.16,6.98,228.7,175.4,1.5477,22.1832,rice
83.9,48.6,27.0,29.11,85.11,7.09,224.0,159.5,1.7263,24.7755,rice
91.7,38.1,46.7,24.47,77.65,6.72,260.9,176.5,2.4068,19.001,rice
61.4,54.0,43.7,25.19,83.12,6.32,252.8,159.1,1.137,20.9379,rice
60.2,48.1,30.6,23.06,77.47,6.47,174.8,138.9,1.2516,17.8646,rice
87.8,53.1,34.9,24.67,78.33,7.0,281.7,175.8,1.6535,19.324,rice
84.5,51.3,29.4,27.13,73.56,5.99,278.3,165.2,1.6472,19.9568,rice
88.7,51.3,33.3,20.95,59.64,7.56,65.7,173.3,1.729,12.4946,wheat
107.1,45.7,27.0,17.62,57.61,6.78,141.5,179.8,2.3435,10.1509,wheat
108.9,51.2,50.4,16.95,56.56,6.52,87.4,210.5,2.127,9.5869,wheat
104.7,55.4,52.6,18.99,52.17,6.19,93.7,212.7,1.8899,9.9071,wheat
90.1,50.5,39.2,18.57,57.71,6.08,95.1,179.8,1.7842,10.7167,wheat
87.9,50.4,19.1,17.87,52.64,6.17,144.4,157.4,1.744,9.4068,wheat
99.5,43.0,39.5,20.74,56.35,6.91,56.6,182.0,2.314,11.687,wheat
121.1,43.4,48.9,21.39,65.54,7.0,188.4,213.4,2.7903,14.019,wheat
109.8,36.0,30.2,19.22,46.95,6.17,136.4,176.0,3.05,9.0238,wheat
93.3,67.5,46.8,22.69,64.12,7.16,115.6,207.6,1.3822,14.5488,wheat
113.9,37.6,44.8,16.15,65.54,6.61,108.6,196.3,3.0293,10.5847,wheat
48.7,43.1,50.8,18.52,54.06,6.86,117.1,142.6,1.1299,10.0119,wheat
120.7,42.8,46.2,17.21,38.03,7.44,123.0,209.7,2.8201,6.545,wheat
68.7,58.9,35.3,14.33,50.14,7.16,126.1,162.9,1.1664,7.1851,wheat
93.5,47.1,57.0,18.79,65.38,6.69,123.9,197.6,1.9851,12.2849,wheat
79.8,62.5,43.4,18.7,54.82,6.44,112.2,185.7,1.2768,10.2513,wheat
76.7,43.3,44.7,22.78,47.01,5.94,105.1,164.7,1.7714,10.7089,wheat
120.9,52.8,35.7,20.58,50.96,6.51,106.2,209.4,2.2898,10.4876,wheat
91.6,41.6,40.6,16.44,61.72,6.72,105.1,173.8,2.2019,10.1468,wheat
106.2,71.5,36.2,23.64,59.37,6.41,138.3,213.9,1.4853,14.0351,wheat
99.2,38.1,43.3,22.05,53.09,6.75,124.8,180.6,2.6037,11.7063,wheat
108.6,53.1,62.1,20.46,52.07,6.83,36.5,223.8,2.0452,10.6535,wheat
101.4,56.3,31.3,18.43,51.87,6.71,126.4,189.0,1.8011,9.5596,wheat
76.9,54.1,28.9,16.6,47.62,6.54,114.9,159.9,1.4214,7.9049,wheat
117.9,48.1,59.7,18.07,67.92,6.87,109.5,225.7,2.4511,12.2731,wheat
91.1,48.7,42.9,21.72,52.42,6.98,100.3,182.7,1.8706,11.3856,wheat
72.0,50.4,38.3,23.71,64.74,6.36,138.1,160.7,1.4286,15.3499,wheat
92.3,48.5,55.4,22.86,67.17,7.36,133.7,196.2,1.9031,15.3551,wheat
127.0,59.6,38.9,17.78,62.99,6.76,90.7,225.5,2.1309,11.1996,wheat
115.3,72.1,63.3,16.2,51.55,6.81,120.2,250.7,1.5992,8.3511,wheat
93.7,44.4,51.8,19.35,58.23,7.08,85.7,189.9,2.1104,11.2675,wheat
93.7,36.3,40.1,14.58,54.81,6.89,75.5,170.1,2.5813,7.9913,wheat
94.2,49.1,66.6,19.81,47.77,7.18,94.3,209.9,1.9185,9.4632,wheat
137.4,75.8,38.9,18.63,57.59,6.91,131.6,252.1,1.8127,10.729,wheat
106.9,42.0,52.4,17.83,45.57,6.56,133.8,201.3,2.5452,8.1251,wheat
107.7,66.4,48.0,15.01,64.5,6.94,122.8,222.1,1.622,9.6814,wheat
118.5,66.8,58.0,20.28,51.28,6.34,128.1,243.3,1.774,10.3996,wheat
104.3,44.5,60.6,17.67,56.61,6.84,122.9,209.4,2.3438,10.003,wheat
95.3,55.7,45.3,16.08,57.27,6.79,94.0,196.3,1.711,9.209,wheat
96.5,66.3,37.5,11.82,52.93,6.72,120.8,200.3,1.4555,6.2563,wheat
98.7,46.2,49.6,18.93,59.69,6.75,130.0,194.5,2.1364,11.2993,wheat
99.3,48.0,38.2,23.43,51.2,6.05,128.9,185.5,2.0687,11.9962,wheat
113.1,44.2,65.1,23.15,61.97,6.58,139.7,222.4,2.5588,14.3461,wheat
100.9,39.9,46.4,17.86,44.23,6.84,127.7,187.2,2.5288,7.8995,wheat
113.2,43.5,41.3,17.49,56.01,6.86,118.8,198.0,2.6023,9.7961,wheat
98.5,37.8,46.8,20.17,70.51,6.39,136.8,183.1,2.6058,14.2219,wheat
101.4,50.3,31.5,16.5,47.0,7.31,109.3,183.2,2.0159,7.755,wheat
64.0,42.3,35.3,19.75,49.58,6.45,88.0,141.6,1.513,9.792,wheat
116.5,52.3,57.0,20.92,59.11,7.19,105.9,225.8,2.2275,12.3658,wheat
106.2,34.4,38.4,22.07,56.44,6.97,91.4,179.0,3.0872,12.4563,wheat
118.0,53.3,34.5,18.75,57.81,6.54,93.1,205.8,2.2139,10.8394,wheat
47.9,58.3,50.4,18.49,58.91,7.51,106.4,156.6,0.8216,10.8925,wheat
137.6,30.1,56.9,16.81,60.08,6.32,90.2,224.6,4.5714,10.0994,wheat
97.5,53.7,52.2,16.93,63.88,7.17,102.3,203.4,1.8156,10.8149,wheat
119.9,62.3,55.0,18.43,58.28,7.2,62.7,237.2,1.9246,10.741,wheat
81.3,37.9,37.4,19.92,53.07,6.53,115.3,156.6,2.1451,10.5715,wheat
111.0,66.7,30.8,21.28,60.38,7.36,110.0,208.5,1.6642,12.8489,wheat
81.0,54.2,60.0,16.99,70.2,6.7,89.6,195.2,1.4945,11.927,wheat
88.8,42.9,41.8,22.73,53.94,6.92,126.5,173.5,2.0699,12.2606,wheat
134.5,49.4,42.5,18.32,47.2,6.9,133.4,226.4,2.7227,8.647,wheat
96.6,55.6,58.3,18.95,63.86,6.75,69.8,210.5,1.7374,12.1015,wheat
103.9,50.8,50.6,17.13,54.04,7.12,90.9,205.3,2.0453,9.2571,wheat
115.7,55.4,49.6,12.94,37.62,7.12,90.8,220.7,2.0884,4.868,wheat
108.9,40.8,66.7,21.21,61.78,6.1,86.5,216.4,2.6691,13.1035,wheat
102.7,51.7,38.6,20.84,50.72,7.32,130.7,193.0,1.9865,10.57,wheat
106.6,35.9,54.3,18.3,54.28,6.14,105.2,196.8,2.9694,9.9332,wheat
143.3,48.9,45.6,19.17,57.66,7.21,103.4,237.8,2.9305,11.0534,wheat
99.0,41.0,47.7,20.29,56.52,7.25,59.9,187.7,2.4146,11.4679,wheat
103.6,42.6,60.3,15.09,60.68,6.36,125.9,206.5,2.4319,9.1566,wheat
118.9,62.4,50.1,17.68,51.52,6.64,79.0,231.4,1.9054,9.1087,wheat
119.9,60.9,50.4,20.99,59.1,6.36,111.5,231.2,1.9688,12.4051,wheat
121.4,56.1,55.7,15.86,52.92,6.71,116.9,233.2,2.164,8.3931,wheat
111.5,39.1,41.4,19.73,60.91,6.68,144.0,192.0,2.8517,12.0175,wheat
79.4,46.8,36.6,15.61,59.92,7.11,77.3,162.8,1.6966,9.3535,wheat
129.4,62.1,34.6,20.17,47.52,7.32,34.5,226.1,2.0837,9.5848,wheat
79.4,51.4,25.3,18.91,63.69,7.36,114.6,156.1,1.5447,12.0438,wheat
105.4,73.2,65.6,14.96,50.71,6.58,155.0,244.2,1.4399,7.5862,wheat
86.4,53.9,34.0,21.91,61.46,6.72,141.0,174.3,1.603,13.4659,wheat
98.8,51.9,42.8,17.16,57.94,6.13,115.2,193.5,1.9037,9.9425,wheat
105.9,46.9,42.2,16.97,69.71,6.48,97.7,195.0,2.258,11.8298,wheat
105.8,51.3,48.1,19.5,53.21,7.19,130.2,205.2,2.0624,10.3759,wheat
107.6,48.5,53.2,21.87,52.21,7.45,85.7,209.3,2.2186,11.4183,wheat
129.0,57.1,53.6,16.46,54.84,6.31,121.9,239.7,2.2592,9.0267,wheat
108.2,59.6,39.2,19.15,52.57,6.56,122.6,207.0,1.8154,10.0672,wheat
95.6,42.1,43.3,20.07,61.4,6.79,136.5,181.0,2.2708,12.323,wheat
117.4,36.7,47.8,20.73,42.07,6.91,179.0,201.9,3.1989,8.7211,wheat
121.4,31.6,42.5,19.44,46.57,6.48,119.8,195.5,3.8418,9.0532,wheat
77.9,55.1,61.1,18.08,46.46,6.97,97.3,194.1,1.4138,8.4,wheat
110.8,39.0,49.9,16.93,62.6,6.61,109.4,199.7,2.841,10.5982,wheat
112.6,28.5,52.3,19.22,68.68,6.79,65.8,193.4,3.9509,13.2003,wheat
94.6,53.9,51.6,16.32,54.16,7.02,92.6,200.1,1.7551,8.8389,wheat
124.8,74.9,56.7,11.7,53.65,6.8,99.8,256.4,1.6662,6.277,wheat
97.3,49.9,46.8,20.09,55.56,6.63,96.9,194.0,1.9499,11.162,wheat
102.3,58.4,32.0,21.26,64.3,6.76,113.8,192.7,1.7517,13.6702,wheat
96.9,50.8,49.0,13.09,47.58,6.76,89.4,196.7,1.9075,6.2282,wheat
100.3,49.0,38.5,16.48,56.91,6.65,138.0,187.8,2.0469,9.3788,wheat
80.3,59.2,39.7,20.55,62.8,6.7,110.0,179.2,1.3564,12.9054,wheat
74.1,47.1,50.9,24.14,59.01,7.44,109.8,172.1,1.5732,14.245,wheat
128.7,52.7,57.4,19.05,56.52,7.02,101.8,238.8,2.4421,10.7671,wheat
84.8,53.2,45.2,17.18,63.01,6.68,113.9,183.2,1.594,10.8251,wheat
82.2,43.3,48.1,18.54,33.37,7.08,130.6,173.6,1.8984,6.1868,wheat
61.2,59.9,62.0,22.44,60.42,6.67,88.3,183.1,1.0217,13.5582,wheat
88.5,48.3,47.4,17.39,49.77,7.27,93.5,184.2,1.8323,8.655,wheat
76.2,42.4,71.0,17.0,40.35,6.95,102.4,189.6,1.7972,6.8595,wheat
129.6,55.4,50.7,17.79,59.09,6.76,76.4,235.7,2.3394,10.5121,wheat
118.2,41.0,27.4,16.62,65.99,6.98,89.5,186.6,2.8829,10.9675,wheat
87.6,50.3,52.5,19.31,53.9,6.17,98.1,190.4,1.7416,10.4081,wheat
140.5,49.9,48.8,23.06,62.62,6.35,131.9,239.2,2.8156,14.4402,wheat
117.7,60.9,57.9,19.81,67.9,6.32,116.6,236.5,1.9327,13.451,wheat
94.2,54.7,51.7,18.37,65.52,6.86,114.8,200.6,1.7221,12.036,wheat
55.0,49.7,43.6,18.27,68.12,7.49,131.3,148.3,1.1066,12.4455,wheat
141.2,58.2,32.8,15.09,60.94,7.69,106.6,232.2,2.4261,9.1958,wheat
75.0,63.9,42.9,21.21,55.6,7.06,119.8,181.8,1.1737,11.7928,wheat
70.4,55.6,36.5,18.81,42.18,7.0,107.4,162.5,1.2662,7.9341,wheat
118.4,50.1,39.2,18.55,53.03,6.08,116.6,207.7,2.3633,9.8371,wheat
143.9,36.9,50.9,26.98,48.25,6.58,95.4,231.7,3.8997,13.0179,wheat
124.9,39.3,61.7,19.75,72.37,6.48,49.0,225.9,3.1781,14.2931,wheat
110.2,46.9,48.9,17.12,53.59,6.55,106.6,206.0,2.3497,9.1746,wheat
110.7,43.9,33.0,17.93,55.99,6.73,145.6,187.6,2.5216,10.039,wheat
115.4,48.1,49.4,21.87,59.41,6.61,133.2,212.9,2.3992,12.993,wheat
113.7,50.6,57.0,19.28,55.35,6.01,134.1,221.3,2.247,10.6715,wheat
105.1,55.3,38.9,15.4,68.56,7.1,140.9,199.3,1.9005,10.5582,wheat
101.9,49.3,43.7,21.3,50.02,6.37,112.2,194.9,2.0669,10.6543,wheat
98.9,54.9,45.1,17.33,56.56,6.9,114.9,198.9,1.8015,9.8018,wheat
86.4,50.6,37.2,23.68,49.06,7.63,94.6,174.2,1.7075,11.6174,wheat
94.9,30.2,51.5,21.7,44.44,6.43,102.1,176.6,3.1424,9.6435,wheat
69.5,40.6,43.8,17.88,50.11,5.79,125.4,153.9,1.7118,8.9597,wheat
98.2,48.6,49.2,22.2,54.7,6.69,140.1,196.0,2.0206,12.1434,wheat
82.2,37.9,36.1,19.17,51.57,7.24,106.5,156.2,2.1689,9.886,wheat
80.1,56.0,40.6,21.13,49.46,7.58,98.7,176.7,1.4304,10.4509,wheat
103.2,65.3,52.2,20.21,43.75,6.31,110.0,220.7,1.5804,8.8419,wheat
125.1,62.2,41.3,16.88,54.34,7.0,125.0,228.6,2.0113,9.1726,wheat
116.5,47.9,62.3,17.39,42.96,6.61,73.9,226.7,2.4322,7.4707,wheat
71.7,64.9,41.0,21.57,61.08,6.76,52.6,177.6,1.1048,13.175,wheat
82.2,51.5,47.2,18.16,55.66,7.86,96.2,180.9,1.5961,10.1079,wheat
116.9,46.6,54.3,17.99,43.34,6.2,79.5,217.8,2.5086,7.7969,wheat
82.3,43.9,30.8,16.61,52.53,6.9,97.3,157.0,1.8747,8.7252,wheat
96.0,47.0,27.4,20.06,48.98,6.99,106.3,170.4,2.0426,9.8254,wheat
109.9,46.1,29.7,24.16,57.55,7.23,98.7,185.7,2.3839,13.9041,wheat
82.6,51.7,57.6,16.33,65.72,6.84,146.3,191.9,1.5977,10.7321,wheat
101.9,51.6,39.5,19.06,40.0,6.92,118.2,193.0,1.9748,7.624,wheat
76.0,50.0,70.6,22.53,55.92,6.64,117.5,196.6,1.52,12.5988,wheat
89.2,54.4,39.4,18.8,53.72,6.91,125.6,183.0,1.6397,10.0994,wheat
105.8,61.9,46.8,20.13,60.37,6.66,81.5,214.5,1.7092,12.1525,wheat
71.3,59.5,60.4,16.34,56.71,7.05,136.0,191.2,1.1983,9.2664,wheat
107.9,35.2,65.1,20.07,48.98,6.65,108.1,208.2,3.0653,9.8303,wheat
99.6,24.5,65.6,18.53,52.45,6.95,126.8,189.7,4.0653,9.719,wheat
109.9,59.3,57.1,21.46,48.63,6.79,83.2,226.3,1.8533,10.436,wheat
104.0,36.3,55.2,21.97,63.61,7.25,71.2,195.5,2.865,13.9751,wheat
124.6,47.8,50.9,25.47,55.17,6.78,130.4,223.3,2.6067,14.0518,wheat
96.0,46.7,34.2,19.24,68.09,6.28,82.8,176.9,2.0557,13.1005,maize
75.6,63.1,41.4,18.36,73.73,6.83,114.2,180.1,1.1981,13.5368,maize
76.1,33.5,35.6,29.61,81.1,6.06,127.6,145.2,2.2716,24.0137,maize
108.0,47.9,37.8,25.17,73.19,6.59,196.6,193.7,2.2547,18.4219,maize
71.0,35.5,53.4,21.4,66.99,6.99,156.7,159.9,2.0,14.3359,maize
116.3,51.6,50.7,25.6,73.36,6.29,99.9,218.6,2.2539,18.7802,maize
75.6,56.9,29.6,16.09,66.16,6.21,154.6,162.1,1.3286,10.6451,maize
100.2,43.8,46.6,24.01,65.19,6.41,93.6,190.6,2.2877,15.6521,maize
84.7,22.0,46.5,24.98,62.19,6.97,172.5,153.2,3.85,15.5351,maize
99.7,50.0,30.8,26.77,77.51,6.58,125.9,180.5,1.994,20.7494,maize
81.3,52.4,46.6,20.96,58.45,6.29,137.2,180.3,1.5515,12.2511,maize
87.4,52.0,52.3,24.26,77.26,6.69,179.8,191.7,1.6808,18.7433,maize
90.7,60.4,31.0,21.22,69.0,6.06,101.4,182.1,1.5017,14.6418,maize
74.0,37.3,32.7,24.77,53.81,6.77,98.1,144.0,1.9839,13.3287,maize
101.9,54.8,48.1,21.31,67.94,6.66,122.5,204.8,1.8595,14.478,maize
81.8,59.9,42.2,22.78,48.2,6.38,171.2,183.9,1.3656,10.98,maize
86.3,30.2,44.4,21.01,70.0,6.16,94.4,160.9,2.8576,14.707,maize
74.1,51.2,42.7,25.95,72.08,6.15,55.0,168.0,1.4473,18.7048,maize
49.0,43.0,43.1,26.58,60.26,6.71,126.5,135.1,1.1395,16.0171,maize
86.9,47.2,29.4,23.3,65.99,6.99,156.6,163.5,1.8411,15.3757,maize
128.6,51.5,48.4,24.11,80.63,6.25,176.0,228.5,2.4971,19.4399,maize
102.6,43.1,49.4,19.65,60.95,6.68,126.1,195.1,2.3805,11.9767,maize
89.7,41.2,38.2,23.1,56.53,5.67,127.7,169.1,2.1772,13.0584,maize
85.8,48.3,39.7,23.85,76.85,6.27,174.6,173.8,1.7764,18.3287,maize
90.4,37.1,27.8,31.86,80.7,6.49,83.9,155.3,2.4367,25.711,maize
98.8,37.1,44.1,20.66,65.03,6.14,128.3,180.0,2.6631,13.4352,maize
71.1,54.8,44.6,28.39,73.09,6.13,145.7,170.5,1.2974,20.7503,maize
107.8,36.5,39.5,26.99,75.73,6.23,153.5,183.8,2.9534,20.4395,maize
101.4,54.7,49.0,24.84,59.06,6.62,124.7,205.1,1.8537,14.6705,maize
101.5,52.6,37.3,29.28,61.12,6.43,141.0,191.4,1.9297,17.8959,maize
97.0,30.7,44.5,25.12,74.85,5.6,65.4,172.2,3.1596,18.8023,maize
90.3,41.2,31.8,25.17,78.48,5.65,120.3,163.3,2.1917,19.7534,maize
100.8,59.9,39.8,23.84,69.5,6.26,153.6,200.5,1.6828,16.5688,maize
99.5,38.2,38.6,27.67,57.96,6.68,110.5,176.3,2.6047,16.0375,maize
84.3,43.4,41.8,27.29,80.9,5.4,141.8,169.5,1.9424,22.0776,maize
80.8,52.6,37.0,22.12,60.75,6.3,153.4,170.4,1.5361,13.4379,maize
91.6,55.8,38.9,20.04,62.32,6.29,129.7,186.3,1.6416,12.4889,maize
114.8,45.5,46.6,23.39,67.74,7.06,145.1,206.9,2.5231,15.8444,maize
70.2,42.0,36.5,21.6,77.43,6.35,111.1,148.7,1.6714,16.7249,maize
66.5,62.2,27.1,23.81,71.83,6.65,133.8,155.8,1.0691,17.1027,maize
92.6,65.4,54.0,27.71,68.32,6.56,158.3,212.0,1.4159,18.9315,maize
90.8,57.8,51.1,22.63,68.71,5.65,144.7,199.7,1.5709,15.5491,maize
92.8,48.9,29.7,23.87,65.35,6.81,122.4,171.4,1.8978,15.599,maize
93.9,39.9,45.5,24.17,69.47,6.59,146.7,179.3,2.3534,16.7909,maize
86.4,39.7,36.0,26.55,44.76,6.7,161.4,162.1,2.1763,11.8838,maize
113.8,53.2,42.1,17.26,62.63,8.07,78.5,209.1,2.1391,10.8099,maize
64.4,52.2,42.4,22.18,66.93,5.67,174.8,159.0,1.2337,14.8451,maize
76.7,62.0,38.1,24.63,55.79,7.19,129.9,176.8,1.2371,13.7411,maize
88.3,54.5,33.7,27.6,68.09,6.39,152.8,176.5,1.6202,18.7928,maize
63.7,33.0,34.5,22.52,63.36,6.61,175.9,131.2,1.9303,14.2687,maize
87.2,58.5,32.7,18.37,79.04,6.48,98.8,178.4,1.4906,14.5196,maize
116.6,38.0,33.3,25.86,77.58,6.33,118.7,187.9,3.0684,20.0622,maize
90.3,44.2,39.5,22.09,61.27,6.27,131.3,174.0,2.043,13.5345,maize
93.7,50.5,34.3,20.43,63.79,6.63,116.5,178.5,1.8554,13.0323,maize
69.8,68.0,45.5,22.13,64.41,5.89,192.0,183.3,1.0265,14.2539,maize
80.1,79.1,51.9,23.45,61.39,6.8,114.3,211.1,1.0126,14.396,maize
84.0,54.1,35.4,22.19,66.56,6.33,123.3,173.5,1.5527,14.7697,maize
84.9,46.2,41.9,17.38,58.93,6.05,146.1,173.0,1.8377,10.242,maize
110.5,53.3,44.0,26.69,55.96,6.32,103.9,207.8,2.0732,14.9357,maize
98.9,56.9,43.8,27.82,69.98,7.0,128.1,199.6,1.7381,19.4684,maize
72.2,44.8,40.6,25.95,70.04,6.29,149.5,157.6,1.6116,18.1754,maize
93.9,66.0,45.9,20.59,58.57,6.64,130.0,205.8,1.4227,12.0596,maize
98.0,50.3,43.9,23.4,72.16,6.21,137.2,192.2,1.9483,16.8854,maize
108.2,53.0,30.1,23.98,59.95,6.8,124.1,191.3,2.0415,14.376,maize
115.3,54.7,47.0,25.8,67.03,6.77,94.6,217.0,2.1079,17.2937,maize
73.8,52.2,47.1,26.01,71.56,7.24,149.6,173.1,1.4138,18.6128,maize
77.0,56.4,33.9,21.8,64.73,6.43,192.6,167.3,1.3652,14.1111,maize
69.9,41.8,40.3,24.25,68.64,6.77,140.6,152.0,1.6722,16.6452,maize
86.3,42.4,45.5,25.37,60.87,6.54,146.8,174.2,2.0354,15.4427,maize
97.5,37.0,38.3,28.37,63.43,7.02,160.8,172.8,2.6351,17.9951,maize
105.8,52.4,48.6,26.11,63.35,6.21,101.9,206.8,2.0191,16.5407,maize
88.8,55.8,58.9,26.37,59.03,6.8,191.1,203.5,1.5914,15.5662,maize
84.9,52.6,33.7,24.25,63.59,6.42,146.1,171.2,1.6141,15.4206,maize
92.4,64.7,29.0,28.23,52.61,6.47,189.0,186.1,1.4281,14.8518,maize
76.6,47.9,42.4,25.23,61.07,6.54,118.0,166.9,1.5992,15.408,maize
123.4,54.7,45.8,21.42,62.72,6.6,194.5,223.9,2.2559,13.4346,maize
64.3,37.1,38.2,28.21,62.95,6.45,163.3,139.6,1.7332,17.7582,maize
93.0,44.1,51.6,26.09,63.07,6.59,156.6,188.7,2.1088,16.455,maize
122.4,55.0,29.3,22.67,64.51,7.13,147.0,206.7,2.2255,14.6244,maize
90.1,56.5,45.5,22.56,68.84,6.89,132.5,192.1,1.5947,15.5303,maize
87.0,45.1,35.2,24.89,72.0,6.85,176.0,167.3,1.929,17.9208,maize
84.3,47.3,53.8,25.39,59.8,6.32,144.2,185.4,1.7822,15.1832,maize
87.1,32.8,55.9,24.59,55.37,6.14,81.0,175.8,2.6555,13.6155,maize
112.0,44.4,33.9,24.93,56.66,6.88,106.5,190.3,2.5225,14.1253,maize
54.6,56.9,35.6,29.1,61.1,6.85,134.4,147.1,0.9596,17.7801,maize
114.5,53.8,46.9,27.21,62.18,7.09,149.3,215.2,2.1283,16.9192,maize
67.2,53.0,36.9,24.57,58.84,6.26,138.3,157.1,1.2679,14.457,maize
85.7,48.5,39.6,26.82,54.63,6.41,176.6,173.8,1.767,14.6518,maize
83.1,48.1,40.2,20.9,61.35,5.84,81.5,171.4,1.7277,12.8221,maize
99.4,41.4,24.6,25.19,66.45,6.34,144.3,165.4,2.401,16.7388,maize
64.4,55.0,39.9,29.43,69.76,6.9,85.5,159.3,1.1709,20.5304,maize
97.4,52.2,34.5,23.35,60.54,6.31,162.8,184.1,1.8659,14.1361,maize
122.4,52.9,36.1,21.46,61.7,6.76,137.2,211.4,2.3138,13.2408,maize
68.2,42.7,51.5,22.04,57.59,6.42,152.6,162.4,1.5972,12.6928,maize
93.0,26.5,29.9,20.73,64.75,6.63,114.1,149.4,3.5094,13.4227,maize
79.4,59.0,46.5,21.65,58.21,6.04,178.4,184.9,1.3458,12.6025,maize
96.8,43.2,37.8,22.89,69.59,6.53,171.3,177.8,2.2407,15.9292,maize
90.3,39.4,37.8,19.78,50.71,5.3,157.5,167.5,2.2919,10.0304,maize
79.7,54.9,46.3,24.05,62.12,6.43,136.1,180.9,1.4517,14.9399,maize
97.8,44.1,42.7,26.71,67.41,5.85,157.4,184.6,2.2177,18.0052,maize
118.9,58.6,44.6,21.28,66.47,6.98,118.8,222.1,2.029,14.1448,maize
86.9,54.2,47.7,28.56,86.54,6.81,165.7,188.8,1.6033,24.7158,maize
101.5,54.8,37.3,25.53,67.8,6.69,189.5,193.6,1.8522,17.3093,maize
69.3,34.3,35.1,27.09,56.97,7.11,172.1,138.7,2.0204,15.4332,maize
74.7,60.1,31.3,22.03,64.24,6.12,118.1,166.1,1.2429,14.1521,maize
97.6,50.6,33.4,26.56,50.79,7.2,150.8,181.6,1.9289,13.4898,maize
113.7,44.3,63.6,20.72,64.36,6.87,101.2,221.6,2.5666,13.3354,maize
95.7,49.4,50.0,26.67,58.34,6.41,157.2,195.1,1.9372,15.5593,maize
85.0,30.2,29.2,24.52,72.32,6.95,153.5,144.4,2.8146,17.7329,maize
90.0,52.1,29.4,25.66,60.6,6.06,83.9,171.5,1.7274,15.55,maize
70.0,37.7,43.9,20.47,64.07,6.17,105.1,151.6,1.8568,13.1151,maize
99.7,34.5,44.4,21.31,59.92,6.26,131.5,178.6,2.8899,12.769,maize
104.1,32.8,44.4,25.79,78.91,6.29,131.0,181.3,3.1738,20.3509,maize
82.8,59.1,38.0,21.15,62.43,6.08,103.7,179.9,1.401,13.2039,maize
82.5,41.7,39.0,25.39,79.66,6.99,151.7,163.2,1.9784,20.2257,maize
94.3,63.3,42.6,19.9,71.51,6.4,147.5,200.2,1.4897,14.2305,maize
83.0,42.6,40.7,26.54,68.86,6.64,134.2,166.3,1.9484,18.2754,maize
88.9,30.9,22.2,20.3,67.95,6.27,117.3,142.0,2.877,13.7939,maize
123.6,36.8,38.2,25.66,68.15,5.77,171.5,198.6,3.3587,17.4873,maize
86.0,60.4,33.2,25.88,49.58,6.61,189.7,179.6,1.4238,12.8313,maize
84.3,46.4,41.4,21.91,62.77,5.74,125.5,172.1,1.8168,13.7529,maize
79.6,42.5,63.9,25.75,71.76,6.47,121.6,186.0,1.8729,18.4782,maize
101.9,49.6,42.9,24.78,64.61,5.95,154.7,194.4,2.0544,16.0104,maize
87.1,53.0,37.5,22.38,53.76,7.29,129.3,177.6,1.6434,12.0315,maize
79.6,59.2,47.4,20.97,64.58,6.86,135.8,186.2,1.3446,13.5424,maize
111.1,62.5,43.9,18.11,78.63,6.54,162.2,217.5,1.7776,14.2399,maize
112.7,44.4,43.4,25.05,74.98,7.01,82.7,200.5,2.5383,18.7825,maize
80.4,34.7,44.9,19.31,64.5,6.16,179.5,160.0,2.317,12.4549,maize
60.1,43.9,56.5,24.29,72.61,6.72,142.2,160.5,1.369,17.637,maize
106.1,50.6,31.0,23.21,62.07,6.58,127.7,187.7,2.0968,14.4064,maize
79.0,38.4,43.8,26.04,51.37,6.61,137.3,161.2,2.0573,13.3767,maize
102.7,38.4,32.6,23.09,57.6,7.01,138.9,173.7,2.6745,13.2998,maize
58.5,51.4,44.4,23.01,77.5,6.79,88.1,154.3,1.1381,17.8328,maize
104.3,47.5,32.7,26.2,62.81,6.62,184.8,184.5,2.1958,16.4562,maize
70.6,48.3,36.7,25.01,63.05,5.84,141.2,155.6,1.4617,15.7688,maize
101.7,40.4,37.6,24.95,62.6,6.12,153.3,179.7,2.5173,15.6187,maize
90.2,45.7,47.8,25.41,80.23,6.45,168.5,183.7,1.9737,20.3864,maize
74.7,38.8,47.3,19.39,78.01,6.54,109.4,160.8,1.9253,15.1261,maize
83.5,56.9,30.0,26.27,82.75,6.05,154.2,170.4,1.4675,21.7384,maize
101.0,58.4,40.4,25.84,63.73,7.46,132.0,199.8,1.7295,16.4678,maize
91.7,29.5,34.3,20.95,67.36,7.11,165.4,155.5,3.1085,14.1119,maize
99.4,38.7,29.9,23.27,52.87,6.74,76.2,168.0,2.5685,12.3028,maize
121.6,33.0,38.3,23.88,76.82,6.53,137.0,192.9,3.6848,18.3446,maize
65.0,41.5,37.5,23.6,55.66,6.42,121.9,144.0,1.5663,13.1358,maize
115.9,47.2,59.4,25.0,66.73,6.12,153.0,222.5,2.4555,16.6825,maize
91.7,33.5,43.5,28.29,56.22,6.53,154.1,168.7,2.7373,15.9046,maize
75.6,38.8,29.0,27.25,60.29,6.6,118.8,143.4,1.9485,16.429,maize
68.7,38.0,35.5,20.06,58.3,6.0,118.6,142.2,1.8079,11.695,maize
87.0,50.1,48.2,25.87,60.14,6.63,136.7,185.3,1.7365,15.5582,maize
104.7,48.7,56.7,27.99,60.69,6.44,113.1,210.1,2.1499,16.9871,maize
70.1,37.7,26.2,25.12,49.14,6.52,91.5,134.0,1.8594,12.344,sorghum
55.6,27.5,20.0,25.48,58.29,6.73,114.5,103.1,2.0218,14.8523,sorghum
25.1,36.7,29.0,35.17,67.53,7.63,121.5,90.8,0.6839,23.7503,sorghum
55.5,26.8,25.5,28.0,50.52,6.33,114.9,107.8,2.0709,14.1456,sorghum
47.5,43.8,6.6,30.74,48.08,7.61,84.5,97.9,1.0845,14.7798,sorghum
40.4,43.5,46.4,25.23,35.31,6.64,115.2,130.3,0.9287,8.9087,sorghum
45.2,39.3,38.7,25.27,56.03,7.46,146.6,123.2,1.1501,14.1588,sorghum
61.3,37.9,27.0,31.79,75.42,6.1,121.2,126.2,1.6174,23.976,sorghum
75.9,49.1,30.2,23.28,57.77,7.09,134.0,155.2,1.5458,13.4489,sorghum
63.8,35.0,20.6,26.55,54.78,6.43,104.1,119.4,1.8229,14.5441,sorghum
52.7,25.5,43.6,28.12,58.22,6.09,128.7,121.8,2.0667,16.3715,sorghum
65.5,38.6,45.2,28.39,54.89,6.91,117.0,149.3,1.6969,15.5833,sorghum
54.5,51.7,31.3,27.37,46.87,7.3,86.2,137.5,1.0542,12.8283,sorghum
51.7,26.9,38.2,29.39,63.23,6.38,118.0,116.8,1.9219,18.5833,sorghum
46.1,32.1,31.4,30.42,57.26,6.05,85.2,109.6,1.4361,17.4185,sorghum
39.0,38.3,19.3,30.57,55.18,6.75,94.2,96.6,1.0183,16.8685,sorghum
55.3,34.6,26.7,24.55,45.25,6.76,114.7,116.6,1.5983,11.1089,sorghum
61.9,27.1,31.1,27.01,68.04,7.07,117.4,120.1,2.2841,18.3776,sorghum
58.8,44.0,26.4,32.18,61.65,7.27,80.3,129.2,1.3364,19.839,sorghum
55.0,53.6,28.3,31.13,49.47,6.77,136.3,136.9,1.0261,15.4,sorghum
48.7,36.6,29.3,23.19,65.02,7.73,124.3,114.6,1.3306,15.0781,sorghum
67.3,27.8,29.4,29.23,50.02,6.91,92.4,124.5,2.4209,14.6208,sorghum
44.2,22.6,30.4,21.08,47.18,6.63,71.6,97.2,1.9558,9.9455,sorghum
69.3,37.1,21.5,28.16,47.4,5.99,106.4,127.9,1.8679,13.3478,sorghum
48.0,43.8,24.3,34.64,37.29,6.67,98.9,116.1,1.0959,12.9173,sorghum
51.0,38.8,19.7,24.68,59.72,6.63,112.8,109.5,1.3144,14.7389,sorghum
42.4,35.0,37.8,25.08,36.69,7.28,100.9,115.2,1.2114,9.2019,sorghum
54.0,30.3,13.2,30.67,42.72,7.03,59.8,97.5,1.7822,13.1022,sorghum
71.7,26.3,39.2,22.6,34.24,6.21,100.3,137.2,2.7262,7.7382,sorghum
66.2,41.7,41.1,25.79,54.14,6.89,102.4,149.0,1.5875,13.9627,sorghum
71.7,42.3,27.6,30.09,53.5,7.14,125.8,141.6,1.695,16.0982,sorghum
66.3,22.6,9.2,25.78,51.73,7.56,92.5,98.1,2.9336,13.336,sorghum
46.8,47.7,27.1,27.17,44.57,7.24,152.0,121.6,0.9811,12.1097,sorghum
56.0,39.6,29.5,30.6,43.28,7.18,62.2,125.1,1.4141,13.2437,sorghum
50.6,46.2,21.9,29.48,59.64,6.83,142.8,118.7,1.0952,17.5819,sorghum
76.0,24.3,25.9,28.93,49.49,6.99,104.4,126.2,3.1276,14.3175,sorghum
45.6,24.1,42.2,26.81,58.16,7.42,131.5,111.9,1.8921,15.5927,sorghum
70.7,33.8,35.3,29.3,46.15,6.13,112.0,139.8,2.0917,13.5219,sorghum
70.7,39.0,22.6,27.57,56.81,6.63,138.5,132.3,1.8128,15.6625,sorghum
82.0,49.4,17.2,29.6,68.03,6.41,100.3,148.6,1.6599,20.1369,sorghum
55.1,40.6,27.4,26.26,60.86,6.99,82.5,123.1,1.3571,15.9818,sorghum
68.5,33.1,28.3,27.36,50.88,7.42,145.5,129.9,2.0695,13.9208,sorghum
87.4,26.8,34.0,24.54,57.57,6.5,107.2,148.2,3.2612,14.1277,sorghum
52.6,44.8,25.7,27.88,52.59,5.6,115.5,123.1,1.1741,14.6621,sorghum
41.6,27.3,34.1,25.16,55.08,6.59,140.9,103.0,1.5238,13.8581,sorghum
37.4,48.0,45.5,24.1,51.74,7.26,84.2,130.9,0.7792,12.4693,sorghum
68.6,32.7,36.5,28.91,53.36,7.07,124.9,137.8,2.0979,15.4264,sorghum
37.4,47.7,29.6,28.74,57.12,7.01,95.3,114.7,0.7841,16.4163,sorghum
55.5,40.4,28.5,30.74,45.07,6.66,106.7,124.4,1.3738,13.8545,sorghum
65.2,33.9,27.1,26.49,44.84,6.16,111.8,126.2,1.9233,11.8781,sorghum
62.2,30.8,39.4,29.43,41.11,7.06,72.5,132.4,2.0195,12.0987,sorghum
65.1,32.3,25.0,29.93,39.0,6.38,90.5,122.4,2.0155,11.6727,sorghum
62.7,38.4,30.4,29.56,42.83,7.89,143.8,131.5,1.6328,12.6605,sorghum
75.3,35.6,30.4,25.11,56.59,7.09,132.2,141.3,2.1152,14.2097,sorghum
48.6,30.2,26.0,28.52,46.07,6.51,108.4,104.8,1.6093,13.1392,sorghum
51.9,33.7,19.0,29.27,60.14,6.49,116.1,104.6,1.5401,17.603,sorghum
50.7,35.6,32.6,28.03,55.35,6.75,102.6,118.9,1.4242,15.5146,sorghum
70.0,18.0,29.5,20.7,35.31,6.68,143.9,117.5,3.8889,7.3092,sorghum
70.8,38.7,34.0,28.56,61.55,7.36,105.0,143.5,1.8295,17.5787,sorghum
65.4,27.2,25.7,35.74,63.11,6.89,115.8,118.3,2.4044,22.5555,sorghum
74.2,25.8,39.8,26.74,45.06,6.43,138.7,139.8,2.876,12.049,sorghum
45.9,21.5,23.0,25.45,59.2,7.75,90.6,90.4,2.1349,15.0664,sorghum
80.0,20.6,43.7,29.31,46.44,6.82,149.0,144.3,3.8835,13.6116,sorghum
78.3,24.2,16.0,29.09,55.98,7.18,71.7,118.5,3.2355,16.2846,sorghum
68.8,29.3,33.5,32.17,42.36,6.5,150.7,131.6,2.3481,13.6272,sorghum
81.4,50.6,33.8,23.6,37.07,6.98,100.7,165.8,1.6087,8.7485,sorghum
40.1,30.8,23.6,30.56,51.17,6.96,103.9,94.5,1.3019,15.6376,sorghum
53.7,36.4,33.4,30.07,53.76,5.86,62.7,123.5,1.4753,16.1656,sorghum
51.2,38.2,40.2,27.5,51.02,7.81,98.6,129.6,1.3403,14.0305,sorghum
68.7,36.0,12.3,29.19,43.16,7.45,84.0,117.0,1.9083,12.5984,sorghum
47.4,34.4,34.0,31.6,51.0,6.6,94.8,115.8,1.3779,16.116,sorghum
69.1,25.4,10.1,31.05,57.69,6.25,106.6,104.6,2.7205,17.9127,sorghum
76.4,46.6,22.3,24.0,54.55,6.97,133.9,145.3,1.6395,13.092,sorghum
68.3,49.5,43.0,30.87,56.83,6.84,115.2,160.8,1.3798,17.5434,sorghum
63.4,21.5,25.3,27.77,48.3,6.98,117.7,110.2,2.9488,13.4129,sorghum
48.1,26.8,20.6,28.26,66.72,6.9,82.6,95.5,1.7948,18.8551,sorghum
49.8,32.8,28.4,28.26,43.24,7.05,88.0,111.0,1.5183,12.2196,sorghum
75.0,27.3,46.5,27.47,59.88,7.52,155.0,148.8,2.7473,16.449,sorghum
69.4,39.0,15.3,32.17,66.82,7.08,91.6,123.7,1.7795,21.496,sorghum
59.5,29.2,21.6,27.71,59.81,6.28,151.4,110.3,2.0377,16.5734,sorghum
55.0,52.3,42.0,24.08,52.97,7.48,103.9,149.3,1.0516,12.7552,sorghum
35.7,44.5,44.9,26.62,49.72,7.62,110.1,125.1,0.8022,13.2355,sorghum
47.1,36.7,29.2,28.63,65.36,8.38,136.8,113.0,1.2834,18.7126,sorghum
82.9,43.2,20.1,32.3,40.77,6.24,141.8,146.2,1.919,13.1687,sorghum
44.6,43.8,46.8,30.11,45.3,6.92,107.2,135.2,1.0183,13.6398,sorghum
62.3,30.5,42.8,25.02,51.02,5.76,100.3,135.6,2.0426,12.7652,sorghum
72.1,28.5,35.4,36.7,67.38,7.08,108.6,136.0,2.5298,24.7285,sorghum
44.9,35.6,23.5,28.93,58.8,6.53,118.4,104.0,1.2612,17.0108,sorghum
62.2,41.9,29.6,32.46,45.32,7.76,132.3,133.7,1.4845,14.7109,sorghum
71.3,36.1,28.7,27.47,51.9,6.41,110.1,136.1,1.9751,14.2569,sorghum
60.1,22.4,32.6,29.87,48.86,5.96,125.5,115.1,2.683,14.5945,sorghum
94.4,28.6,41.6,30.94,47.9,6.56,151.0,164.6,3.3007,14.8203,sorghum
40.0,34.4,37.0,32.26,64.79,5.81,119.5,111.4,1.1628,20.9013,sorghum
72.7,34.4,21.4,31.7,41.28,7.18,117.8,128.5,2.1134,13.0858,sorghum
57.9,50.8,41.0,31.05,71.09,5.77,72.0,149.7,1.1398,22.0734,sorghum
69.3,23.9,32.5,26.9,63.28,6.81,44.2,125.7,2.8996,17.0223,sorghum
65.3,39.0,35.5,26.0,65.91,5.76,119.7,139.8,1.6744,17.1366,sorghum
51.2,46.9,41.7,29.16,50.37,6.64,107.6,139.8,1.0917,14.6879,sorghum
62.7,53.2,21.1,31.27,53.5,7.62,97.1,137.0,1.1786,16.7294,sorghum
37.7,31.8,29.7,27.22,40.67,6.98,116.1,99.2,1.1855,11.0704,sorghum
67.2,38.9,25.7,31.73,49.75,6.37,108.5,131.8,1.7275,15.7857,sorghum
63.6,39.6,17.5,33.08,59.94,6.78,138.2,120.7,1.6061,19.8282,sorghum
67.7,36.6,32.8,24.79,67.96,6.81,112.2,137.1,1.8497,16.8473,sorghum
72.7,34.2,50.1,25.07,43.93,7.04,91.3,157.0,2.1257,11.0133,sorghum
64.4,38.5,15.3,27.51,51.34,6.12,134.8,118.2,1.6727,14.1236,sorghum
61.8,14.7,29.7,29.08,53.49,7.1,104.6,106.2,4.2041,15.5549,sorghum
49.4,40.5,35.1,26.16,41.04,5.45,123.2,125.0,1.2198,10.7361,sorghum
51.5,36.0,31.0,32.73,60.91,6.49,98.1,118.5,1.4306,19.9358,sorghum
74.2,33.2,29.1,29.48,47.76,6.56,93.8,136.5,2.2349,14.0796,sorghum
77.2,51.4,19.6,28.14,53.05,7.12,112.1,148.2,1.5019,14.9283,sorghum
57.1,29.6,31.9,22.97,50.48,6.81,110.3,118.6,1.9291,11.5953,sorghum
60.6,31.8,23.9,23.39,47.11,6.1,122.0,116.3,1.9057,11.019,sorghum
49.1,50.9,12.5,28.98,54.93,6.31,103.3,112.5,0.9646,15.9187,sorghum
74.1,28.3,39.6,20.54,52.84,6.9,64.1,142.0,2.6184,10.8533,sorghum
68.0,30.6,37.7,31.54,51.28,6.76,99.2,136.3,2.2222,16.1737,sorghum
83.3,33.8,30.4,27.45,47.72,6.51,129.8,147.5,2.4645,13.0991,sorghum
49.5,41.7,31.8,39.35,58.2,6.56,102.6,123.0,1.1871,22.9017,sorghum
55.5,36.7,38.6,36.08,71.54,7.15,103.8,130.8,1.5123,25.8116,sorghum
62.8,24.7,31.8,27.36,56.4,6.54,134.7,119.3,2.5425,15.431,sorghum
67.8,30.7,37.2,27.63,64.96,6.76,92.2,135.7,2.2085,17.9484,sorghum
57.4,30.1,27.6,31.48,41.1,7.88,71.4,115.1,1.907,12.9383,sorghum
49.5,34.4,40.5,33.96,56.58,6.09,106.0,124.4,1.439,19.2146,sorghum
70.6,38.4,32.6,22.27,44.03,5.87,97.9,141.6,1.8385,9.8055,sorghum
68.7,38.3,31.6,21.75,40.23,7.19,85.8,138.6,1.7937,8.75,sorghum
49.0,20.8,19.8,25.82,47.61,6.46,105.6,89.6,2.3558,12.2929,sorghum
76.3,43.5,32.3,30.04,66.92,6.64,122.3,152.1,1.754,20.1028,sorghum
74.0,37.0,23.3,29.74,64.5,6.41,109.8,134.3,2.0,19.1823,sorghum
61.6,46.1,24.9,31.74,57.43,6.67,117.7,132.6,1.3362,18.2283,sorghum
61.0,38.6,23.5,23.8,39.67,7.6,155.3,123.1,1.5803,9.4415,sorghum
66.6,43.8,21.5,19.89,53.04,7.2,101.4,131.9,1.5205,10.5497,sorghum
49.7,38.7,47.0,31.0,58.02,7.23,117.0,135.4,1.2842,17.9862,sorghum
60.4,45.8,40.7,25.1,56.76,6.09,97.3,146.9,1.3188,14.2468,sorghum
34.2,39.2,45.4,20.94,36.56,6.22,88.8,118.8,0.8724,7.6557,sorghum
70.5,34.2,20.2,28.51,46.1,5.38,95.4,124.9,2.0614,13.1431,sorghum
41.3,53.2,30.6,30.78,54.36,6.4,98.0,125.1,0.7763,16.732,sorghum
78.0,42.1,19.7,27.57,60.36,7.28,119.0,139.8,1.8527,16.6413,sorghum
56.0,39.6,24.4,26.4,33.04,7.06,168.7,120.0,1.4141,8.7226,sorghum
57.5,24.8,22.7,27.44,53.38,6.69,92.1,105.0,2.3185,14.6475,sorghum
52.5,24.7,39.9,26.7,56.43,6.79,99.6,117.1,2.1255,15.0668,sorghum
56.5,37.3,26.8,23.28,63.5,6.46,108.4,120.6,1.5147,14.7828,sorghum
77.0,36.2,38.5,25.5,61.93,6.9,119.9,151.7,2.1271,15.7921,sorghum
30.1,30.1,34.8,29.82,60.83,7.18,116.6,95.0,1.0,18.1395,sorghum
75.3,36.1,48.4,29.13,47.0,5.99,142.1,159.8,2.0859,13.6911,sorghum
64.1,47.7,18.2,28.59,35.92,6.95,49.3,130.0,1.3438,10.2695,sorghum
45.5,40.6,40.1,24.52,51.07,7.27,50.3,126.2,1.1207,12.5224,sorghum
47.1,25.9,39.2,27.36,65.02,6.59,97.6,112.2,1.8185,17.7895,sorghum
80.1,34.1,22.2,20.38,68.93,7.15,137.4,136.4,2.349,14.0479,sorghum
48.7,28.6,38.1,28.62,62.11,8.21,70.9,115.4,1.7028,17.7759,sorghum
46.2,31.9,32.7,33.0,59.29,6.75,34.8,110.8,1.4483,19.5657,sorghum
73.6,31.7,28.2,22.84,58.8,7.0,124.3,133.5,2.3218,13.4299,sorghum
52.9,12.8,19.2,29.01,50.07,7.34,105.6,84.9,4.1328,14.5253,pearl_millet
36.9,25.3,16.9,32.51,44.43,7.95,95.0,79.1,1.4585,14.4442,pearl_millet
38.2,23.5,15.5,30.18,31.05,7.67,90.0,77.2,1.6255,9.3709,pearl_millet
38.4,15.0,27.5,32.49,37.92,7.78,86.6,80.9,2.56,12.3202,pearl_millet
51.3,27.4,23.7,32.81,42.37,7.4,93.0,102.4,1.8723,13.9016,pearl_millet
42.5,29.3,27.3,38.62,29.04,6.37,89.0,99.1,1.4505,11.2152,pearl_millet
55.9,26.4,29.1,28.74,37.61,7.08,64.4,111.4,2.1174,10.8091,pearl_millet
15.7,23.1,26.6,26.24,51.52,7.84,85.9,65.4,0.6797,13.5188,pearl_millet
39.7,28.5,28.9,30.98,59.27,7.17,63.5,97.1,1.393,18.3618,pearl_millet
36.5,29.1,24.6,26.79,40.81,7.5,86.6,90.2,1.2543,10.933,pearl_millet
46.9,26.8,17.9,35.93,52.56,7.01,75.4,91.6,1.75,18.8848,pearl_millet
43.5,20.1,31.3,28.87,25.86,6.58,135.8,94.9,2.1642,7.4658,pearl_millet
59.6,26.7,21.5,27.74,51.59,7.13,84.2,107.8,2.2322,14.3111,pearl_millet
27.7,32.2,19.4,28.11,36.96,7.39,56.9,79.3,0.8602,10.3895,pearl_millet
50.5,21.4,23.9,32.87,48.07,6.81,82.3,95.8,2.3598,15.8006,pearl_millet
56.7,37.6,19.5,29.37,42.52,7.06,95.4,113.8,1.508,12.4881,pearl_millet
72.3,21.8,22.5,27.43,58.2,6.64,118.5,116.6,3.3165,15.9643,pearl_millet
44.2,25.2,27.1,36.66,36.26,7.87,73.2,96.5,1.754,13.2929,pearl_millet
53.9,21.0,27.1,26.58,51.28,7.02,53.4,102.0,2.5667,13.6302,pearl_millet
28.4,26.3,19.6,30.14,42.2,8.07,101.3,74.3,1.0798,12.7191,pearl_millet
21.3,14.5,22.1,32.61,43.42,8.12,57.4,57.9,1.469,14.1593,pearl_millet
60.1,21.7,31.4,23.47,43.16,7.15,76.3,113.2,2.7696,10.1297,pearl_millet
49.9,18.4,28.0,31.92,36.54,6.59,79.8,96.3,2.712,11.6636,pearl_millet
64.1,25.8,37.5,25.78,44.86,5.95,83.6,127.4,2.4845,11.5649,pearl_millet
33.5,31.0,32.1,33.29,44.37,6.32,98.8,96.6,1.0806,14.7708,pearl_millet
56.2,28.9,31.9,26.15,47.41,6.38,71.3,117.0,1.9446,12.3977,pearl_millet
72.4,10.8,16.7,32.77,45.85,8.03,79.5,99.9,6.7037,15.025,pearl_millet
55.0,37.3,29.6,34.42,52.98,7.27,84.7,121.9,1.4745,18.2357,pearl_millet
53.3,26.8,24.7,33.45,54.24,7.43,88.0,104.8,1.9888,18.1433,pearl_millet
50.1,20.3,21.7,31.01,34.49,5.87,87.0,92.1,2.468,10.6953,pearl_millet
31.1,25.9,26.0,29.07,53.69,6.48,93.7,83.0,1.2008,15.6077,pearl_millet
66.3,26.1,30.7,27.69,33.14,7.73,101.9,123.1,2.5402,9.1765,pearl_millet
42.7,21.0,28.0,35.88,50.88,7.37,92.9,91.7,2.0333,18.2557,pearl_millet
56.1,26.2,19.7,27.2,51.2,7.11,94.1,102.0,2.1412,13.9264,pearl_millet
31.2,21.4,29.5,25.85,25.89,7.54,53.4,82.1,1.4579,6.6926,pearl_millet
35.8,22.6,21.2,32.66,45.93,8.18,86.0,79.6,1.5841,15.0007,pearl_millet
67.2,20.9,26.3,26.82,40.32,7.07,94.6,114.4,3.2153,10.8138,pearl_millet
45.8,16.4,23.2,26.2,37.41,7.24,99.6,85.4,2.7927,9.8014,pearl_millet
67.4,25.9,23.7,24.23,58.51,7.32,71.2,117.0,2.6023,14.177,pearl_millet
49.1,28.5,29.6,28.07,38.46,8.64,71.8,107.2,1.7228,10.7957,pearl_millet
27.9,28.1,18.8,29.67,36.94,5.94,73.5,74.8,0.9929,10.9601,pearl_millet
60.7,29.9,36.7,30.97,45.76,7.61,95.7,127.3,2.0301,14.1719,pearl_millet
42.9,26.9,14.1,33.81,51.86,7.13,105.7,83.9,1.5948,17.5339,pearl_millet
58.4,21.8,21.4,32.11,43.58,7.54,76.9,101.6,2.6789,13.9935,pearl_millet
50.3,30.0,27.2,29.24,56.66,6.81,103.2,107.5,1.6767,16.5674,pearl_millet
31.5,16.9,28.5,29.21,50.31,7.17,87.5,76.9,1.8639,14.6956,pearl_millet
52.0,19.6,24.4,32.04,23.22,7.63,82.5,96.0,2.6531,7.4397,pearl_millet
76.4,19.2,24.7,35.09,39.71,9.0,80.8,120.3,3.9792,13.9342,pearl_millet
55.9,31.5,27.5,30.51,39.38,7.68,99.9,114.9,1.7746,12.0148,pearl_millet
49.3,30.7,23.6,28.12,49.79,6.69,91.5,103.6,1.6059,14.0009,pearl_millet
62.9,27.9,33.4,26.03,18.75,6.95,130.5,124.2,2.2545,4.8806,pearl_millet
52.5,31.4,30.0,24.22,70.49,6.93,68.0,113.9,1.672,17.0727,pearl_millet
52.5,19.7,30.2,32.67,50.31,6.12,95.4,102.4,2.665,16.4363,pearl_millet
36.9,27.1,19.2,32.31,46.49,7.0,74.4,83.2,1.3616,15.0209,pearl_millet
52.8,24.2,24.5,32.31,56.82,7.64,67.6,101.5,2.1818,18.3585,pearl_millet
62.4,30.1,23.2,29.49,68.44,6.44,84.8,115.7,2.0731,20.183,pearl_millet
40.0,24.3,19.0,35.63,53.71,7.83,87.7,83.3,1.6461,19.1369,pearl_millet
67.1,22.7,27.2,28.06,54.49,7.49,143.4,117.0,2.9559,15.2899,pearl_millet
48.9,28.2,21.8,33.82,46.31,6.76,81.3,98.9,1.734,15.662,pearl_millet
39.3,30.3,28.9,29.85,43.58,7.12,62.4,98.5,1.297,13.0086,pearl_millet
62.0,21.0,18.6,27.57,40.24,8.16,90.5,101.6,2.9524,11.0942,pearl_millet
46.6,24.6,35.3,32.37,36.74,7.64,43.5,106.5,1.8943,11.8927,pearl_millet
59.1,18.6,19.6,31.64,38.13,7.21,83.2,97.3,3.1774,12.0643,pearl_millet
46.5,10.0,26.3,31.43,31.49,7.06,85.3,82.8,4.65,9.8973,pearl_millet
49.3,26.2,29.8,30.33,44.24,7.25,100.9,105.3,1.8817,13.418,pearl_millet
55.9,28.7,21.6,29.85,28.15,6.89,104.5,106.2,1.9477,8.4028,pearl_millet
53.5,26.6,30.1,39.55,46.91,5.94,74.9,110.2,2.0113,18.5529,pearl_millet
26.1,13.3,17.6,34.74,44.64,8.43,82.0,57.0,1.9624,15.5079,pearl_millet
36.5,22.9,33.7,32.89,46.47,7.29,69.7,93.1,1.5939,15.284,pearl_millet
61.2,11.7,25.1,30.45,39.78,7.44,62.4,98.0,5.2308,12.113,pearl_millet
48.4,33.2,21.4,34.03,75.77,7.17,91.2,103.0,1.4578,25.7845,pearl_millet
43.7,18.5,23.2,32.07,58.6,6.76,59.5,85.4,2.3622,18.793,pearl_millet
33.7,32.5,29.9,30.1,32.55,7.09,76.7,96.1,1.0369,9.7975,pearl_millet
37.0,30.7,21.5,28.79,47.33,6.24,65.1,89.2,1.2052,13.6263,pearl_millet
25.7,19.6,20.5,29.68,38.92,8.57,96.0,65.8,1.3112,11.5515,pearl_millet
48.8,18.2,23.7,17.32,34.86,6.46,121.0,90.7,2.6813,6.0378,pearl_millet
42.8,27.1,17.9,30.84,31.6,6.58,59.0,87.8,1.5793,9.7454,pearl_millet
38.4,19.9,35.9,28.05,49.32,6.94,47.9,94.2,1.9296,13.8343,pearl_millet
49.2,25.6,21.6,36.37,38.19,7.97,82.5,96.4,1.9219,13.8897,pearl_millet
54.4,22.1,30.0,30.08,54.68,7.21,85.3,106.5,2.4615,16.4477,pearl_millet
75.1,14.3,26.3,25.24,54.94,6.46,89.4,115.7,5.2517,13.8669,pearl_millet
31.9,11.6,19.1,29.8,58.74,7.95,76.1,62.6,2.75,17.5045,pearl_millet
63.9,26.4,25.0,25.82,36.48,7.64,81.0,115.3,2.4205,9.4191,pearl_millet
61.7,21.6,29.7,31.89,49.75,7.52,92.4,113.0,2.8565,15.8653,pearl_millet
40.7,21.7,23.9,31.16,51.32,7.63,105.8,86.3,1.8756,15.9913,pearl_millet
52.4,29.2,32.2,33.83,40.26,8.64,45.9,113.8,1.7945,13.62,pearl_millet
44.5,32.0,31.1,26.84,37.28,8.51,77.6,107.6,1.3906,10.006,pearl_millet
52.2,23.4,30.5,30.14,61.1,6.79,89.3,106.1,2.2308,18.4155,pearl_millet
68.1,23.0,22.2,24.54,47.27,8.17,66.6,113.3,2.9609,11.6001,pearl_millet
57.3,28.0,18.5,32.81,51.36,7.43,119.6,103.8,2.0464,16.8512,pearl_millet
56.1,16.9,21.3,32.08,36.78,7.5,72.3,94.3,3.3195,11.799,pearl_millet
44.8,26.3,26.2,31.98,32.81,6.18,84.2,97.3,1.7034,10.4926,pearl_millet
32.2,28.3,28.3,30.01,39.31,7.1,96.1,88.8,1.1378,11.7969,pearl_millet
47.5,29.1,12.0,31.66,43.76,6.71,73.2,88.6,1.6323,13.8544,pearl_millet
64.5,13.4,25.0,36.42,34.36,7.7,48.1,102.9,4.8134,12.5139,pearl_millet
31.7,20.4,25.9,28.86,44.9,7.84,76.4,78.0,1.5539,12.9581,pearl_millet
37.3,19.7,23.3,30.55,28.11,5.96,105.6,80.3,1.8934,8.5876,pearl_millet
51.5,25.6,32.7,25.66,33.8,7.19,78.3,109.8,2.0117,8.6731,pearl_millet
38.2,27.9,27.5,26.53,51.71,7.87,68.1,93.6,1.3692,13.7187,pearl_millet
40.5,34.0,32.9,30.39,51.04,7.09,103.5,107.4,1.1912,15.5111,pearl_millet
44.9,22.0,23.7,34.42,41.08,7.64,78.4,90.6,2.0409,14.1397,pearl_millet
33.6,22.0,30.6,28.97,34.82,7.41,74.8,86.2,1.5273,10.0874,pearl_millet
38.3,31.9,34.8,29.06,34.73,7.4,88.0,105.0,1.2006,10.0925,pearl_millet
58.4,26.8,32.9,28.37,41.27,7.04,100.4,118.1,2.1791,11.7083,pearl_millet
34.3,32.6,18.4,27.86,51.45,6.47,132.6,85.3,1.0521,14.334,pearl_millet
30.8,26.7,23.5,31.18,54.28,6.53,101.5,81.0,1.1536,16.9245,pearl_millet
42.4,18.1,22.9,24.01,40.03,7.63,108.2,83.4,2.3425,9.6112,pearl_millet
58.8,17.0,27.9,35.12,33.47,7.21,74.9,103.7,3.4588,11.7547,pearl_millet
47.6,15.7,29.1,27.34,47.68,7.12,64.5,92.4,3.0318,13.0357,pearl_millet
44.4,29.0,20.0,32.89,36.76,6.95,86.2,93.4,1.531,12.0904,pearl_millet
50.5,32.1,25.4,24.92,39.82,7.02,87.1,108.0,1.5732,9.9231,pearl_millet
29.1,36.1,12.9,32.68,58.25,7.83,63.4,78.1,0.8061,19.0361,pearl_millet
55.9,30.1,33.7,32.69,53.27,7.0,81.5,119.7,1.8571,17.414,pearl_millet
54.6,32.0,21.9,31.54,46.58,6.4,93.0,108.5,1.7062,14.6913,pearl_millet
45.1,21.5,25.3,26.02,32.28,7.65,92.2,91.9,2.0977,8.3993,pearl_millet
62.1,18.1,23.1,31.0,47.11,7.08,95.1,103.3,3.4309,14.6041,pearl_millet
36.5,30.1,31.9,25.27,55.63,7.22,90.8,98.5,1.2126,14.0577,pearl_millet
63.5,27.5,8.0,28.99,41.24,8.16,74.9,99.0,2.3091,11.9555,pearl_millet
51.9,25.6,24.9,34.12,58.51,7.19,74.7,102.4,2.0273,19.9636,pearl_millet
46.0,27.3,24.4,33.19,57.93,7.37,61.0,97.7,1.685,19.227,pearl_millet
49.8,26.9,22.3,30.06,61.64,6.49,120.7,99.0,1.8513,18.529,pearl_millet
48.7,32.7,35.4,26.1,48.05,7.07,85.3,116.8,1.4893,12.5411,pearl_millet
64.6,32.8,19.7,32.58,50.87,7.57,80.5,117.1,1.9695,16.5734,pearl_millet
37.1,28.3,29.6,30.08,59.14,6.27,66.4,95.0,1.311,17.7893,pearl_millet
40.8,30.1,27.1,20.72,49.47,7.32,143.7,98.0,1.3555,10.2502,pearl_millet
62.4,28.1,32.6,33.13,39.99,7.26,63.5,123.1,2.2206,13.2487,pearl_millet
42.9,22.2,21.0,29.9,40.51,7.22,76.4,86.1,1.9324,12.1125,pearl_millet
60.8,29.5,20.6,34.81,47.39,7.82,93.3,110.9,2.061,16.4965,pearl_millet
70.4,16.6,31.6,25.62,32.09,7.4,97.0,118.6,4.241,8.2215,pearl_millet
45.2,31.3,27.6,17.29,43.57,8.09,104.2,104.1,1.4441,7.5333,pearl_millet
58.2,17.8,15.7,31.12,55.97,6.6,121.2,91.7,3.2697,17.4179,pearl_millet
36.2,26.7,21.8,31.17,23.09,7.28,95.1,84.7,1.3558,7.1972,pearl_millet
59.1,19.9,27.3,23.24,60.34,7.25,63.9,106.3,2.9698,14.023,pearl_millet
52.4,28.3,30.0,26.09,56.22,6.56,79.9,110.7,1.8516,14.6678,pearl_millet
55.7,24.8,20.9,41.02,40.4,7.77,91.2,101.4,2.246,16.5721,pearl_millet
42.3,15.4,7.5,28.78,50.43,8.59,126.4,65.2,2.7468,14.5138,pearl_millet
30.1,27.5,28.1,32.92,45.03,7.19,57.0,85.7,1.0945,14.8239,pearl_millet
56.0,21.5,17.7,27.4,57.3,7.5,109.1,95.2,2.6047,15.7002,pearl_millet
25.2,30.3,12.9,21.64,54.83,7.25,88.6,68.4,0.8317,11.8652,pearl_millet
46.2,25.0,8.0,29.32,31.0,6.77,101.8,79.2,1.848,9.0892,pearl_millet
61.3,27.4,29.9,28.94,50.87,6.11,83.0,118.6,2.2372,14.7218,pearl_millet
52.3,19.3,25.8,28.4,42.94,6.78,68.2,97.4,2.7098,12.195,pearl_millet
73.4,21.5,23.6,29.54,45.83,6.36,100.0,118.5,3.414,13.5382,pearl_millet
62.3,22.2,33.3,31.06,37.72,8.22,98.1,117.8,2.8063,11.7158,pearl_millet
42.2,30.1,28.8,29.4,62.48,7.13,104.4,101.1,1.402,18.3691,pearl_millet
50.3,35.1,34.7,24.94,55.4,6.99,84.7,120.1,1.433,13.8168,pearl_millet
49.4,20.2,16.6,31.94,37.6,7.73,73.0,86.2,2.4455,12.0094,pearl_millet
31.0,31.5,24.8,22.2,31.65,6.53,53.8,87.3,0.9841,7.0263,pearl_millet
38.7,12.0,15.3,21.8,41.14,6.74,101.4,66.0,3.225,8.9685,pearl_millet
43.3,17.8,23.6,32.96,49.35,7.24,93.5,84.7,2.4326,16.2658,pearl_millet
35.3,22.9,19.2,24.92,61.95,5.94,167.3,77.4,1.5415,15.4379,finger_millet
39.6,27.6,27.4,24.35,56.24,6.18,97.9,94.6,1.4348,13.6944,finger_millet
40.3,33.2,24.0,25.18,64.9,6.03,100.7,97.5,1.2139,16.3418,finger_millet
30.2,30.5,28.8,23.19,52.17,6.23,98.2,89.5,0.9902,12.0982,finger_millet
36.8,24.9,24.6,23.97,48.95,6.39,138.1,86.3,1.4779,11.7333,finger_millet
33.7,30.0,16.3,18.74,45.61,6.92,131.2,80.0,1.1233,8.5473,finger_millet
40.9,20.8,25.5,27.92,42.21,6.34,116.0,87.2,1.9663,11.785,finger_millet
37.6,36.9,31.3,25.9,55.86,5.71,97.0,105.8,1.019,14.4677,finger_millet
28.7,28.8,24.8,22.68,57.59,7.07,122.3,82.3,0.9965,13.0614,finger_millet
65.2,36.7,29.7,30.7,54.95,6.08,80.9,131.6,1.7766,16.8697,finger_millet
57.5,26.8,18.7,25.26,69.95,6.47,123.6,103.0,2.1455,17.6694,finger_millet
37.2,26.9,24.8,21.89,69.82,6.72,141.8,88.9,1.3829,15.2836,finger_millet
47.7,25.4,21.3,27.57,57.32,6.6,88.7,94.4,1.878,15.8031,finger_millet
49.2,35.3,29.5,26.19,45.65,7.05,81.7,114.0,1.3938,11.9557,finger_millet
56.9,25.7,25.2,26.18,55.47,6.74,159.5,107.8,2.214,14.522,finger_millet
36.8,33.9,29.1,23.72,55.2,6.07,104.7,99.8,1.0855,13.0934,finger_millet
55.9,27.7,31.5,26.35,54.74,7.59,148.4,115.1,2.0181,14.424,finger_millet
39.5,18.1,29.1,24.21,54.42,6.6,116.2,86.7,2.1823,13.1751,finger_millet
31.6,26.6,26.6,26.67,54.77,6.43,116.0,84.8,1.188,14.6072,finger_millet
52.2,22.9,19.0,19.29,56.91,6.98,131.0,94.1,2.2795,10.9779,finger_millet
57.9,30.2,25.0,23.7,54.92,6.62,97.9,113.1,1.9172,13.016,finger_millet
70.9,22.9,21.8,30.17,61.67,6.7,123.3,115.6,3.0961,18.6058,finger_millet
33.0,35.6,22.9,22.7,62.88,7.75,110.5,91.5,0.927,14.2738,finger_millet
52.0,29.5,22.8,23.19,52.71,6.36,87.0,104.3,1.7627,12.2234,finger_millet
40.9,28.9,19.1,23.66,70.17,6.34,128.4,88.9,1.4152,16.6022,finger_millet
52.8,33.9,13.3,21.36,52.16,6.56,113.4,100.0,1.5575,11.1414,finger_millet
30.3,35.8,21.0,18.38,47.06,7.04,116.1,87.1,0.8464,8.6496,finger_millet
32.4,29.9,26.2,24.31,63.05,5.75,89.7,88.5,1.0836,15.3275,finger_millet
37.2,25.4,16.9,25.41,53.46,5.52,159.8,79.5,1.4646,13.5842,finger_millet
45.8,19.4,25.1,24.84,62.57,6.21,141.9,90.3,2.3608,15.5424,finger_millet
38.6,25.9,36.4,24.57,40.77,5.68,144.1,100.9,1.4903,10.0172,finger_millet
51.6,26.3,31.1,25.13,71.14,6.29,112.4,109.0,1.962,17.8775,finger_millet
55.3,30.6,34.9,28.07,65.38,6.75,76.8,120.8,1.8072,18.3522,finger_millet
51.0,27.9,27.3,24.43,48.0,6.05,168.8,106.2,1.828,11.7264,finger_millet
61.2,34.1,32.0,23.28,48.17,5.79,118.5,127.3,1.7947,11.214,finger_millet
49.2,26.3,20.7,24.16,73.38,6.53,101.3,96.2,1.8707,17.7286,finger_millet
32.8,29.7,21.1,26.74,54.1,6.93,130.4,83.6,1.1044,14.4663,finger_millet
58.6,37.1,8.6,29.24,53.33,5.65,149.2,104.3,1.5795,15.5937,finger_millet
38.9,32.1,32.1,23.12,41.87,6.91,119.4,103.1,1.2118,9.6803,finger_millet
54.1,29.6,34.2,25.3,57.19,6.91,152.0,117.9,1.8277,14.4691,finger_millet
60.7,26.4,21.7,26.02,58.18,6.98,147.1,108.8,2.2992,15.1384,finger_millet
49.6,26.2,23.5,22.02,65.72,7.11,93.1,99.3,1.8931,14.4715,finger_millet
30.0,24.9,20.5,25.06,48.81,7.6,103.2,75.4,1.2048,12.2318,finger_millet
35.8,26.8,27.3,20.6,47.84,6.32,143.9,89.9,1.3358,9.855,finger_millet
58.2,34.5,31.7,19.69,63.61,6.55,52.2,124.4,1.687,12.5248,finger_millet
43.3,28.7,14.5,26.1,68.05,6.29,116.3,86.5,1.5087,17.7611,finger_millet
45.8,21.9,27.5,23.85,47.43,6.5,84.2,95.2,2.0913,11.3121,finger_millet
52.6,40.6,23.3,25.61,68.65,7.27,108.1,116.5,1.2956,17.5813,finger_millet
52.0,31.9,25.7,24.95,60.3,5.83,112.5,109.6,1.6301,15.0448,finger_millet
47.8,21.6,27.8,22.07,68.73,6.07,111.0,97.2,2.213,15.1687,finger_millet
42.9,27.3,23.9,24.86,59.44,7.19,106.2,94.1,1.5714,14.7768,finger_millet
41.9,30.7,24.4,21.3,39.82,7.01,92.6,97.0,1.3648,8.4817,finger_millet
53.6,40.2,23.7,29.17,58.78,6.32,177.3,117.5,1.3333,17.1461,finger_millet
50.5,23.4,30.8,20.93,68.48,6.93,166.7,104.7,2.1581,14.3329,finger_millet
42.4,35.9,27.5,24.41,52.85,6.67,90.9,105.8,1.1811,12.9007,finger_millet
55.8,38.4,26.3,21.87,56.9,7.25,159.6,120.5,1.4531,12.444,finger_millet
43.7,26.2,17.4,26.71,58.59,6.54,110.0,87.3,1.6679,15.6494,finger_millet
36.5,28.3,22.7,24.01,36.8,7.01,123.2,87.5,1.2898,8.8357,finger_millet
37.4,23.8,30.4,23.44,73.37,7.82,118.4,91.6,1.5714,17.1979,finger_millet
35.2,28.8,25.2,27.56,52.79,6.8,103.5,89.2,1.2222,14.5489,finger_millet
42.3,29.8,29.0,25.09,64.05,6.52,144.6,101.1,1.4195,16.0701,finger_millet
57.3,34.0,35.6,26.55,59.31,6.86,123.1,126.9,1.6853,15.7468,finger_millet
36.9,36.5,31.2,22.06,70.06,6.32,108.1,104.6,1.011,15.4552,finger_millet
46.9,25.5,25.6,20.79,63.25,7.69,87.4,98.0,1.8392,13.1497,finger_millet
38.4,18.2,21.9,25.32,58.12,6.59,97.7,78.5,2.1099,14.716,finger_millet
42.4,29.9,9.7,24.04,52.85,6.36,79.0,82.0,1.4181,12.7051,finger_millet
29.9,31.8,24.0,26.88,66.38,6.08,120.3,85.7,0.9403,17.8429,finger_millet
42.8,31.5,23.0,24.76,45.01,7.05,90.1,97.3,1.3587,11.1445,finger_millet
43.1,28.0,27.3,25.62,65.17,6.93,113.4,98.4,1.5393,16.6966,finger_millet
50.4,30.7,24.1,20.13,51.21,6.25,154.3,105.2,1.6417,10.3086,finger_millet
47.2,39.1,23.1,30.67,70.02,6.79,150.0,109.4,1.2072,21.4751,finger_millet
33.0,32.3,14.3,24.51,61.29,5.75,119.2,79.6,1.0217,15.0222,finger_millet
55.8,27.8,19.4,27.09,65.15,6.59,117.8,103.0,2.0072,17.6491,finger_millet
47.1,27.0,27.9,22.49,60.66,6.73,167.0,102.0,1.7444,13.6424,finger_millet
47.0,29.0,35.3,25.92,45.98,7.35,133.0,111.3,1.6207,11.918,finger_millet
44.9,39.8,24.4,21.09,53.11,6.11,111.8,109.1,1.1281,11.2009,finger_millet
39.8,28.9,27.0,26.36,65.38,5.86,84.3,95.7,1.3772,17.2342,finger_millet
47.2,29.9,30.7,23.93,61.33,6.05,129.8,107.8,1.5786,14.6763,finger_millet
49.8,27.1,20.1,25.09,69.45,5.83,140.7,97.0,1.8376,17.425,finger_millet
27.5,36.6,27.2,27.09,63.23,7.17,104.2,91.3,0.7514,17.129,finger_millet
39.6,41.8,20.6,21.3,52.27,7.27,127.3,102.0,0.9474,11.1335,finger_millet
42.5,32.7,30.2,22.95,53.63,6.66,110.9,105.4,1.2997,12.3081,finger_millet
47.6,30.5,25.9,26.37,60.82,7.11,115.4,104.0,1.5607,16.0382,finger_millet
56.9,30.2,26.8,31.29,41.49,6.57,57.8,113.9,1.8841,12.9822,finger_millet
37.3,15.7,20.3,24.59,73.39,6.45,114.5,73.3,2.3758,18.0466,finger_millet
40.0,34.5,29.2,26.77,63.53,6.33,144.2,103.7,1.1594,17.007,finger_millet
39.9,30.8,37.5,24.68,69.82,6.34,104.2,108.2,1.2955,17.2316,finger_millet
37.0,32.6,19.0,30.83,47.36,5.73,121.3,88.6,1.135,14.6011,finger_millet
41.5,25.7,23.0,19.76,69.96,6.63,101.1,90.2,1.6148,13.8241,finger_millet
52.7,27.7,26.4,25.28,77.85,6.48,129.0,106.8,1.9025,19.6805,finger_millet
34.5,27.5,29.7,20.12,49.43,6.87,114.6,91.7,1.2545,9.9453,finger_millet
49.3,36.1,21.6,17.48,66.17,6.55,96.5,107.0,1.3657,11.5665,finger_millet
28.0,27.7,8.0,25.89,60.01,6.42,153.3,63.7,1.0108,15.5366,finger_millet
39.4,42.5,33.2,25.42,47.64,6.06,143.2,115.1,0.9271,12.1101,finger_millet
41.7,32.6,29.6,24.15,63.94,6.54,104.9,103.9,1.2791,15.4415,finger_millet
61.7,22.3,14.5,24.68,66.67,6.87,132.4,98.5,2.7668,16.4542,finger_millet
42.3,29.2,21.4,34.29,55.19,5.93,133.4,92.9,1.4486,18.9247,finger_millet
23.0,26.1,34.4,24.23,69.33,6.54,136.1,83.5,0.8812,16.7987,finger_millet
25.0,16.8,33.7,26.53,46.67,6.62,77.6,75.5,1.4881,12.3816,finger_millet
45.3,39.6,30.6,23.05,48.04,6.14,145.2,115.5,1.1439,11.0732,finger_millet
51.1,34.2,23.9,25.89,61.09,6.21,105.8,109.2,1.4942,15.8162,finger_millet
48.8,33.2,25.5,24.29,60.2,6.62,111.1,107.5,1.4699,14.6226,finger_millet
46.7,31.0,24.2,23.77,54.27,5.93,185.9,101.9,1.5065,12.9,finger_millet
56.6,21.7,31.8,30.46,66.48,6.67,127.5,110.1,2.6083,20.2498,finger_millet
39.6,27.1,19.7,28.53,64.25,6.05,110.3,86.4,1.4613,18.3305,finger_millet
53.9,35.1,20.2,25.41,66.87,7.03,64.9,109.2,1.5356,16.9917,finger_millet
28.7,23.7,31.1,18.09,59.01,7.67,154.7,83.5,1.211,10.6749,finger_millet
36.0,14.8,24.7,23.92,64.82,6.07,86.4,75.5,2.4324,15.5049,finger_millet
26.9,28.6,33.3,33.11,56.43,6.77,94.9,88.8,0.9406,18.684,finger_millet
42.3,29.1,21.0,24.31,76.43,6.14,111.7,92.4,1.4536,18.5801,finger_millet
44.5,30.8,24.7,28.31,53.5,7.02,155.4,100.0,1.4448,15.1459,finger_millet
46.1,34.4,19.5,29.33,76.84,5.87,139.3,100.0,1.3401,22.5372,finger_millet
45.6,33.8,25.0,25.66,60.28,6.74,116.1,104.4,1.3491,15.4678,finger_millet
35.7,31.6,16.1,22.47,49.0,6.06,127.7,83.4,1.1297,11.0103,finger_millet
43.1,37.2,22.1,17.69,70.94,6.4,105.0,102.4,1.1586,12.5493,finger_millet
30.0,20.9,16.4,27.05,61.01,5.98,123.5,67.3,1.4354,16.5032,finger_millet
58.6,33.0,29.2,22.56,66.81,6.91,121.8,120.8,1.7758,15.0723,finger_millet
42.0,33.8,29.3,25.53,69.79,6.08,144.2,105.1,1.2426,17.8174,finger_millet
40.1,22.6,14.6,21.25,62.7,6.78,144.2,77.3,1.7743,13.3238,finger_millet
60.9,21.0,33.0,24.2,55.26,6.33,132.3,114.9,2.9,13.3729,finger_millet
32.6,25.5,40.0,25.1,67.81,6.44,110.9,98.1,1.2784,17.0203,finger_millet
33.7,26.0,25.3,25.81,60.01,6.57,138.5,85.0,1.2962,15.4886,finger_millet
34.0,34.5,21.2,21.66,65.49,6.12,117.7,89.7,0.9855,14.1851,finger_millet
44.3,26.3,41.9,28.59,42.77,6.61,93.0,112.5,1.6844,12.2279,finger_millet
49.3,24.9,17.1,23.21,63.58,7.27,109.9,91.3,1.9799,14.7569,finger_millet
52.4,26.3,25.1,19.98,54.89,6.11,122.1,103.8,1.9924,10.967,finger_millet
70.7,36.7,26.1,24.67,73.23,7.09,142.8,133.5,1.9264,18.0658,finger_millet
22.5,30.1,33.1,25.1,64.98,7.25,115.4,85.7,0.7475,16.31,finger_millet
51.1,28.9,27.2,25.48,61.92,6.09,89.8,107.2,1.7682,15.7772,finger_millet
39.4,29.3,22.0,29.09,63.89,5.77,121.4,90.7,1.3447,18.5856,finger_millet
39.1,37.8,19.3,24.29,52.01,6.65,122.8,96.2,1.0344,12.6332,finger_millet
38.8,25.5,22.9,24.64,72.99,6.23,124.6,87.2,1.5216,17.9847,finger_millet
35.9,37.9,19.0,21.69,75.93,7.43,143.0,92.8,0.9472,16.4692,finger_millet
61.8,31.3,25.3,27.46,63.14,6.52,145.5,118.4,1.9744,17.3382,finger_millet
53.4,29.0,21.6,25.55,72.72,6.1,105.1,104.0,1.8414,18.58,finger_millet
45.2,45.0,16.0,23.74,55.45,5.93,104.6,106.2,1.0044,13.1638,finger_millet
58.5,23.7,32.5,19.29,53.62,7.04,94.0,114.7,2.4684,10.3433,finger_millet
29.9,27.9,22.0,29.33,60.33,6.21,137.5,79.8,1.0717,17.6948,finger_millet
31.7,22.6,17.4,21.32,63.48,6.52,156.2,71.7,1.4027,13.5339,finger_millet
23.2,35.7,24.0,23.23,56.85,6.98,112.1,82.9,0.6499,13.2063,finger_millet
38.0,40.1,25.4,26.08,64.3,6.26,114.0,103.5,0.9476,16.7694,finger_millet
46.6,40.0,14.5,21.41,62.45,6.48,156.7,101.1,1.165,13.3705,finger_millet
46.0,37.3,27.0,20.52,52.01,6.49,132.6,110.3,1.2332,10.6725,finger_millet
46.5,28.8,18.7,18.63,64.15,6.84,130.9,94.0,1.6146,11.9511,finger_millet
30.9,27.8,35.3,27.16,66.91,6.8,90.2,94.0,1.1115,18.1728,finger_millet
53.0,20.0,28.1,23.36,61.37,6.39,137.0,101.1,2.65,14.336,finger_millet
47.4,42.2,22.6,33.78,69.22,6.53,96.8,112.2,1.1232,23.3825,finger_millet
52.3,32.8,20.5,22.02,50.26,6.31,91.6,105.6,1.5945,11.0673,finger_millet
26.1,27.0,24.4,22.24,63.74,5.76,111.3,77.5,0.9667,14.1758,finger_millet
48.1,38.0,28.7,23.3,50.64,6.63,105.4,114.8,1.2658,11.7991,finger_millet
23.7,47.3,22.3,22.24,57.57,7.49,82.5,93.3,0.5011,12.8036,chickpea
16.4,59.7,30.4,18.08,50.44,7.26,81.2,106.5,0.2747,9.1196,chickpea
30.8,39.0,35.5,19.34,53.38,7.52,94.6,105.3,0.7897,10.3237,chickpea
31.8,43.8,32.5,20.91,46.27,7.23,64.8,108.1,0.726,9.6751,chickpea
13.3,34.9,29.6,15.15,47.06,7.16,48.6,77.8,0.3811,7.1296,chickpea
30.9,40.0,19.8,14.04,52.3,6.41,82.8,90.7,0.7725,7.3429,chickpea
20.1,38.2,25.1,20.87,40.69,6.99,85.1,83.4,0.5262,8.492,chickpea
30.1,60.0,31.1,21.23,47.14,7.09,106.8,121.2,0.5017,10.0078,chickpea
24.6,43.0,25.3,25.16,43.12,7.88,57.1,92.9,0.5721,10.849,chickpea
25.2,51.2,31.2,20.4,42.88,7.37,100.8,107.6,0.4922,8.7475,chickpea
23.9,46.2,34.1,22.05,33.12,7.71,122.6,104.2,0.5173,7.303,chickpea
32.3,37.3,35.8,19.51,60.71,7.34,73.2,105.4,0.866,11.8445,chickpea
17.6,48.3,22.6,20.74,44.51,6.82,56.8,88.5,0.3644,9.2314,chickpea
28.6,56.0,43.2,24.17,59.31,7.15,72.7,127.8,0.5107,14.3352,chickpea
31.6,37.9,34.6,14.69,58.55,7.19,80.3,104.1,0.8338,8.601,chickpea
29.3,58.1,30.0,21.03,39.71,6.72,90.1,117.4,0.5043,8.351,chickpea
38.9,41.5,36.5,25.34,41.29,6.95,69.4,116.9,0.9373,10.4629,chickpea
21.8,45.2,44.2,20.71,70.48,7.02,108.0,111.2,0.4823,14.5964,chickpea
30.7,55.3,21.4,24.13,64.01,7.74,59.9,107.4,0.5552,15.4456,chickpea
24.4,43.4,28.6,18.43,49.75,6.27,48.7,96.4,0.5622,9.1689,chickpea
32.4,50.4,15.7,19.92,52.06,7.58,99.9,98.5,0.6429,10.3704,chickpea
25.0,46.9,31.2,20.08,44.95,6.73,39.1,103.1,0.533,9.026,chickpea
22.7,51.3,32.2,14.46,53.46,6.55,76.3,106.2,0.4425,7.7303,chickpea
32.8,26.2,29.8,17.08,44.26,7.57,136.1,88.8,1.2519,7.5596,chickpea
22.1,31.7,26.1,17.26,33.74,7.39,79.8,79.9,0.6972,5.8235,chickpea
16.5,56.2,17.7,22.06,39.43,7.6,59.8,90.4,0.2936,8.6983,chickpea
21.9,60.4,32.2,22.18,50.17,7.42,79.0,114.5,0.3626,11.1277,chickpea
28.7,40.9,38.7,20.81,40.95,7.92,79.1,108.3,0.7017,8.5217,chickpea
33.4,47.6,26.5,22.06,49.46,7.32,82.9,107.5,0.7017,10.9109,chickpea
25.7,52.9,32.6,19.59,41.4,7.04,91.9,111.2,0.4858,8.1103,chickpea
32.9,56.9,20.6,23.0,43.74,7.24,61.3,110.4,0.5782,10.0602,chickpea
16.9,29.7,32.7,20.02,56.83,7.6,110.4,79.3,0.569,11.3774,chickpea
22.3,41.1,27.6,20.14,51.98,6.79,84.4,91.0,0.5426,10.4688,chickpea
23.3,46.7,25.4,19.34,49.92,6.84,93.1,95.4,0.4989,9.6545,chickpea
24.3,57.0,25.4,21.71,57.03,6.98,68.7,106.7,0.4263,12.3812,chickpea
25.5,75.0,27.6,18.95,53.84,6.26,103.2,128.1,0.34,10.2027,chickpea
29.1,47.7,32.3,22.44,61.57,7.16,75.4,109.1,0.6101,13.8163,chickpea
22.3,35.9,22.1,17.17,46.32,6.35,85.0,80.3,0.6212,7.9531,chickpea
25.8,54.0,27.6,17.25,46.56,7.12,63.2,107.4,0.4778,8.0316,chickpea
24.7,63.2,29.8,21.72,39.59,7.45,62.1,117.7,0.3908,8.5989,chickpea
19.4,51.1,23.4,19.78,46.57,6.91,92.4,93.9,0.3796,9.2115,chickpea
24.3,40.9,40.8,18.87,57.72,7.77,72.0,106.0,0.5941,10.8918,chickpea
24.1,59.6,24.9,22.23,60.4,6.52,64.6,108.6,0.4044,13.4269,chickpea
24.0,56.6,26.0,18.48,57.68,7.58,68.4,106.6,0.424,10.6593,chickpea
25.2,39.7,24.1,19.5,35.65,7.37,92.6,89.0,0.6348,6.9517,chickpea
25.5,53.8,40.8,23.5,58.67,6.41,68.7,120.1,0.474,13.7875,chickpea
22.4,60.0,33.3,23.85,35.29,8.18,77.9,115.7,0.3733,8.4167,chickpea
32.6,61.8,24.4,23.93,57.18,7.07,80.3,118.8,0.5275,13.6832,chickpea
18.0,49.3,36.6,19.29,47.06,6.75,45.5,103.9,0.3651,9.0779,chickpea
20.7,46.4,31.2,23.08,55.62,6.54,53.5,98.3,0.4461,12.8371,chickpea
41.7,62.3,31.5,17.63,39.34,7.01,86.1,135.5,0.6693,6.9356,chickpea
18.8,37.9,27.9,17.73,59.37,7.05,66.7,84.6,0.496,10.5263,chickpea
16.9,54.4,25.5,14.12,38.28,7.14,99.0,96.8,0.3107,5.4051,chickpea
29.4,36.3,32.0,24.18,44.65,6.98,97.4,97.7,0.8099,10.7964,chickpea
12.5,60.7,26.7,17.84,42.02,7.35,92.9,99.9,0.2059,7.4964,chickpea
23.6,47.4,40.9,19.68,35.97,6.94,112.8,111.9,0.4979,7.0789,chickpea
37.9,62.7,22.4,17.72,50.76,6.33,78.5,123.0,0.6045,8.9947,chickpea
15.7,54.9,39.2,21.74,64.45,7.04,91.7,109.8,0.286,14.0114,chickpea
13.1,37.8,29.3,19.06,71.34,6.15,69.5,80.2,0.3466,13.5974,chickpea
16.0,64.2,31.8,16.74,50.78,7.24,124.1,112.0,0.2492,8.5006,chickpea
30.4,65.5,35.0,21.1,58.93,6.71,115.7,130.9,0.4641,12.4342,chickpea
31.7,58.8,26.2,16.42,51.86,7.17,80.2,116.7,0.5391,8.5154,chickpea
21.9,42.4,35.2,17.91,53.99,7.63,87.0,99.5,0.5165,9.6696,chickpea
29.1,46.9,13.8,14.73,47.26,6.72,104.5,89.8,0.6205,6.9614,chickpea
33.3,51.5,25.7,16.44,51.56,7.52,77.4,110.5,0.6466,8.4765,chickpea
35.7,43.0,24.5,20.45,54.3,6.93,68.2,103.2,0.8302,11.1044,chickpea
23.5,66.9,22.5,15.09,45.37,7.8,95.7,112.9,0.3513,6.8463,chickpea
11.2,51.4,28.7,16.3,49.38,6.95,81.4,91.3,0.2179,8.0489,chickpea
20.1,23.0,32.3,19.99,49.53,6.76,83.3,75.4,0.8739,9.901,chickpea
22.4,53.4,34.2,18.64,56.61,7.37,65.0,110.0,0.4195,10.5521,chickpea
23.4,46.5,31.4,24.98,41.47,6.93,49.1,101.3,0.5032,10.3592,chickpea
23.9,49.3,26.0,24.58,49.59,6.76,84.3,99.2,0.4848,12.1892,chickpea
31.7,46.3,32.2,17.83,65.3,6.91,96.3,110.2,0.6847,11.643,chickpea
32.6,58.1,30.7,21.39,59.31,7.08,75.9,121.4,0.5611,12.6864,chickpea
24.0,61.2,35.6,21.87,60.79,7.64,105.9,120.8,0.3922,13.2948,chickpea
31.6,52.8,34.7,18.51,50.2,6.33,67.3,119.1,0.5985,9.292,chickpea
27.1,46.6,30.2,16.26,52.57,7.11,61.0,103.9,0.5815,8.5479,chickpea
25.4,49.6,24.6,19.97,58.02,7.35,78.8,99.6,0.5121,11.5866,chickpea
30.4,50.2,26.1,19.57,62.48,7.18,78.5,106.7,0.6056,12.2273,chickpea
25.4,42.0,26.7,18.91,34.39,7.62,93.9,94.1,0.6048,6.5031,chickpea
37.3,55.8,28.1,21.11,39.48,7.07,66.1,121.2,0.6685,8.3342,chickpea
16.4,54.6,31.6,18.12,60.48,7.03,104.6,102.6,0.3004,10.959,chickpea
21.9,65.4,34.3,17.12,47.78,7.34,115.4,121.6,0.3349,8.1799,chickpea
24.2,62.6,29.7,20.27,44.63,7.14,79.3,116.5,0.3866,9.0465,chickpea
27.6,43.1,30.1,20.96,39.97,6.94,102.5,100.8,0.6404,8.3777,chickpea
32.6,58.2,30.9,17.06,45.56,7.31,61.0,121.7,0.5601,7.7725,chickpea
24.9,40.5,26.9,22.32,38.78,6.84,99.4,92.3,0.6148,8.6557,chickpea
16.5,57.0,24.4,15.57,66.73,6.86,98.9,97.9,0.2895,10.3899,chickpea
30.1,44.8,19.5,18.55,49.82,6.89,95.5,94.4,0.6719,9.2416,chickpea
29.5,39.8,25.8,19.35,49.54,7.64,79.7,95.1,0.7412,9.586,chickpea
13.3,52.8,32.8,18.41,54.7,5.81,26.8,98.9,0.2519,10.0703,chickpea
25.0,23.3,25.8,18.59,57.7,7.26,68.4,74.1,1.073,10.7264,chickpea
15.5,32.5,28.6,24.68,57.57,7.11,68.7,76.6,0.4769,14.2083,chickpea
21.0,48.2,32.8,17.87,58.59,6.43,62.4,102.0,0.4357,10.47,chickpea
19.6,50.8,33.1,26.1,44.95,7.22,82.2,103.5,0.3858,11.732,chickpea
29.9,46.3,23.5,21.09,47.62,7.29,72.5,99.7,0.6458,10.0431,chickpea
25.7,34.2,36.0,20.23,56.15,7.34,65.2,95.9,0.7515,11.3591,chickpea
17.3,41.8,36.8,21.19,45.78,6.04,60.9,95.9,0.4139,9.7008,chickpea
30.3,53.9,23.2,26.32,49.96,7.65,67.1,107.4,0.5622,13.1495,chickpea
16.4,55.8,25.1,17.52,53.19,6.8,100.2,97.3,0.2939,9.3189,chickpea
27.0,49.8,37.1,17.2,56.28,7.37,68.1,113.9,0.5422,9.6802,chickpea
20.1,61.6,29.1,18.11,35.78,7.4,70.7,110.8,0.3263,6.4798,chickpea
22.8,54.0,16.7,20.08,55.72,6.75,71.8,93.5,0.4222,11.1886,chickpea
28.0,42.5,21.6,15.69,48.13,7.36,86.1,92.1,0.6588,7.5516,chickpea
28.1,47.2,28.5,20.06,55.66,6.95,88.2,103.8,0.5953,11.1654,chickpea
33.0,36.0,23.0,24.23,56.22,6.27,25.2,92.0,0.9167,13.6221,chickpea
24.5,48.9,27.5,20.38,62.86,7.57,98.4,100.9,0.501,12.8109,chickpea
26.8,61.1,30.2,19.27,60.83,6.79,105.9,118.1,0.4386,11.7219,chickpea
22.4,56.9,38.8,18.45,60.77,6.76,61.1,118.1,0.3937,11.2121,chickpea
26.1,64.0,28.3,22.25,61.55,6.94,62.5,118.4,0.4078,13.6949,chickpea
27.6,47.0,36.4,17.94,52.33,7.21,71.9,111.0,0.5872,9.388,chickpea
24.4,63.5,38.6,24.62,50.26,7.08,66.4,126.5,0.3843,12.374,chickpea
14.2,48.1,38.6,24.83,56.98,7.32,84.0,100.9,0.2952,14.1481,chickpea
27.0,64.7,31.7,20.64,55.86,6.56,45.0,123.4,0.4173,11.5295,chickpea
27.2,49.8,18.2,19.97,47.53,6.8,59.9,95.2,0.5462,9.4917,chickpea
20.9,57.1,32.8,22.58,53.24,7.05,107.7,110.8,0.366,12.0216,chickpea
17.3,64.8,36.3,22.74,49.72,7.86,63.3,118.4,0.267,11.3063,chickpea
33.9,48.1,29.5,17.99,43.17,7.05,102.4,111.5,0.7048,7.7663,chickpea
27.9,52.2,40.5,18.68,60.32,7.53,86.4,120.6,0.5345,11.2678,chickpea
23.6,62.9,35.2,16.69,50.44,7.12,47.4,121.7,0.3752,8.4184,chickpea
18.2,48.7,33.4,21.02,66.39,6.91,91.4,100.3,0.3737,13.9552,chickpea
20.1,36.8,36.5,21.67,37.0,7.0,77.9,93.4,0.5462,8.0179,chickpea
32.8,71.4,32.0,16.63,45.55,7.03,71.8,136.2,0.4594,7.575,chickpea
25.8,45.3,15.0,18.86,50.26,7.34,84.4,86.1,0.5695,9.479,chickpea
21.7,51.6,27.0,16.63,59.1,7.65,88.5,100.3,0.4205,9.8283,chickpea
28.1,61.6,37.2,17.75,53.2,7.24,92.7,126.9,0.4562,9.443,chickpea
20.1,43.9,25.2,21.38,52.48,7.57,101.2,89.2,0.4579,11.2202,chickpea
34.0,39.9,28.7,18.17,40.98,6.71,87.3,102.6,0.8521,7.4461,chickpea
33.1,52.5,23.7,19.25,40.74,6.93,55.2,109.3,0.6305,7.8425,chickpea
22.2,32.1,40.7,15.93,52.58,6.81,71.5,95.0,0.6916,8.376,chickpea
21.2,47.1,40.1,20.47,39.09,7.23,133.0,108.4,0.4501,8.0017,chickpea
9.3,52.5,24.7,19.89,45.74,6.96,93.0,86.5,0.1771,9.0977,chickpea
16.1,47.3,30.9,18.18,54.01,7.39,122.6,94.3,0.3404,9.819,chickpea
17.0,34.6,25.9,19.53,42.14,6.73,105.1,77.5,0.4913,8.2299,chickpea
25.8,65.9,33.7,20.45,62.84,7.12,84.4,125.4,0.3915,12.8508,chickpea
23.0,51.0,33.1,17.96,59.79,7.37,85.4,107.1,0.451,10.7383,chickpea
16.9,64.3,34.9,16.31,37.43,6.27,79.3,116.1,0.2628,6.1048,chickpea
23.3,47.4,32.0,24.51,42.54,7.95,48.7,102.7,0.4916,10.4266,chickpea
28.0,41.2,47.6,18.42,31.71,6.99,80.3,116.8,0.6796,5.841,chickpea
28.2,52.7,23.8,19.76,43.74,6.29,101.8,104.7,0.5351,8.643,chickpea
13.6,47.8,19.7,22.53,56.13,7.16,69.2,81.1,0.2845,12.6461,chickpea
24.2,38.2,27.6,28.82,46.69,7.11,87.4,90.0,0.6335,13.4561,chickpea
16.7,64.7,20.6,16.89,53.69,7.07,95.3,102.0,0.2581,9.0682,chickpea
30.4,43.8,21.0,21.12,37.82,7.5,63.6,95.2,0.6941,7.9876,chickpea
29.7,31.6,24.0,18.23,56.38,7.4,71.9,85.3,0.9399,10.2781,chickpea
19.6,63.3,24.5,18.65,45.56,7.22,61.7,107.4,0.3096,8.4969,chickpea
20.4,45.0,24.3,18.2,50.1,7.28,65.2,89.7,0.4533,9.1182,chickpea
22.2,43.9,33.1,17.19,49.26,7.06,56.8,99.2,0.5057,8.4678,chickpea
11.5,32.3,27.0,19.9,39.83,7.81,63.8,70.8,0.356,7.9262,chickpea
27.0,67.4,28.9,16.31,40.78,6.51,105.6,123.3,0.4006,6.6512,chickpea
19.5,72.3,36.6,24.5,48.68,5.4,132.7,128.4,0.2697,11.9266,pigeonpeas
25.8,56.2,27.7,24.96,67.82,6.26,113.3,109.7,0.4591,16.9279,pigeonpeas
22.0,62.5,29.6,24.61,57.84,6.36,88.6,114.1,0.352,14.2344,pigeonpeas
32.1,56.0,32.9,27.58,48.88,5.66,114.2,121.0,0.5732,13.4811,pigeonpeas
32.9,48.3,36.5,26.52,70.82,6.02,148.4,117.7,0.6812,18.7815,pigeonpeas
30.2,32.6,28.0,25.33,76.8,5.61,187.8,90.8,0.9264,19.4534,pigeonpeas
26.8,57.1,39.1,28.28,59.67,6.58,178.7,123.0,0.4694,16.8747,pigeonpeas
23.6,47.2,17.2,32.17,77.27,7.01,151.9,88.0,0.5,24.8578,pigeonpeas
17.8,47.0,34.6,31.92,60.73,7.15,135.3,99.4,0.3787,19.385,pigeonpeas
36.7,50.0,25.0,21.23,56.96,6.81,153.1,111.7,0.734,12.0926,pigeonpeas
20.4,72.4,38.2,28.73,54.96,6.12,129.4,131.0,0.2818,15.79,pigeonpeas
29.0,79.0,30.9,26.47,73.1,5.63,196.6,138.9,0.3671,19.3496,pigeonpeas
31.4,57.2,26.0,27.47,53.76,5.72,139.3,114.6,0.549,14.7679,pigeonpeas
21.7,50.4,34.0,25.81,65.88,5.97,142.4,106.1,0.4306,17.0036,pigeonpeas
31.2,43.2,35.4,27.35,55.53,6.16,78.5,109.8,0.7222,15.1875,pigeonpeas
29.6,59.7,33.9,27.45,56.32,6.52,139.1,123.2,0.4958,15.4598,pigeonpeas
35.4,72.8,23.8,25.26,68.24,6.09,170.1,132.0,0.4863,17.2374,pigeonpeas
22.2,52.5,27.1,24.31,56.96,6.77,113.0,101.8,0.4229,13.847,pigeonpeas
17.3,31.2,30.0,25.65,56.76,6.48,122.5,78.5,0.5545,14.5589,pigeonpeas
22.0,61.7,29.8,27.7,69.06,6.61,168.8,113.5,0.3566,19.1296,pigeonpeas
26.3,64.9,34.5,28.8,72.78,7.17,100.7,125.7,0.4052,20.9606,pigeonpeas
25.3,39.1,17.9,29.56,65.16,6.01,176.7,82.3,0.6471,19.2613,pigeonpeas
22.6,56.8,32.0,25.52,54.76,6.81,129.0,111.4,0.3979,13.9748,pigeonpeas
13.5,59.5,28.3,27.85,55.92,6.59,133.3,101.3,0.2269,15.5737,pigeonpeas
27.8,54.3,25.0,29.89,60.64,6.43,111.3,107.1,0.512,18.1253,pigeonpeas
36.8,47.1,25.5,30.5,62.57,7.04,156.3,109.4,0.7813,19.0838,pigeonpeas
27.8,65.2,28.7,26.82,52.1,7.04,218.8,121.7,0.4264,13.9732,pigeonpeas
28.7,51.0,8.4,26.34,65.78,6.13,168.4,88.1,0.5627,17.3265,pigeonpeas
28.4,40.1,25.8,27.57,60.68,6.51,119.1,94.3,0.7082,16.7295,pigeonpeas
27.4,34.5,24.7,23.55,46.27,6.74,179.1,86.6,0.7942,10.8966,pigeonpeas
30.6,67.6,33.2,26.42,52.57,6.46,135.5,131.4,0.4527,13.889,pigeonpeas
27.4,61.2,25.2,29.23,55.97,6.89,186.2,113.8,0.4477,16.36,pigeonpeas
23.1,55.9,28.7,28.93,59.42,6.74,169.2,107.7,0.4132,17.1902,pigeonpeas
20.2,50.6,39.3,26.19,75.11,7.52,56.7,110.1,0.3992,19.6713,pigeonpeas
23.5,49.7,36.0,27.65,61.91,5.83,114.9,109.2,0.4728,17.1181,pigeonpeas
26.9,44.2,35.4,24.53,53.27,6.54,173.3,106.5,0.6086,13.0671,pigeonpeas
23.1,50.7,27.0,29.11,61.77,6.15,149.5,100.8,0.4556,17.9812,pigeonpeas
26.9,33.8,33.3,26.77,57.18,6.9,114.3,94.0,0.7959,15.3071,pigeonpeas
27.6,47.6,28.6,26.17,62.6,5.79,126.0,103.8,0.5798,16.3824,pigeonpeas
30.0,51.9,28.8,25.91,64.64,6.77,87.8,110.7,0.578,16.7482,pigeonpeas
32.7,61.1,32.5,26.81,69.67,6.28,142.3,126.3,0.5352,18.6785,pigeonpeas
25.5,54.6,26.4,25.66,59.81,6.23,211.3,106.5,0.467,15.3472,pigeonpeas
17.2,62.9,39.0,28.97,73.11,5.88,169.1,119.1,0.2734,21.18,pigeonpeas
22.9,68.5,29.0,25.81,67.26,6.37,210.7,120.4,0.3343,17.3598,pigeonpeas
25.3,65.6,33.7,31.78,54.34,7.14,171.5,124.6,0.3857,17.2693,pigeonpeas
14.0,59.7,38.7,31.4,77.68,6.59,175.8,112.4,0.2345,24.3915,pigeonpeas
33.3,55.1,36.2,24.33,62.62,6.91,204.2,124.6,0.6044,15.2354,pigeonpeas
25.9,45.2,21.5,27.21,53.32,7.43,156.3,92.6,0.573,14.5084,pigeonpeas
27.3,62.4,32.7,25.05,73.22,6.73,139.4,122.4,0.4375,18.3416,pigeonpeas
33.2,71.8,35.1,26.02,76.62,6.32,176.0,140.1,0.4624,19.9365,pigeonpeas
21.2,58.4,35.4,33.01,59.74,6.83,188.6,115.0,0.363,19.7202,pigeonpeas
28.4,74.2,23.3,26.08,55.97,6.33,130.6,125.9,0.3827,14.597,pigeonpeas
24.3,39.7,26.1,28.08,58.62,6.35,123.4,90.1,0.6121,16.4605,pigeonpeas
23.9,43.5,36.0,28.62,65.72,5.84,149.2,103.4,0.5494,18.8091,pigeonpeas
20.4,63.6,25.4,24.0,70.22,7.06,169.9,109.4,0.3208,16.8528,pigeonpeas
35.0,57.6,28.2,24.43,64.56,6.41,168.9,120.8,0.6076,15.772,pigeonpeas
22.7,68.1,39.5,23.38,60.81,6.69,102.3,130.3,0.3333,14.2174,pigeonpeas
29.2,54.8,29.7,24.34,71.98,6.08,202.3,113.7,0.5328,17.5199,pigeonpeas
13.7,46.3,25.6,18.45,57.5,6.82,125.8,85.6,0.2959,10.6088,pigeonpeas
32.1,52.9,24.7,28.63,68.25,6.22,137.0,109.7,0.6068,19.54,pigeonpeas
31.3,39.7,32.0,33.16,57.7,6.53,117.9,103.0,0.7884,19.1333,pigeonpeas
25.6,43.7,22.0,27.44,63.45,7.04,225.9,91.3,0.5858,17.4107,pigeonpeas
23.6,64.7,28.5,22.75,59.09,7.0,152.3,116.8,0.3648,13.443,pigeonpeas
27.4,63.7,32.0,25.07,59.55,6.59,119.5,123.1,0.4301,14.9292,pigeonpeas
38.7,58.6,37.8,25.62,56.98,5.72,170.9,135.1,0.6604,14.5983,pigeonpeas
14.4,37.8,34.0,23.95,70.76,8.1,168.1,86.2,0.381,16.947,pigeonpeas
29.7,51.4,25.7,29.58,54.14,7.47,139.4,106.8,0.5778,16.0146,pigeonpeas
19.5,42.8,37.1,29.43,54.08,6.96,170.2,99.4,0.4556,15.9157,pigeonpeas
24.9,66.8,28.2,23.53,76.97,6.22,120.2,119.9,0.3728,18.111,pigeonpeas
23.5,49.2,22.6,29.18,67.82,6.54,130.2,95.3,0.4776,19.7899,pigeonpeas
22.4,44.1,29.0,31.58,40.92,6.33,84.7,95.5,0.5079,12.9225,pigeonpeas
24.9,55.3,38.6,32.71,55.48,7.23,105.3,118.8,0.4503,18.1475,pigeonpeas
18.2,48.6,31.0,35.6,45.5,6.73,199.2,97.8,0.3745,16.198,pigeonpeas
31.2,69.8,30.1,24.29,52.39,6.21,194.2,131.1,0.447,12.7255,pigeonpeas
14.2,47.7,39.8,35.47,34.89,6.36,147.0,101.7,0.2977,12.3755,pigeonpeas
28.2,41.0,21.4,25.94,58.9,7.16,194.9,90.6,0.6878,15.2787,pigeonpeas
23.0,33.5,22.3,25.22,50.86,7.4,140.2,78.8,0.6866,12.8269,pigeonpeas
18.0,54.7,20.3,27.98,60.48,7.36,137.7,93.0,0.3291,16.9223,pigeonpeas
26.2,49.4,32.2,25.25,47.0,6.98,146.7,107.8,0.5304,11.8675,pigeonpeas
15.7,40.7,31.0,28.2,60.66,6.47,141.3,87.4,0.3857,17.1061,pigeonpeas
25.2,66.9,39.3,23.04,56.68,4.98,138.5,131.4,0.3767,13.0591,pigeonpeas
16.5,61.7,31.5,26.28,72.02,6.75,179.3,109.7,0.2674,18.9269,pigeonpeas
27.8,54.7,27.6,30.86,71.29,6.6,149.5,110.1,0.5082,22.0001,pigeonpeas
19.5,68.6,30.0,26.83,66.28,6.67,166.4,118.1,0.2843,17.7829,pigeonpeas
22.3,61.6,30.7,27.42,57.39,6.63,175.9,114.6,0.362,15.7363,pigeonpeas
26.8,46.8,20.0,28.43,75.88,5.94,156.6,93.6,0.5726,21.5727,pigeonpeas
20.4,44.6,46.3,30.51,47.58,6.88,115.9,111.3,0.4574,14.5167,pigeonpeas
24.7,63.2,33.1,22.03,48.77,6.92,104.4,121.0,0.3908,10.744,pigeonpeas
15.9,59.0,31.3,28.75,59.33,6.94,149.5,106.2,0.2695,17.0574,pigeonpeas
28.8,56.7,33.7,26.2,78.03,7.07,139.9,119.2,0.5079,20.4439,pigeonpeas
35.6,46.5,34.3,27.5,58.38,6.9,147.6,116.4,0.7656,16.0545,pigeonpeas
41.8,61.1,29.2,30.18,58.53,6.39,144.5,132.1,0.6841,17.6644,pigeonpeas
25.5,47.4,26.2,23.42,48.46,6.56,222.5,99.1,0.538,11.3493,pigeonpeas
29.7,54.0,33.6,23.96,67.57,6.65,105.1,117.3,0.55,16.1898,pigeonpeas
14.3,69.5,32.3,21.19,67.63,6.65,85.3,116.1,0.2058,14.3308,pigeonpeas
34.0,48.4,25.1,25.35,66.31,7.1,155.0,107.5,0.7025,16.8096,pigeonpeas
29.7,39.3,38.5,30.99,54.97,6.92,133.7,107.5,0.7557,17.0352,pigeonpeas
22.1,44.5,31.8,26.64,54.35,7.64,154.5,98.4,0.4966,14.4788,pigeonpeas
32.4,64.9,34.4,22.98,49.66,7.7,162.5,131.7,0.4992,11.4119,pigeonpeas
23.5,57.5,38.4,25.54,60.67,6.64,183.5,119.4,0.4087,15.4951,pigeonpeas
22.3,53.7,30.1,22.54,51.36,4.68,99.8,106.1,0.4153,11.5765,pigeonpeas
27.9,49.9,31.9,23.62,50.58,7.22,128.3,109.7,0.5591,11.947,pigeonpeas
18.6,59.9,34.9,28.17,56.61,6.33,157.9,113.4,0.3105,15.947,pigeonpeas
31.1,46.5,25.7,23.48,56.09,6.2,168.1,103.3,0.6688,13.1699,pigeonpeas
18.7,58.1,30.3,30.34,55.7,6.4,210.8,107.1,0.3219,16.8994,pigeonpeas
18.7,47.7,30.8,26.79,63.73,6.38,173.7,97.2,0.392,17.0733,pigeonpeas
19.5,46.0,24.3,27.26,60.63,6.91,143.3,89.8,0.4239,16.5277,pigeonpeas
29.6,48.6,43.9,26.16,57.69,5.82,118.3,122.1,0.6091,15.0917,pigeonpeas
21.3,51.2,21.6,29.32,61.46,6.06,128.1,94.1,0.416,18.0201,pigeonpeas
16.9,54.5,22.2,29.35,52.07,6.77,127.2,93.6,0.3101,15.2825,pigeonpeas
21.4,57.4,37.9,28.01,60.84,6.91,164.7,116.7,0.3728,17.0413,pigeonpeas
24.8,18.1,34.3,28.69,61.2,6.92,152.7,77.2,1.3702,17.5583,pigeonpeas
17.9,46.9,23.8,26.36,47.98,6.21,105.3,88.6,0.3817,12.6475,pigeonpeas
18.1,51.1,33.6,28.63,67.97,6.11,131.9,102.8,0.3542,19.4598,pigeonpeas
37.7,70.1,38.8,25.99,52.95,6.35,171.3,146.6,0.5378,13.7617,pigeonpeas
19.8,44.2,29.8,27.01,60.72,6.72,155.5,93.8,0.448,16.4005,pigeonpeas
23.1,56.6,45.6,26.18,69.32,7.34,162.1,125.3,0.4081,18.148,pigeonpeas
22.8,70.0,19.7,25.63,67.41,5.58,156.5,112.5,0.3257,17.2772,pigeonpeas
22.5,41.9,34.2,24.93,60.27,6.49,193.8,98.6,0.537,15.0253,pigeonpeas
28.7,58.9,37.0,28.4,57.1,5.93,152.1,124.6,0.4873,16.2164,pigeonpeas
30.7,47.0,35.3,30.93,67.58,5.77,133.4,113.0,0.6532,20.9025,pigeonpeas
23.2,50.0,28.8,30.51,65.4,7.08,117.5,102.0,0.464,19.9535,pigeonpeas
17.6,47.0,28.3,23.23,55.05,6.87,152.5,92.9,0.3745,12.7881,pigeonpeas
32.6,47.7,32.7,30.87,53.64,6.82,71.8,113.0,0.6834,16.5587,pigeonpeas
24.4,82.2,34.9,26.05,43.42,7.06,139.5,141.5,0.2968,11.3109,pigeonpeas
35.4,63.4,33.6,28.8,61.23,6.36,138.8,132.4,0.5584,17.6342,pigeonpeas
11.5,66.0,36.2,24.28,59.34,6.38,104.1,113.7,0.1742,14.4078,pigeonpeas
26.2,59.9,23.9,27.43,69.09,7.69,117.2,110.0,0.4374,18.9514,pigeonpeas
36.5,38.9,28.6,27.94,62.87,6.48,169.3,104.0,0.9383,17.5659,pigeonpeas
22.9,58.9,24.4,22.55,70.67,6.97,151.9,106.2,0.3888,15.9361,pigeonpeas
23.6,65.7,27.7,28.82,54.42,6.6,148.1,117.0,0.3592,15.6838,pigeonpeas
26.8,46.5,36.1,31.04,69.11,5.68,154.2,109.4,0.5763,21.4517,pigeonpeas
21.6,64.7,30.6,26.48,55.77,5.58,147.8,116.9,0.3338,14.7679,pigeonpeas
23.1,62.0,45.6,31.08,66.22,6.31,182.3,130.7,0.3726,20.5812,pigeonpeas
23.0,73.5,31.2,26.43,48.33,7.13,148.7,127.7,0.3129,12.7736,pigeonpeas
21.2,50.8,30.4,29.55,61.88,6.99,101.3,102.4,0.4173,18.2855,pigeonpeas
32.4,44.0,30.6,20.34,44.12,7.06,193.9,107.0,0.7364,8.974,pigeonpeas
27.8,51.4,26.2,34.26,57.86,6.11,156.1,105.4,0.5409,19.8228,pigeonpeas
26.5,69.4,29.7,31.49,63.52,7.41,127.3,125.6,0.3818,20.0024,pigeonpeas
29.9,36.7,36.8,26.15,55.83,6.12,107.4,103.4,0.8147,14.5995,pigeonpeas
23.4,34.3,30.7,21.08,51.6,6.71,156.9,88.4,0.6822,10.8773,pigeonpeas
20.4,55.9,25.2,27.86,66.77,6.59,141.5,101.5,0.3649,18.6021,pigeonpeas
21.4,50.6,24.4,22.67,59.17,6.51,192.2,96.4,0.4229,13.4138,pigeonpeas
25.0,55.1,27.3,28.33,56.08,7.27,134.6,107.4,0.4537,15.8875,pigeonpeas
18.6,64.5,30.4,28.23,60.34,6.25,119.9,113.5,0.2884,17.034,pigeonpeas
22.0,49.5,37.2,24.18,81.09,5.93,171.9,108.7,0.4444,19.6076,pigeonpeas
21.9,36.3,22.0,30.36,69.23,6.61,172.8,80.2,0.6033,21.0182,pigeonpeas
37.7,75.4,28.1,29.42,69.3,6.4,150.1,141.2,0.5,20.3881,pigeonpeas
8.4,45.0,30.9,29.93,63.48,8.29,165.3,84.3,0.1867,18.9996,pigeonpeas
23.9,44.4,19.0,27.03,61.33,6.94,143.9,87.3,0.5383,16.5775,pigeonpeas
15.9,18.4,24.4,39.48,47.65,7.73,66.3,58.7,0.8641,18.8122,mothbeans
19.7,21.3,15.6,28.98,50.73,7.52,72.7,56.6,0.9249,14.7016,mothbeans
17.5,27.6,12.2,25.34,44.99,7.9,68.0,57.3,0.6341,11.4005,mothbeans
14.3,25.0,20.6,23.99,20.58,7.69,33.5,59.9,0.572,4.9371,mothbeans
20.4,29.7,25.0,31.4,38.45,7.25,74.9,75.1,0.6869,12.0733,mothbeans
5.5,25.9,20.7,29.35,28.44,7.17,74.1,52.1,0.2124,8.3471,mothbeans
23.2,23.2,18.8,32.83,37.97,7.56,72.5,65.2,1.0,12.4656,mothbeans
8.2,35.7,19.6,32.53,49.8,7.69,65.6,63.5,0.2297,16.1999,mothbeans
12.5,24.5,23.7,25.59,43.05,8.1,63.3,60.7,0.5102,11.0165,mothbeans
14.8,30.8,14.5,24.74,51.48,8.0,75.5,60.1,0.4805,12.7362,mothbeans
14.4,23.0,17.6,33.18,43.42,7.13,88.9,55.0,0.6261,14.4068,mothbeans
19.0,28.5,16.2,32.54,27.02,7.35,45.7,63.7,0.6667,8.7923,mothbeans
10.8,29.6,13.3,30.3,15.0,7.74,76.2,53.7,0.3649,4.545,mothbeans
16.0,26.0,16.7,25.37,41.49,7.93,58.7,58.7,0.6154,10.526,mothbeans
12.7,13.2,22.4,33.89,37.86,7.87,58.1,48.3,0.9621,12.8308,mothbeans
16.2,25.1,20.3,37.09,30.23,7.37,37.0,61.6,0.6454,11.2123,mothbeans
14.7,31.2,20.6,33.11,22.99,6.77,55.7,66.5,0.4712,7.612,mothbeans
15.4,27.6,18.6,28.61,32.65,6.9,45.0,61.6,0.558,9.3412,mothbeans
12.8,27.2,20.1,32.18,38.06,7.54,53.0,60.1,0.4706,12.2477,mothbeans
13.0,16.4,14.8,26.54,46.66,7.57,43.5,44.2,0.7927,12.3836,mothbeans
16.1,21.4,16.8,36.23,41.89,6.85,53.3,54.3,0.7523,15.1767,mothbeans
18.8,27.1,18.8,32.33,56.08,7.42,53.9,64.7,0.6937,18.1307,mothbeans
12.6,27.1,19.1,24.93,29.64,7.72,61.5,58.8,0.4649,7.3893,mothbeans
11.5,31.1,19.3,30.8,48.81,6.82,35.8,61.9,0.3698,15.0335,mothbeans
17.5,24.3,17.4,33.85,40.47,7.95,38.3,59.2,0.7202,13.6991,mothbeans
14.9,27.0,16.5,30.67,46.95,7.21,65.4,58.4,0.5519,14.3996,mothbeans
18.3,25.1,30.6,30.9,35.63,8.03,48.0,74.0,0.7291,11.0097,mothbeans
11.4,20.1,21.6,27.1,50.72,7.13,76.1,53.1,0.5672,13.7451,mothbeans
7.9,13.7,19.7,34.27,42.95,6.89,63.4,41.3,0.5766,14.719,mothbeans
12.9,27.2,17.1,29.41,33.21,7.17,69.1,57.2,0.4743,9.7671,mothbeans
11.9,25.9,16.2,23.37,39.88,7.35,81.2,54.0,0.4595,9.32,mothbeans
14.7,21.9,17.5,30.51,37.6,7.21,55.4,54.1,0.6712,11.4718,mothbeans
12.5,16.9,19.2,35.92,44.89,7.29,51.4,48.6,0.7396,16.1245,mothbeans
18.0,28.1,10.5,30.45,28.2,7.57,73.1,56.6,0.6406,8.5869,mothbeans
13.8,23.7,11.7,38.95,39.71,7.31,67.6,49.2,0.5823,15.467,mothbeans
15.6,27.8,15.5,33.72,43.95,7.37,57.2,58.9,0.5612,14.8199,mothbeans
15.6,34.3,18.8,33.36,40.33,6.55,80.9,68.7,0.4548,13.4541,mothbeans
15.8,14.3,17.0,31.49,53.47,7.6,56.8,47.1,1.1049,16.8377,mothbeans
14.9,21.5,23.9,31.73,47.74,7.36,60.5,60.3,0.693,15.1479,mothbeans
17.0,24.0,12.1,30.95,39.93,8.21,60.3,53.1,0.7083,12.3583,mothbeans
11.8,32.3,15.0,30.79,42.17,6.93,46.0,59.1,0.3653,12.9841,mothbeans
20.6,16.8,24.1,34.12,42.96,6.5,61.2,61.5,1.2262,14.658,mothbeans
14.1,34.7,18.5,28.26,44.03,7.71,81.0,67.3,0.4063,12.4429,mothbeans
9.8,25.7,21.5,27.7,21.74,7.57,66.7,57.0,0.3813,6.022,mothbeans
15.8,24.5,26.2,27.51,36.98,6.9,60.5,66.5,0.6449,10.1732,mothbeans
11.6,24.0,15.2,40.18,25.16,6.64,57.6,50.8,0.4833,10.1093,mothbeans
17.7,22.8,17.6,34.12,52.78,8.17,65.0,58.1,0.7763,18.0085,mothbeans
23.8,30.2,16.9,33.22,39.39,8.11,71.2,70.9,0.7881,13.0854,mothbeans
11.9,19.7,10.2,27.77,38.07,6.16,69.1,41.8,0.6041,10.572,mothbeans
16.3,26.7,16.8,34.49,48.97,7.17,55.0,59.8,0.6105,16.8898,mothbeans
8.0,23.1,21.5,31.53,44.22,8.23,64.9,52.6,0.3463,13.9426,mothbeans
16.8,21.2,20.2,32.86,28.71,7.16,67.2,58.2,0.7925,9.4341,mothbeans
11.5,37.9,20.5,28.09,39.29,7.15,44.9,69.9,0.3034,11.0366,mothbeans
12.5,27.1,16.5,32.64,36.65,7.26,62.5,56.1,0.4613,11.9626,mothbeans
10.6,28.1,15.4,30.3,22.55,6.84,27.6,54.1,0.3772,6.8327,mothbeans
17.9,30.7,23.1,28.94,33.1,6.55,67.2,71.7,0.5831,9.5791,mothbeans
19.0,17.9,16.0,34.94,38.16,7.93,69.9,52.9,1.0615,13.3331,mothbeans
15.1,33.8,19.2,25.85,38.85,6.48,71.2,68.1,0.4467,10.0427,mothbeans
11.5,12.5,18.7,34.26,25.18,7.52,54.1,42.7,0.92,8.6267,mothbeans
21.4,21.2,23.8,34.74,51.52,7.84,64.6,66.4,1.0094,17.898,mothbeans
12.0,22.7,21.9,28.48,38.98,6.67,81.4,56.6,0.5286,11.1015,mothbeans
6.4,27.9,12.8,28.72,40.38,6.94,81.2,47.1,0.2294,11.5971,mothbeans
16.8,26.1,13.2,31.11,44.01,8.01,59.6,56.1,0.6437,13.6915,mothbeans
10.6,24.2,20.3,33.13,32.12,7.67,62.1,55.1,0.438,10.6414,mothbeans
19.0,24.9,17.7,31.39,44.56,7.09,76.7,61.6,0.7631,13.9874,mothbeans
13.5,20.1,16.2,33.73,36.33,8.0,37.5,49.8,0.6716,12.2541,mothbeans
17.4,17.5,22.1,39.05,31.03,8.0,55.2,57.0,0.9943,12.1172,mothbeans
20.6,28.6,18.7,29.97,45.73,7.53,80.0,67.9,0.7203,13.7053,mothbeans
10.2,28.5,18.2,25.14,54.92,6.95,74.6,56.9,0.3579,13.8069,mothbeans
12.7,32.9,21.1,35.3,47.25,7.19,65.5,66.7,0.386,16.6792,mothbeans
14.7,21.0,16.5,38.73,49.23,7.54,37.4,52.2,0.7,19.0668,mothbeans
21.2,28.5,24.3,33.57,34.79,7.31,59.3,74.0,0.7439,11.679,mothbeans
12.4,23.6,14.8,27.65,24.02,7.87,51.2,50.8,0.5254,6.6415,mothbeans
12.6,31.0,20.6,31.5,54.9,6.64,65.0,64.2,0.4065,17.2935,mothbeans
16.9,30.1,23.7,27.53,60.55,6.65,47.9,70.7,0.5615,16.6694,mothbeans
12.7,26.1,12.5,34.57,55.43,7.49,44.6,51.3,0.4866,19.1622,mothbeans
15.6,23.3,16.6,26.59,36.64,7.15,29.0,55.5,0.6695,9.7426,mothbeans
8.8,29.8,22.6,30.8,28.45,7.09,78.3,61.2,0.2953,8.7626,mothbeans
23.9,28.2,22.6,27.98,29.34,6.52,54.0,74.7,0.8475,8.2093,mothbeans
9.6,21.6,17.3,32.51,23.16,7.41,62.4,48.5,0.4444,7.5293,mothbeans
13.7,18.4,15.1,30.53,38.93,7.37,60.0,47.2,0.7446,11.8853,mothbeans
14.9,23.6,21.8,32.71,56.06,7.73,44.0,60.3,0.6314,18.3372,mothbeans
22.7,32.6,22.7,32.09,38.58,7.43,41.1,78.0,0.6963,12.3803,mothbeans
9.7,30.7,13.3,28.05,43.02,7.33,44.9,53.7,0.316,12.0671,mothbeans
22.9,19.4,13.2,34.51,53.76,7.99,49.2,55.5,1.1804,18.5526,mothbeans
18.0,19.2,18.9,31.8,35.96,6.74,65.5,56.1,0.9375,11.4353,mothbeans
16.7,31.4,20.5,28.05,60.36,7.67,48.1,68.6,0.5318,16.931,mothbeans
11.1,19.3,16.8,40.96,59.92,6.56,86.2,47.2,0.5751,24.5432,mothbeans
17.3,27.5,20.7,33.91,38.69,6.98,75.4,65.5,0.6291,13.1198,mothbeans
12.1,21.9,15.2,31.39,34.22,6.79,72.1,49.2,0.5525,10.7417,mothbeans
20.1,33.1,9.5,37.66,46.97,7.79,58.2,62.7,0.6073,17.6889,mothbeans
11.1,21.1,16.3,39.37,36.52,7.37,82.7,48.5,0.5261,14.3779,mothbeans
14.5,30.7,18.3,31.42,28.43,7.39,56.7,63.5,0.4723,8.9327,mothbeans
12.8,25.9,16.9,33.39,52.81,6.85,59.5,55.6,0.4942,17.6333,mothbeans
11.0,26.3,13.4,28.05,52.16,7.25,62.5,50.7,0.4183,14.6309,mothbeans
18.0,15.1,10.7,31.41,41.56,7.02,70.5,43.8,1.1921,13.054,mothbeans
17.1,14.0,15.9,31.2,27.37,7.59,69.6,47.0,1.2214,8.5394,mothbeans
19.8,23.9,21.6,32.74,27.7,6.9,52.9,65.3,0.8285,9.069,mothbeans
7.9,26.2,23.0,33.33,41.07,8.06,52.0,57.1,0.3015,13.6886,mothbeans
19.3,19.4,22.8,34.24,35.0,6.56,69.6,61.5,0.9948,11.984,mothbeans
25.0,19.6,14.7,32.95,36.59,7.0,70.7,59.3,1.2755,12.0564,mothbeans
13.2,27.8,13.4,27.16,50.22,8.24,54.1,54.4,0.4748,13.6398,mothbeans
22.6,27.8,20.0,28.25,47.33,7.18,36.2,70.4,0.8129,13.3707,mothbeans
13.9,24.3,20.5,29.81,53.78,6.74,56.9,58.7,0.572,16.0318,mothbeans
9.5,28.9,19.6,30.87,30.09,7.51,69.4,58.0,0.3287,9.2888,mothbeans
13.8,19.1,9.9,36.2,36.57,7.16,87.1,42.8,0.7225,13.2383,mothbeans
19.2,23.2,14.5,27.35,47.59,6.98,42.0,56.9,0.8276,13.0159,mothbeans
11.6,33.2,17.9,30.57,44.48,6.85,53.6,62.7,0.3494,13.5975,mothbeans
12.6,25.3,19.9,35.81,55.32,8.78,54.2,57.8,0.498,19.8101,mothbeans
17.4,25.6,21.1,30.8,44.21,7.27,80.3,64.1,0.6797,13.6167,mothbeans
15.0,36.5,18.6,33.84,58.48,6.44,59.5,70.1,0.411,19.7896,mothbeans
17.3,18.0,19.3,31.44,45.4,8.15,46.4,54.6,0.9611,14.2738,mothbeans
16.0,29.0,18.3,33.03,50.62,7.71,68.4,63.3,0.5517,16.7198,mothbeans
16.9,33.3,20.7,31.09,36.76,7.02,53.9,70.9,0.5075,11.4287,mothbeans
13.3,23.4,19.3,34.67,40.14,6.93,41.6,56.0,0.5684,13.9165,mothbeans
15.9,29.3,18.3,25.82,49.11,7.74,46.6,63.5,0.5427,12.6802,mothbeans
11.3,20.1,16.9,30.55,56.13,7.28,86.0,48.3,0.5622,17.1477,mothbeans
20.2,21.6,18.3,33.19,47.29,6.44,65.8,60.1,0.9352,15.6956,mothbeans
12.5,26.9,19.9,34.13,39.17,8.29,61.6,59.3,0.4647,13.3687,mothbeans
19.5,29.0,19.1,37.97,53.77,7.18,56.3,67.6,0.6724,20.4165,mothbeans
14.1,30.6,19.5,30.44,18.08,8.15,64.4,64.2,0.4608,5.5036,mothbeans
15.8,32.8,23.4,37.92,25.78,8.04,64.2,72.0,0.4817,9.7758,mothbeans
13.0,24.7,19.1,29.36,46.82,6.9,64.4,56.8,0.5263,13.7464,mothbeans
10.9,31.0,15.4,37.31,40.14,7.92,61.7,57.3,0.3516,14.9762,mothbeans
8.0,23.3,21.5,35.27,46.06,7.07,73.0,52.8,0.3433,16.2454,mothbeans
10.8,29.5,12.5,28.35,40.64,6.47,60.3,52.8,0.3661,11.5214,mothbeans
13.7,26.0,13.7,33.23,45.71,7.19,45.3,53.4,0.5269,15.1894,mothbeans
15.8,27.2,19.3,31.8,31.86,7.6,50.8,62.3,0.5809,10.1315,mothbeans
19.0,27.1,20.1,34.5,45.7,7.17,30.3,66.2,0.7011,15.7665,mothbeans
13.2,17.0,13.0,31.11,49.94,7.25,90.4,43.2,0.7765,15.5363,mothbeans
11.5,19.4,16.5,30.77,52.21,7.97,72.9,47.4,0.5928,16.065,mothbeans
9.2,25.5,15.6,37.48,60.14,7.45,47.5,50.3,0.3608,22.5405,mothbeans
16.9,16.6,16.1,31.61,42.44,6.98,55.8,49.6,1.0181,13.4153,mothbeans
20.5,29.2,21.8,35.31,42.74,7.75,50.4,71.5,0.7021,15.0915,mothbeans
20.1,29.4,20.8,31.1,24.77,7.5,83.1,70.3,0.6837,7.7035,mothbeans
17.8,26.6,17.9,38.67,34.69,6.14,38.7,62.3,0.6692,13.4146,mothbeans
17.6,19.4,15.8,29.29,38.07,7.61,61.7,52.8,0.9072,11.1507,mothbeans
21.8,31.9,12.6,29.54,50.5,7.6,58.4,66.3,0.6834,14.9177,mothbeans
16.3,35.2,23.7,38.1,33.89,7.41,72.4,75.2,0.4631,12.9121,mothbeans
17.6,25.7,20.4,30.22,47.96,7.85,58.4,63.7,0.6848,14.4935,mothbeans
13.7,27.6,15.2,38.4,39.98,7.06,33.6,56.5,0.4964,15.3523,mothbeans
9.6,26.0,20.9,35.57,38.23,7.57,56.2,56.5,0.3692,13.5984,mothbeans
12.3,27.7,17.7,31.38,42.49,6.62,45.4,57.7,0.444,13.3334,mothbeans
15.0,24.4,16.9,24.75,36.09,7.6,61.2,56.3,0.6148,8.9323,mothbeans
15.2,24.8,19.7,31.92,35.71,8.38,81.5,59.7,0.6129,11.3986,mothbeans
22.7,29.5,15.0,32.41,22.95,6.9,33.9,67.2,0.7695,7.4381,mothbeans
15.3,36.7,16.6,36.67,37.52,7.02,48.0,68.6,0.4169,13.7586,mothbeans
19.7,18.0,18.5,38.35,35.2,7.04,51.7,56.2,1.0944,13.4992,mothbeans
13.3,24.5,16.0,29.26,34.84,7.46,54.3,53.8,0.5429,10.1942,mothbeans
13.8,19.1,20.7,35.2,44.17,6.87,71.1,53.6,0.7225,15.5478,mothbeans
19.1,22.4,17.6,32.27,45.82,6.92,92.8,59.1,0.8527,14.7861,mungbean
22.1,50.1,20.7,30.29,65.09,6.89,59.5,92.9,0.4411,19.7158,mungbean
16.9,41.5,14.6,25.09,54.63,7.0,87.3,73.0,0.4072,13.7067,mungbean
21.1,37.0,21.7,28.85,51.23,6.82,72.8,79.8,0.5703,14.7799,mungbean
23.9,46.9,17.7,32.4,51.16,6.8,103.9,88.5,0.5096,16.5758,mungbean
16.3,52.2,25.2,24.6,63.47,7.28,141.5,93.7,0.3123,15.6136,mungbean
23.9,17.6,23.9,31.23,58.22,7.41,100.0,65.4,1.358,18.1821,mungbean
20.3,43.5,17.5,37.13,46.54,6.2,50.2,81.3,0.4667,17.2803,mungbean
25.2,28.6,19.4,32.72,63.82,6.8,82.8,73.2,0.8811,20.8819,mungbean
19.0,44.0,17.2,33.95,48.48,6.52,92.4,80.2,0.4318,16.459,mungbean
21.9,41.0,12.9,29.76,61.12,6.68,91.7,75.8,0.5341,18.1893,mungbean
19.8,45.1,15.7,32.39,61.91,6.96,75.4,80.6,0.439,20.0526,mungbean
19.5,36.0,21.0,26.49,67.08,7.07,94.9,76.5,0.5417,17.7695,mungbean
21.3,25.0,21.6,31.79,74.25,6.76,65.1,67.9,0.852,23.6041,mungbean
22.7,36.4,20.7,31.29,49.08,6.03,71.1,79.8,0.6236,15.3571,mungbean
13.8,43.3,18.5,30.01,59.58,6.41,102.9,75.6,0.3187,17.88,mungbean
27.2,48.1,24.7,33.61,57.79,7.16,69.7,100.0,0.5655,19.4232,mungbean
10.7,30.6,20.3,27.11,63.47,5.7,100.8,61.6,0.3497,17.2067,mungbean
16.6,48.2,23.5,28.35,61.73,7.27,62.6,88.3,0.3444,17.5005,mungbean
19.5,34.8,11.1,29.33,57.18,7.01,125.3,65.4,0.5603,16.7709,mungbean
22.1,42.9,5.0,25.4,56.47,7.33,74.5,70.0,0.5152,14.3434,mungbean
27.9,35.9,21.4,29.79,51.07,6.72,85.5,85.2,0.7772,15.2138,mungbean
10.7,41.5,12.9,22.98,67.9,5.98,96.6,65.1,0.2578,15.6034,mungbean
17.5,47.1,18.9,32.66,63.67,6.97,78.7,83.5,0.3715,20.7946,mungbean
9.4,30.2,18.5,29.16,67.34,7.31,92.9,58.1,0.3113,19.6363,mungbean
20.2,34.6,27.9,27.18,57.52,7.17,101.5,82.7,0.5838,15.6339,mungbean
21.4,41.5,22.0,26.08,54.75,6.53,109.2,84.9,0.5157,14.2788,mungbean
28.0,59.2,20.8,28.18,51.37,6.83,105.8,108.0,0.473,14.4761,mungbean
20.6,33.1,24.2,31.41,62.87,6.59,86.6,77.9,0.6224,19.7475,mungbean
25.2,56.3,21.8,30.92,51.68,6.47,87.1,103.3,0.4476,15.9795,mungbean
22.9,56.0,17.7,26.53,74.79,7.18,137.0,96.6,0.4089,19.8418,mungbean
17.8,39.2,25.4,26.04,49.54,6.32,109.0,82.4,0.4541,12.9002,mungbean
13.0,37.6,14.5,31.3,62.19,6.44,71.6,65.1,0.3457,19.4655,mungbean
21.4,34.5,21.6,26.47,72.53,6.36,92.0,77.5,0.6203,19.1987,mungbean
12.5,39.5,12.3,29.21,64.79,6.2,83.3,64.3,0.3165,18.9252,mungbean
26.5,28.7,21.0,29.43,61.41,6.86,87.3,76.2,0.9233,18.073,mungbean
19.2,39.4,21.0,30.09,52.25,7.26,65.4,79.6,0.4873,15.722,mungbean
26.0,52.0,28.4,32.0,48.95,6.73,81.8,106.4,0.5,15.664,mungbean
17.6,35.1,12.2,24.58,66.16,6.2,126.2,64.9,0.5014,16.2621,mungbean
21.3,38.1,17.0,22.31,72.05,7.14,101.6,76.4,0.5591,16.0744,mungbean
21.0,26.4,24.1,27.01,56.49,7.47,40.2,71.5,0.7955,15.2579,mungbean
19.8,43.0,21.7,35.31,50.89,6.54,114.3,84.5,0.4605,17.9693,mungbean
17.8,42.1,20.9,36.08,40.33,6.61,111.8,80.8,0.4228,14.5511,mungbean
22.0,40.5,15.2,35.41,52.15,7.01,82.8,77.7,0.5432,18.4663,mungbean
15.4,38.3,17.0,28.32,59.09,7.45,104.3,70.7,0.4021,16.7343,mungbean
14.0,37.7,26.2,22.76,72.79,6.59,72.8,77.9,0.3714,16.567,mungbean
26.2,44.0,19.7,20.8,65.39,6.27,80.6,89.9,0.5955,13.6011,mungbean
23.6,39.8,21.9,26.85,62.44,7.05,120.0,85.3,0.593,16.7651,mungbean
20.3,42.5,19.4,28.31,56.8,7.12,84.6,82.2,0.4776,16.0801,mungbean
28.3,41.7,14.1,33.55,55.33,6.8,52.6,84.1,0.6787,18.5632,mungbean
18.7,49.0,24.7,32.04,71.25,6.58,88.7,92.4,0.3816,22.8285,mungbean
26.6,45.4,22.5,29.8,61.61,7.2,88.4,94.5,0.5859,18.3598,mungbean
20.9,41.5,31.5,25.89,43.18,7.01,114.0,93.9,0.5036,11.1793,mungbean
14.9,52.1,14.9,25.64,54.61,6.49,90.3,81.9,0.286,14.002,mungbean
29.2,43.4,24.1,29.89,53.13,6.82,81.6,96.7,0.6728,15.8806,mungbean
25.0,50.4,13.4,31.44,55.63,6.26,110.9,88.8,0.496,17.4901,mungbean
19.4,44.9,20.8,30.37,64.5,7.07,92.4,85.1,0.4321,19.5887,mungbean
23.6,25.3,24.9,25.38,59.14,6.7,75.0,73.8,0.9328,15.0097,mungbean
18.0,50.4,9.6,31.28,59.39,6.63,113.1,78.0,0.3571,18.5772,mungbean
24.1,41.1,19.0,30.49,70.51,6.79,93.9,84.2,0.5864,21.4985,mungbean
8.0,39.6,17.2,25.25,54.43,6.82,90.1,64.8,0.202,13.7436,mungbean
14.9,42.3,16.5,26.25,74.91,7.16,93.6,73.7,0.3522,19.6639,mungbean
24.9,37.2,21.9,31.41,54.63,7.04,68.6,84.0,0.6694,17.1593,mungbean
18.8,41.8,25.6,28.18,60.71,6.74,79.4,86.2,0.4498,17.1081,mungbean
21.0,35.3,19.3,34.56,57.75,7.11,90.1,75.6,0.5949,19.9584,mungbean
13.3,50.2,21.0,30.75,60.99,6.96,86.1,84.5,0.2649,18.7544,mungbean
29.2,39.1,20.6,27.3,63.56,6.63,115.4,88.9,0.7468,17.3519,mungbean
26.0,36.9,20.0,28.96,63.47,6.75,94.3,82.9,0.7046,18.3809,mungbean
19.0,32.6,14.6,29.22,53.98,6.74,107.1,66.2,0.5828,15.773,mungbean
18.0,42.2,25.5,26.45,51.02,7.0,90.2,85.7,0.4265,13.4948,mungbean
25.1,41.5,21.5,25.81,80.03,6.65,111.1,88.1,0.6048,20.6557,mungbean
29.9,43.1,22.0,31.45,56.13,6.64,98.0,95.0,0.6937,17.6529,mungbean
24.8,31.8,16.0,31.96,65.59,7.59,90.3,72.6,0.7799,20.9626,mungbean
30.9,27.2,17.7,31.11,47.14,7.18,89.7,75.8,1.136,14.6653,mungbean
15.4,45.0,19.1,34.3,57.76,6.5,70.9,79.5,0.3422,19.8117,mungbean
15.9,51.9,12.3,27.1,58.98,7.03,100.1,80.1,0.3064,15.9836,mungbean
14.1,31.8,11.6,34.86,63.78,6.85,89.2,57.5,0.4434,22.2337,mungbean
22.2,52.7,17.0,25.85,38.22,6.96,80.0,91.9,0.4213,9.8799,mungbean
20.9,42.3,22.6,25.46,61.33,6.85,112.1,85.8,0.4941,15.6146,mungbean
19.2,39.9,16.7,22.84,50.8,7.28,65.0,75.8,0.4812,11.6027,mungbean
24.0,36.8,14.9,27.44,62.59,6.94,81.6,75.7,0.6522,17.1747,mungbean
26.2,28.9,15.9,27.24,51.71,6.78,110.6,71.0,0.9066,14.0858,mungbean
12.4,47.9,17.7,30.84,53.16,7.22,96.3,78.0,0.2589,16.3945,mungbean
17.0,33.8,18.2,29.85,57.81,6.89,89.0,69.0,0.503,17.2563,mungbean
24.1,33.8,30.8,24.82,51.58,6.85,95.0,88.7,0.713,12.8022,mungbean
17.7,47.9,25.3,27.63,56.2,6.93,93.6,90.9,0.3695,15.5281,mungbean
16.0,24.9,25.1,27.7,50.45,6.76,59.7,66.0,0.6426,13.9747,mungbean
25.1,27.8,25.8,22.78,45.33,6.8,83.0,78.7,0.9029,10.3262,mungbean
13.6,39.9,15.0,25.57,68.14,6.57,122.3,68.5,0.3409,17.4234,mungbean
18.5,42.3,13.9,26.3,49.63,6.5,76.8,74.7,0.4374,13.0527,mungbean
21.6,43.9,14.5,34.02,58.57,6.4,83.6,80.0,0.492,19.9255,mungbean
17.1,37.6,26.7,29.67,66.02,6.24,79.2,81.4,0.4548,19.5881,mungbean
23.9,60.2,17.3,31.32,55.08,6.45,88.3,101.4,0.397,17.2511,mungbean
17.2,38.2,13.7,23.75,53.4,6.73,78.3,69.1,0.4503,12.6825,mungbean
27.0,38.2,17.8,33.18,61.81,6.84,99.7,83.0,0.7068,20.5086,mungbean
19.4,33.6,18.8,33.55,68.94,6.69,93.9,71.8,0.5774,23.1294,mungbean
23.4,41.0,21.3,22.01,50.65,5.86,105.5,85.7,0.5707,11.1481,mungbean
23.7,44.9,21.3,26.53,58.8,7.43,69.0,89.9,0.5278,15.5996,mungbean
16.9,49.6,15.9,30.74,46.14,7.23,83.2,82.4,0.3407,14.1834,mungbean
9.7,28.1,23.4,31.26,56.85,6.98,85.5,61.2,0.3452,17.7713,mungbean
21.8,38.0,16.8,26.63,60.27,7.56,99.1,76.6,0.5737,16.0499,mungbean
20.4,43.6,19.2,27.93,53.16,6.41,74.1,83.2,0.4679,14.8476,mungbean
22.8,44.7,23.4,26.91,56.34,7.56,108.3,90.9,0.5101,15.1611,mungbean
18.9,40.1,16.8,29.39,48.73,6.41,113.7,75.8,0.4713,14.3217,mungbean
17.8,44.3,17.2,33.19,60.62,6.9,70.2,79.3,0.4018,20.1198,mungbean
30.0,33.5,23.0,26.3,68.45,6.29,80.2,86.5,0.8955,18.0023,mungbean
12.6,52.5,15.7,32.5,51.22,6.81,79.4,80.8,0.24,16.6465,mungbean
23.7,47.9,18.1,26.26,55.02,6.95,142.6,89.7,0.4948,14.4483,mungbean
17.1,29.2,22.8,26.03,64.02,6.74,81.4,69.1,0.5856,16.6644,mungbean
18.3,31.4,30.3,31.87,69.7,7.09,123.6,80.0,0.5828,22.2134,mungbean
18.4,31.6,23.0,32.23,48.05,6.84,64.7,73.0,0.5823,15.4865,mungbean
16.0,45.4,22.4,31.98,58.65,6.59,70.2,83.8,0.3524,18.7563,mungbean
22.9,29.7,22.7,24.39,62.27,6.57,76.3,75.3,0.771,15.1877,mungbean
27.0,37.4,14.6,27.37,59.18,7.12,73.1,79.0,0.7219,16.1976,mungbean
22.4,43.6,20.6,31.88,40.19,6.54,84.6,86.6,0.5138,12.8126,mungbean
20.5,39.5,19.9,29.15,64.01,7.17,75.8,79.9,0.519,18.6589,mungbean
15.1,42.1,21.6,25.24,72.15,7.29,73.6,78.8,0.3587,18.2107,mungbean
22.6,31.5,20.6,30.6,60.93,6.13,113.2,74.7,0.7175,18.6446,mungbean
30.8,44.8,21.9,26.5,51.75,7.25,114.5,97.5,0.6875,13.7137,mungbean
18.1,35.1,18.4,35.28,55.89,7.62,109.0,71.6,0.5157,19.718,mungbean
18.1,37.4,20.3,34.41,74.16,6.9,100.5,75.8,0.484,25.5185,mungbean
17.2,41.9,13.9,31.11,67.28,7.04,91.9,73.0,0.4105,20.9308,mungbean
17.6,40.8,18.4,33.76,65.12,7.21,80.1,76.8,0.4314,21.9845,mungbean
6.3,40.2,27.0,29.23,62.85,6.69,70.9,73.5,0.1567,18.3711,mungbean
22.0,34.0,21.6,31.68,54.71,6.87,97.3,77.6,0.6471,17.3321,mungbean
15.8,37.6,19.9,34.17,58.4,6.27,66.5,73.3,0.4202,19.9553,mungbean
11.9,40.0,29.5,29.86,59.38,6.86,70.1,81.4,0.2975,17.7309,mungbean
23.8,29.0,13.2,28.11,64.4,7.0,113.1,66.0,0.8207,18.1028,mungbean
14.6,36.3,14.5,23.03,72.07,7.01,128.0,65.4,0.4022,16.5977,mungbean
18.3,43.1,28.6,28.71,68.95,7.23,97.9,90.0,0.4246,19.7955,mungbean
27.3,29.8,20.2,31.88,48.64,6.49,112.1,77.3,0.9161,15.5064,mungbean
13.0,49.3,18.8,32.31,61.79,6.59,85.1,81.1,0.2637,19.9643,mungbean
12.3,50.2,14.0,30.77,65.89,7.56,63.2,76.5,0.245,20.2744,mungbean
21.3,30.0,22.2,27.11,64.95,6.74,102.2,73.5,0.71,17.6079,mungbean
25.7,50.9,22.7,22.08,54.97,6.88,101.4,99.3,0.5049,12.1374,mungbean
12.1,38.9,14.5,27.27,83.31,6.77,91.4,65.5,0.3111,22.7186,mungbean
22.0,43.3,19.3,27.93,49.78,6.47,85.2,84.6,0.5081,13.9036,mungbean
22.9,36.0,18.3,27.9,51.33,7.45,109.2,77.2,0.6361,14.3211,mungbean
9.7,47.4,21.3,31.16,61.87,6.59,70.3,78.4,0.2046,19.2787,mungbean
24.0,43.2,14.4,35.95,76.93,6.35,74.5,81.6,0.5556,27.6563,mungbean
24.4,33.5,26.3,29.43,53.31,6.62,69.8,84.2,0.7284,15.6891,mungbean
18.4,30.7,24.6,28.24,57.87,6.0,91.7,73.7,0.5993,16.3425,mungbean
26.3,28.3,18.2,28.09,68.62,6.54,68.2,72.8,0.9293,19.2754,mungbean
25.7,41.5,18.9,29.44,59.86,6.41,76.3,86.1,0.6193,17.6228,mungbean
20.5,44.6,19.3,26.1,57.32,7.05,75.9,84.4,0.4596,14.9605,mungbean
17.7,45.2,16.1,29.42,64.53,6.53,84.8,79.0,0.3916,18.9847,mungbean
15.1,39.1,17.8,30.58,62.18,7.16,60.3,72.0,0.3862,19.0146,mungbean
19.8,30.7,18.6,29.73,68.24,7.36,91.7,69.1,0.645,20.2878,mungbean
22.8,34.5,28.1,30.6,70.33,7.11,114.9,85.4,0.6609,21.521,mungbean
18.4,49.2,24.7,30.52,62.46,6.71,92.7,92.3,0.374,19.0628,mungbean
29.7,40.2,19.2,25.92,67.97,7.21,101.5,89.1,0.7388,17.6178,blackgram
28.7,43.9,24.6,31.08,57.07,6.66,89.2,97.2,0.6538,17.7374,blackgram
25.9,38.9,23.5,30.53,57.27,6.36,90.9,88.3,0.6658,17.4845,blackgram
22.4,28.7,22.2,28.95,66.89,6.97,81.2,73.3,0.7805,19.3647,blackgram
22.1,35.2,26.7,25.99,70.43,6.58,113.4,84.0,0.6278,18.3048,blackgram
25.8,53.6,18.7,27.55,50.0,6.95,117.6,98.1,0.4813,13.775,blackgram
20.0,53.5,19.1,21.54,69.18,5.61,88.0,92.6,0.3738,14.9014,blackgram
12.6,34.9,21.9,28.67,60.65,6.7,138.5,69.4,0.361,17.3884,blackgram
24.5,47.4,18.8,29.05,63.46,6.52,98.1,90.7,0.5169,18.4351,blackgram
16.3,32.6,24.5,28.4,54.28,6.27,138.7,73.4,0.5,15.4155,blackgram
17.2,53.2,18.4,19.08,58.19,6.48,90.9,88.8,0.3233,11.1027,blackgram
22.0,44.0,23.1,24.2,72.73,6.47,60.4,89.1,0.5,17.6007,blackgram
21.5,49.6,21.5,25.76,65.26,6.68,113.8,92.6,0.4335,16.811,blackgram
14.9,28.3,23.1,28.87,61.94,6.15,110.5,66.3,0.5265,17.8821,blackgram
22.8,47.4,19.7,28.87,64.07,6.83,105.8,89.9,0.481,18.497,blackgram
26.8,41.9,20.3,27.49,68.91,7.25,90.9,89.0,0.6396,18.9434,blackgram
16.4,48.8,22.5,29.91,68.52,6.81,104.2,87.7,0.3361,20.4943,blackgram
28.4,49.3,23.0,24.92,64.4,7.02,93.8,100.7,0.5761,16.0485,blackgram
14.2,42.5,22.0,29.83,73.74,7.14,98.3,78.7,0.3341,21.9966,blackgram
32.6,37.2,30.5,29.42,72.76,7.19,123.5,100.3,0.8763,21.406,blackgram
19.9,48.2,17.0,29.13,68.31,7.45,109.1,85.1,0.4129,19.8987,blackgram
22.7,41.5,21.7,27.45,65.44,6.5,118.4,85.9,0.547,17.9633,blackgram
12.5,35.0,14.1,33.49,70.26,6.41,99.9,61.6,0.3571,23.5301,blackgram
21.7,34.6,23.9,29.48,67.51,7.01,97.5,80.2,0.6272,19.9019,blackgram
23.1,30.2,16.4,25.09,73.49,6.98,79.6,69.7,0.7649,18.4386,blackgram
21.6,37.9,20.6,28.74,72.2,7.01,96.9,80.1,0.5699,20.7503,blackgram
19.2,50.8,20.1,30.26,56.85,7.46,31.9,90.1,0.378,17.2028,blackgram
17.3,43.4,23.4,26.24,56.31,6.7,92.0,84.1,0.3986,14.7757,blackgram
27.7,37.8,19.2,31.27,59.39,6.87,103.2,84.7,0.7328,18.5713,blackgram
22.2,48.4,19.0,29.15,72.81,6.31,117.4,89.6,0.4587,21.2241,blackgram
29.7,35.3,29.2,20.97,52.39,7.55,99.1,94.2,0.8414,10.9862,blackgram
19.4,42.8,23.4,28.9,68.16,6.57,112.6,85.6,0.4533,19.6982,blackgram
19.8,40.6,19.2,26.78,67.9,6.58,57.0,79.6,0.4877,18.1836,blackgram
26.1,48.2,20.7,29.61,74.3,6.56,103.7,95.0,0.5415,22.0002,blackgram
13.9,29.4,30.2,30.83,66.44,6.44,68.1,73.5,0.4728,20.4835,blackgram
15.9,35.2,20.8,28.59,54.25,6.41,78.4,71.9,0.4517,15.5101,blackgram
27.5,28.9,18.6,33.0,57.33,6.49,100.9,75.0,0.9516,18.9189,blackgram
16.1,39.9,18.6,27.46,55.54,6.15,133.1,74.6,0.4035,15.2513,blackgram
12.9,51.7,19.3,29.87,60.7,6.39,113.2,83.9,0.2495,18.1311,blackgram
31.3,38.0,19.0,30.41,63.54,7.48,105.4,88.3,0.8237,19.3225,blackgram
15.0,37.9,15.6,27.71,55.68,6.99,104.6,68.5,0.3958,15.4289,blackgram
22.9,49.0,16.4,30.34,76.77,7.07,89.3,88.3,0.4673,23.292,blackgram
22.3,50.5,17.9,26.22,54.4,7.17,93.0,90.7,0.4416,14.2637,blackgram
7.9,41.3,25.0,26.73,75.77,7.43,114.4,74.2,0.1913,20.2533,blackgram
20.7,47.5,20.1,24.06,74.48,5.99,74.5,88.3,0.4358,17.9199,blackgram
24.2,33.4,21.0,28.72,72.19,6.21,118.0,78.6,0.7246,20.733,blackgram
23.8,53.0,28.4,28.98,59.45,6.38,96.5,105.2,0.4491,17.2286,blackgram
26.5,59.2,28.5,31.54,67.74,6.51,123.2,114.2,0.4476,21.3652,blackgram
20.1,46.2,20.6,30.37,54.78,6.58,126.1,86.9,0.4351,16.6367,blackgram
25.6,25.3,18.8,27.15,72.29,6.52,68.2,69.7,1.0119,19.6267,blackgram
18.6,37.5,17.7,24.47,64.41,6.79,92.2,73.8,0.496,15.7611,blackgram
14.9,46.9,25.5,29.3,61.73,6.71,86.2,87.3,0.3177,18.0869,blackgram
15.5,38.6,21.0,31.33,55.21,6.41,65.1,75.1,0.4016,17.2973,blackgram
14.7,52.2,20.1,30.27,45.18,5.83,82.3,87.0,0.2816,13.676,blackgram
27.0,46.7,17.9,31.25,56.69,6.3,158.7,91.6,0.5782,17.7156,blackgram
14.4,36.3,18.2,27.36,73.9,6.48,118.4,68.9,0.3967,20.219,blackgram
23.4,42.3,23.6,26.6,61.78,6.6,147.2,89.3,0.5532,16.4335,blackgram
20.7,34.8,15.4,25.79,63.65,6.25,123.2,70.9,0.5948,16.4153,blackgram
21.5,40.5,27.0,27.83,70.24,6.5,88.7,89.0,0.5309,19.5478,blackgram
28.8,37.6,19.3,27.76,79.45,6.25,96.6,85.7,0.766,22.0553,blackgram
19.8,51.4,21.3,28.62,75.6,6.65,117.9,92.5,0.3852,21.6367,blackgram
25.1,58.9,15.3,27.61,57.22,6.27,114.6,99.3,0.4261,15.7984,blackgram
22.2,30.6,21.9,27.6,49.46,6.36,92.3,74.7,0.7255,13.651,blackgram
21.2,26.6,20.4,25.67,83.88,6.18,71.8,68.2,0.797,21.532,blackgram
33.5,40.0,21.7,30.82,83.15,6.64,177.3,95.2,0.8375,25.6268,blackgram
14.8,29.9,29.4,28.23,66.51,6.35,101.9,74.1,0.495,18.7758,blackgram
28.4,42.4,22.9,27.48,54.84,7.06,97.8,93.7,0.6698,15.07,blackgram
25.3,48.0,18.0,25.76,72.71,6.86,107.5,91.3,0.5271,18.7301,blackgram
19.6,54.0,18.4,24.0,64.14,6.67,99.7,92.0,0.363,15.3936,blackgram
30.1,43.6,25.0,31.92,64.1,6.38,107.7,98.7,0.6904,20.4607,blackgram
12.8,40.5,28.5,29.66,72.16,6.85,133.3,81.8,0.316,21.4027,blackgram
19.4,26.2,23.4,23.13,67.67,6.98,102.3,69.0,0.7405,15.6521,blackgram
16.0,42.2,25.4,30.29,55.51,6.76,79.4,83.6,0.3791,16.814,blackgram
24.1,42.6,25.0,30.77,62.4,7.34,101.4,91.7,0.5657,19.2005,blackgram
16.4,47.1,29.1,28.37,70.29,6.88,94.8,92.6,0.3482,19.9413,blackgram
24.2,36.3,12.3,32.79,69.08,7.07,136.3,72.8,0.6667,22.6513,blackgram
21.1,38.5,25.3,28.65,67.1,6.75,130.8,84.9,0.5481,19.2241,blackgram
19.6,30.2,26.9,23.75,72.47,6.97,107.4,76.7,0.649,17.2116,blackgram
23.9,23.7,15.3,29.1,62.11,6.38,76.9,62.9,1.0084,18.074,blackgram
20.7,33.1,17.6,28.73,66.43,6.52,78.0,71.4,0.6254,19.0853,blackgram
16.6,29.4,17.7,26.19,38.0,6.84,105.3,63.7,0.5646,9.9522,blackgram
36.0,44.7,18.4,29.72,61.4,6.84,112.4,99.1,0.8054,18.2481,blackgram
19.6,37.9,19.6,23.0,71.11,6.9,96.8,77.1,0.5172,16.3553,blackgram
10.9,37.7,23.2,30.97,61.88,7.14,94.4,71.8,0.2891,19.1642,blackgram
17.8,34.1,26.3,25.37,61.27,6.13,92.0,78.2,0.522,15.5442,blackgram
15.7,16.1,27.4,25.05,56.67,6.31,104.5,59.2,0.9752,14.1958,blackgram
26.1,54.1,17.8,27.66,73.03,6.79,52.6,98.0,0.4824,20.2001,blackgram
23.6,34.0,17.8,29.3,69.39,6.41,80.8,75.4,0.6941,20.3313,blackgram
24.0,38.7,28.6,28.49,71.6,8.05,91.2,91.3,0.6202,20.3988,blackgram
20.1,30.4,25.2,25.77,51.19,6.91,131.6,75.7,0.6612,13.1917,blackgram
20.6,49.8,22.4,26.48,63.72,6.67,87.1,92.8,0.4137,16.8731,blackgram
20.1,43.1,24.4,24.6,62.76,6.49,109.0,87.6,0.4664,15.439,blackgram
21.6,35.4,21.9,27.33,62.76,6.51,110.0,78.9,0.6102,17.1523,blackgram
26.2,38.9,24.6,31.23,60.07,6.71,133.6,89.7,0.6735,18.7599,blackgram
23.7,55.4,20.3,27.99,62.23,6.74,132.8,99.4,0.4278,17.4182,blackgram
24.5,41.4,23.3,30.58,71.8,6.52,103.7,89.2,0.5918,21.9564,blackgram
24.5,40.5,14.4,32.37,49.7,6.59,94.5,79.4,0.6049,16.0879,blackgram
26.4,34.5,18.6,26.24,79.22,7.24,90.4,79.5,0.7652,20.7873,blackgram
23.4,26.8,18.6,27.44,68.87,7.25,99.7,68.8,0.8731,18.8979,blackgram
23.8,40.7,20.1,34.51,64.66,6.8,95.5,84.6,0.5848,22.3142,blackgram
27.9,44.6,17.4,32.33,72.25,6.16,117.2,89.9,0.6256,23.3584,blackgram
18.7,50.8,19.3,22.98,53.39,6.92,114.2,88.8,0.3681,12.269,blackgram
17.7,24.0,14.4,29.16,59.68,7.32,118.0,56.1,0.7375,17.4027,blackgram
16.1,33.0,24.7,28.0,64.03,7.25,132.7,73.8,0.4879,17.9284,blackgram
22.9,37.4,21.6,30.48,75.92,6.99,146.0,81.9,0.6123,23.1404,blackgram
12.7,42.0,13.5,25.77,64.63,7.27,107.7,68.2,0.3024,16.6552,blackgram
24.3,40.8,17.8,25.48,68.6,6.72,129.2,82.9,0.5956,17.4793,blackgram
21.5,41.0,23.7,25.97,60.28,6.95,97.3,86.2,0.5244,15.6547,blackgram
27.7,45.3,19.3,26.28,68.89,6.43,131.1,92.3,0.6115,18.1043,blackgram
18.6,34.8,18.5,30.45,78.42,6.82,128.4,71.9,0.5345,23.8789,blackgram
21.0,49.5,21.6,24.46,72.96,7.23,127.2,92.1,0.4242,17.846,blackgram
27.6,45.5,23.7,26.13,64.35,6.46,107.1,96.8,0.6066,16.8147,blackgram
28.9,39.4,14.8,22.63,70.4,6.36,90.3,83.1,0.7335,15.9315,blackgram
18.6,54.8,24.8,31.02,69.62,6.74,74.3,98.2,0.3394,21.5961,blackgram
22.9,54.5,18.0,31.81,69.05,6.61,104.1,95.4,0.4202,21.9648,blackgram
23.5,49.5,21.9,27.02,73.9,6.96,138.7,94.9,0.4747,19.9678,blackgram
23.9,17.9,21.8,27.11,73.84,6.52,98.2,63.6,1.3352,20.018,blackgram
20.7,54.6,19.4,29.36,63.98,7.39,122.3,94.7,0.3791,18.7845,blackgram
28.4,48.4,16.9,32.42,70.14,6.18,123.6,93.7,0.5868,22.7394,blackgram
12.6,58.1,20.6,29.23,61.94,7.2,98.8,91.3,0.2169,18.1051,blackgram
19.9,51.9,30.1,25.91,57.62,6.39,134.0,101.9,0.3834,14.9293,blackgram
24.2,54.6,15.2,23.14,62.84,5.98,41.0,94.0,0.4432,14.5412,blackgram
24.3,49.0,30.5,24.65,64.39,6.8,78.1,103.8,0.4959,15.8721,blackgram
28.8,52.8,20.7,28.22,51.71,6.6,84.9,102.3,0.5455,14.5926,blackgram
28.0,58.0,22.2,26.03,71.88,6.26,87.0,108.2,0.4828,18.7104,blackgram
20.6,43.7,16.6,28.58,42.86,6.03,112.4,80.9,0.4714,12.2494,blackgram
28.5,29.4,18.1,26.34,86.72,6.7,111.4,76.0,0.9694,22.842,blackgram
18.4,39.5,19.5,24.83,77.02,7.09,113.7,77.4,0.4658,19.1241,blackgram
26.7,45.1,16.8,24.47,62.91,6.93,118.1,88.6,0.592,15.3941,blackgram
31.1,42.6,21.0,32.69,65.08,6.72,84.1,94.7,0.73,21.2747,blackgram
28.1,32.0,20.0,30.67,67.42,6.89,78.2,80.1,0.8781,20.6777,blackgram
22.5,29.0,31.3,33.19,60.29,6.69,113.7,82.8,0.7759,20.0103,blackgram
20.3,36.1,16.2,29.62,66.54,6.13,91.1,72.6,0.5623,19.7091,blackgram
14.4,48.5,22.5,26.71,63.85,6.13,70.4,85.4,0.2969,17.0543,blackgram
23.6,54.6,23.2,31.97,64.25,6.62,126.4,101.4,0.4322,20.5407,blackgram
16.4,49.3,16.6,27.9,66.45,6.64,135.7,82.3,0.3327,18.5395,blackgram
18.0,50.5,25.4,28.66,54.49,7.04,139.3,93.9,0.3564,15.6168,blackgram
16.0,41.4,20.0,27.87,65.32,7.0,109.1,77.4,0.3865,18.2047,blackgram
19.7,28.1,9.5,19.16,66.31,6.94,118.8,57.3,0.7011,12.705,blackgram
21.9,38.4,25.3,32.81,66.03,6.59,135.1,85.6,0.5703,21.6644,blackgram
23.4,39.9,16.4,29.47,63.27,6.15,90.9,79.7,0.5865,18.6457,blackgram
19.0,38.0,16.8,28.99,74.1,6.86,129.4,73.8,0.5,21.4816,blackgram
27.3,42.4,25.4,27.81,62.17,6.91,111.1,95.1,0.6439,17.2895,blackgram
21.0,45.5,20.3,28.49,66.82,5.74,125.1,86.8,0.4615,19.037,blackgram
18.1,48.8,26.6,26.21,75.38,6.37,109.1,93.5,0.3709,19.7571,blackgram
23.1,39.8,28.1,29.85,64.36,6.42,133.5,91.0,0.5804,19.2115,blackgram
31.8,26.8,18.8,24.08,66.72,6.75,109.9,77.4,1.1866,16.0662,blackgram
23.7,38.1,26.0,28.56,64.23,6.38,72.4,87.8,0.622,18.3441,blackgram
20.2,42.3,18.2,29.68,74.9,6.68,136.9,80.7,0.4775,22.2303,blackgram
14.4,51.8,33.2,27.4,62.94,6.62,84.2,99.4,0.278,17.2456,blackgram
28.3,49.8,24.3,20.94,34.34,6.99,71.9,102.4,0.5683,7.1908,lentil
21.5,50.0,22.8,13.3,49.9,6.87,97.5,94.3,0.43,6.6367,lentil
27.9,31.7,28.2,17.18,61.42,7.42,83.8,87.8,0.8801,10.552,lentil
27.7,57.4,24.2,17.9,43.01,7.06,66.5,109.3,0.4826,7.6988,lentil
24.2,49.1,19.2,18.04,57.6,6.56,68.2,92.5,0.4929,10.391,lentil
24.5,51.0,10.4,18.45,44.4,6.63,67.0,85.9,0.4804,8.1918,lentil
24.1,38.9,20.8,19.53,52.85,7.17,89.0,83.8,0.6195,10.3216,lentil
11.9,50.0,27.1,17.91,57.66,7.32,70.1,89.0,0.238,10.3269,lentil
22.6,54.0,20.0,17.08,46.72,7.12,46.3,96.6,0.4185,7.9798,lentil
16.4,44.2,22.1,16.98,53.36,7.66,74.2,82.7,0.371,9.0605,lentil
22.9,61.0,24.1,16.47,48.68,7.55,50.4,108.0,0.3754,8.0176,lentil
16.3,45.4,16.9,19.97,57.64,7.08,109.9,78.6,0.359,11.5107,lentil
16.1,54.1,25.1,16.38,53.88,6.56,59.5,95.3,0.2976,8.8255,lentil
30.0,47.3,30.2,20.12,52.45,6.38,72.4,107.5,0.6342,10.5529,lentil
27.3,49.7,21.1,18.05,64.47,6.75,79.1,98.1,0.5493,11.6368,lentil
22.0,31.6,16.4,16.7,57.3,7.2,70.4,70.0,0.6962,9.5691,lentil
22.9,48.0,21.7,19.55,46.48,7.63,70.4,92.6,0.4771,9.0868,lentil
20.8,39.1,10.9,16.18,51.31,7.07,81.7,70.8,0.532,8.302,lentil
24.8,38.2,23.7,19.6,51.39,7.37,99.4,86.7,0.6492,10.0724,lentil
18.6,59.0,24.3,18.53,52.64,6.8,87.3,101.9,0.3153,9.7542,lentil
27.0,43.3,30.4,16.51,72.2,7.15,98.7,100.7,0.6236,11.9202,lentil
20.7,37.0,21.0,19.32,54.97,7.23,58.3,78.7,0.5595,10.6202,lentil
19.9,42.1,24.0,19.37,35.71,6.11,80.1,86.0,0.4727,6.917,lentil
22.1,34.6,17.7,20.89,47.66,6.73,77.5,74.4,0.6387,9.9562,lentil
19.0,56.5,20.2,20.42,36.54,7.28,80.6,95.7,0.3363,7.4615,lentil
23.6,39.4,14.4,19.23,49.36,7.01,97.0,77.4,0.599,9.4919,lentil
19.3,49.2,21.0,15.18,36.1,6.42,71.5,89.5,0.3923,5.48,lentil
24.3,55.8,20.5,24.12,45.03,5.93,68.5,100.6,0.4355,10.8612,lentil
28.1,41.0,23.5,14.49,39.83,6.75,83.5,92.6,0.6854,5.7714,lentil
18.4,49.3,18.9,20.37,55.07,6.87,46.5,86.6,0.3732,11.2178,lentil
21.3,36.8,22.4,19.08,52.0,6.55,71.2,80.5,0.5788,9.9216,lentil
24.3,64.6,20.3,15.06,54.42,6.96,72.9,109.2,0.3762,8.1957,lentil
19.8,52.5,20.3,17.69,51.16,7.1,60.3,92.6,0.3771,9.0502,lentil
24.3,43.5,22.4,17.8,40.85,7.17,91.9,90.2,0.5586,7.2713,lentil
24.8,38.8,22.2,21.26,56.11,5.96,58.0,85.8,0.6392,11.929,lentil
27.4,44.1,25.8,16.22,67.38,6.37,72.8,97.3,0.6213,10.929,lentil
19.0,42.3,21.4,17.35,55.27,6.78,79.7,82.7,0.4492,9.5893,lentil
17.3,60.6,20.3,12.16,48.59,7.13,96.7,98.2,0.2855,5.9085,lentil
20.5,35.2,21.1,22.34,40.58,7.1,74.8,76.8,0.5824,9.0656,lentil
17.2,46.1,18.4,15.32,44.74,7.09,90.0,81.7,0.3731,6.8542,lentil
24.8,44.9,20.2,18.82,55.62,6.75,86.2,89.9,0.5523,10.4677,lentil
16.2,44.1,32.2,17.75,60.58,6.77,77.0,92.5,0.3673,10.753,lentil
33.7,44.1,17.4,17.75,54.09,6.61,57.6,95.2,0.7642,9.601,lentil
28.5,44.1,20.6,20.02,58.4,7.21,52.0,93.2,0.6463,11.6917,lentil
22.1,52.0,20.1,22.18,57.66,6.53,76.7,94.2,0.425,12.789,lentil
26.3,49.9,20.8,18.63,56.05,7.24,66.3,97.0,0.5271,10.4421,lentil
13.8,48.4,20.3,19.64,46.73,6.98,89.7,82.5,0.2851,9.1778,lentil
34.6,20.7,23.4,18.82,53.39,6.88,86.9,78.7,1.6715,10.048,lentil
19.0,47.4,13.4,20.54,45.21,6.64,72.0,79.8,0.4008,9.2861,lentil
21.4,31.8,27.2,16.84,52.14,6.36,56.5,80.4,0.673,8.7804,lentil
12.7,50.2,25.2,20.69,54.65,6.64,83.2,88.1,0.253,11.3071,lentil
24.4,56.8,15.8,20.78,65.43,6.77,58.7,97.0,0.4296,13.5964,lentil
16.5,37.6,10.7,20.71,41.52,5.95,62.9,64.8,0.4388,8.5988,lentil
22.5,42.9,17.1,16.35,55.85,6.82,59.3,82.5,0.5245,9.1315,lentil
19.3,40.2,20.8,17.58,63.85,7.27,72.8,80.3,0.4801,11.2248,lentil
16.6,54.9,34.9,18.6,58.07,7.13,93.7,106.4,0.3024,10.801,lentil
18.0,45.8,24.7,14.57,58.66,6.7,74.9,88.5,0.393,8.5468,lentil
23.1,58.8,13.0,21.99,56.7,6.92,67.9,94.9,0.3929,12.4683,lentil
15.6,48.3,18.6,17.97,62.39,6.68,50.6,82.5,0.323,11.2115,lentil
18.3,46.9,21.7,18.71,43.3,6.96,83.8,86.9,0.3902,8.1014,lentil
25.3,45.5,23.3,16.56,40.91,7.52,62.5,94.1,0.556,6.7747,lentil
35.0,51.5,15.4,14.68,51.95,7.29,76.9,101.9,0.6796,7.6263,lentil
24.4,31.1,21.3,16.49,34.71,7.11,69.3,76.8,0.7846,5.7237,lentil
17.4,45.7,18.4,18.55,61.85,6.7,88.4,81.5,0.3807,11.4732,lentil
20.2,44.4,16.5,19.68,61.77,7.2,72.5,81.1,0.455,12.1563,lentil
22.2,50.8,23.3,18.4,48.53,6.23,74.1,96.3,0.437,8.9295,lentil
20.3,43.5,25.9,18.87,49.03,6.8,82.8,89.7,0.4667,9.252,lentil
26.5,36.7,26.2,17.16,51.42,7.13,108.7,89.4,0.7221,8.8237,lentil
23.1,45.1,24.9,19.24,52.42,7.2,89.2,93.1,0.5122,10.0856,lentil
26.5,36.3,19.5,21.71,53.02,7.17,73.6,82.3,0.73,11.5106,lentil
20.4,29.6,25.6,19.76,56.47,7.02,75.1,75.6,0.6892,11.1585,lentil
28.6,50.8,23.5,20.02,50.62,6.82,66.6,102.9,0.563,10.1341,lentil
21.2,49.6,22.7,18.74,59.55,7.12,59.8,93.5,0.4274,11.1597,lentil
17.1,48.7,18.9,14.24,55.57,6.52,66.2,84.7,0.3511,7.9132,lentil
32.9,55.4,19.5,15.39,47.14,6.56,62.6,107.8,0.5939,7.2548,lentil
12.9,39.7,22.4,19.14,62.68,6.92,85.5,75.0,0.3249,11.997,lentil
18.3,33.6,34.2,17.97,41.13,6.97,57.9,86.1,0.5446,7.3911,lentil
18.9,44.4,23.5,19.1,51.26,6.17,96.3,86.8,0.4257,9.7907,lentil
34.5,42.2,18.9,22.19,59.74,7.08,87.0,95.6,0.8175,13.2563,lentil
31.0,38.3,17.8,19.82,46.22,7.21,75.3,87.1,0.8094,9.1608,lentil
29.5,44.4,19.5,21.15,54.48,6.87,75.0,93.4,0.6644,11.5225,lentil
20.3,40.1,32.9,18.24,56.35,7.85,66.1,93.3,0.5062,10.2782,lentil
34.1,30.3,20.0,15.98,45.12,6.63,79.3,84.4,1.1254,7.2102,lentil
23.8,41.5,26.5,17.86,51.42,6.76,92.4,91.8,0.5735,9.1836,lentil
26.9,35.9,20.1,15.99,50.75,6.74,63.7,82.9,0.7493,8.1149,lentil
22.9,46.9,23.3,21.9,47.59,6.87,50.5,93.1,0.4883,10.4222,lentil
21.8,39.8,26.0,19.98,70.41,6.77,86.3,87.6,0.5477,14.0679,lentil
20.7,53.9,19.1,19.3,45.9,6.34,80.2,93.7,0.384,8.8587,lentil
21.0,57.8,18.8,21.09,60.04,6.68,57.1,97.6,0.3633,12.6624,lentil
25.0,50.4,30.3,12.95,48.86,6.86,63.3,105.7,0.496,6.3274,lentil
23.8,32.6,26.9,19.47,43.31,7.39,61.3,83.3,0.7301,8.4325,lentil
21.8,57.0,26.0,14.72,52.82,7.78,63.4,104.8,0.3825,7.7751,lentil
29.5,57.6,25.9,17.98,57.19,7.43,69.8,113.0,0.5122,10.2828,lentil
7.2,45.2,24.3,17.22,59.36,6.59,70.7,76.7,0.1593,10.2218,lentil
24.5,55.6,32.1,19.65,64.5,6.62,64.6,112.2,0.4406,12.6742,lentil
25.6,40.6,22.2,18.57,75.56,6.84,62.9,88.4,0.6305,14.0315,lentil
27.7,30.1,24.9,21.36,54.0,7.61,71.3,82.7,0.9203,11.5344,lentil
21.7,38.9,14.7,16.5,46.7,6.83,77.7,75.3,0.5578,7.7055,lentil
23.0,58.8,17.9,19.77,55.62,6.37,69.9,99.7,0.3912,10.9961,lentil
26.9,33.1,16.0,18.41,49.87,6.7,93.5,76.0,0.8127,9.1811,lentil
29.5,45.0,28.4,13.91,59.41,7.2,83.1,102.9,0.6556,8.2639,lentil
20.5,45.3,9.2,15.7,41.62,7.18,49.5,75.0,0.4525,6.5343,lentil
23.3,40.9,20.0,17.63,70.95,6.82,83.4,84.2,0.5697,12.5085,lentil
30.4,41.5,7.0,20.78,58.85,7.17,84.7,78.9,0.7325,12.229,lentil
11.4,45.6,17.8,19.16,38.53,5.99,68.0,74.8,0.25,7.3823,lentil
18.5,40.5,19.5,15.08,46.33,6.94,51.1,78.5,0.4568,6.9866,lentil
29.3,33.6,28.9,17.65,58.53,7.24,75.1,91.8,0.872,10.3305,lentil
27.5,46.7,24.0,23.04,61.41,6.57,74.9,98.2,0.5889,14.1489,lentil
24.6,53.6,17.8,18.28,41.82,6.57,57.1,96.0,0.459,7.6447,lentil
19.8,52.0,27.3,17.18,57.7,6.15,51.8,99.1,0.3808,9.9129,lentil
17.6,38.5,22.1,19.23,36.42,7.54,73.6,78.2,0.4571,7.0036,lentil
19.0,35.0,22.2,19.91,51.29,6.61,71.3,76.2,0.5429,10.2118,lentil
29.7,42.7,16.0,16.86,60.9,7.0,68.3,88.4,0.6956,10.2677,lentil
18.9,57.5,17.0,19.26,47.59,7.14,73.7,93.4,0.3287,9.1658,lentil
22.5,50.2,17.9,17.18,39.94,7.5,57.4,90.6,0.4482,6.8617,lentil
18.2,50.6,22.2,19.8,53.17,6.84,68.0,91.0,0.3597,10.5277,lentil
26.2,52.1,22.4,18.42,47.16,6.68,83.5,100.7,0.5029,8.6869,lentil
19.3,48.4,29.7,19.2,57.04,6.97,69.4,97.4,0.3988,10.9517,lentil
21.5,46.0,23.9,16.1,44.92,7.41,48.2,91.4,0.4674,7.2321,lentil
13.6,50.3,8.5,15.95,45.82,6.83,67.4,72.4,0.2704,7.3083,lentil
13.9,40.6,23.3,20.36,35.83,6.52,57.9,77.8,0.3424,7.295,lentil
22.0,33.7,14.7,17.8,53.36,6.28,79.3,70.4,0.6528,9.4981,lentil
15.4,50.8,17.2,18.71,50.71,6.41,80.1,83.4,0.3031,9.4878,lentil
32.5,54.9,17.9,17.23,42.49,7.25,48.5,105.3,0.592,7.321,lentil
11.7,36.1,18.7,20.25,53.55,6.77,87.1,66.5,0.3241,10.8439,lentil
18.0,51.6,15.1,16.48,60.22,6.66,57.2,84.7,0.3488,9.9243,lentil
22.1,58.4,23.0,17.66,50.28,6.61,99.9,103.5,0.3784,8.8794,lentil
20.2,45.0,14.9,19.96,54.15,6.93,74.2,80.1,0.4489,10.8083,lentil
16.5,38.5,23.8,20.93,54.19,6.8,55.1,78.8,0.4286,11.342,lentil
17.2,46.0,33.2,16.69,42.37,6.79,56.7,96.4,0.3739,7.0716,lentil
17.0,40.6,15.4,22.9,68.45,7.44,80.6,73.0,0.4187,15.675,lentil
20.6,40.1,20.6,18.78,48.23,7.52,68.7,81.3,0.5137,9.0576,lentil
31.8,48.5,9.4,15.39,57.25,6.26,73.5,89.7,0.6557,8.8108,lentil
22.4,32.2,20.5,18.92,58.15,7.03,100.8,75.1,0.6957,11.002,lentil
27.9,33.4,25.2,17.04,50.88,6.59,63.8,86.5,0.8353,8.67,lentil
24.5,45.2,25.6,19.09,56.85,6.8,76.0,95.3,0.542,10.8527,lentil
27.6,44.8,22.4,17.89,53.97,7.02,97.7,94.8,0.6161,9.6552,lentil
8.0,47.7,26.4,18.19,40.66,6.81,79.3,82.1,0.1677,7.3961,lentil
20.5,60.0,34.7,15.72,49.34,6.99,49.3,115.2,0.3417,7.7562,lentil
28.5,45.8,30.6,20.48,47.1,7.17,83.1,104.9,0.6223,9.6461,lentil
19.1,49.8,19.4,15.11,48.31,7.02,56.4,88.3,0.3835,7.2996,lentil
30.8,37.2,14.7,15.23,41.57,6.64,97.5,82.7,0.828,6.3311,lentil
29.4,51.1,20.0,18.92,61.01,6.65,61.8,100.5,0.5753,11.5431,lentil
19.7,40.8,17.3,22.01,64.82,6.32,122.5,77.8,0.4828,14.2669,lentil
19.5,45.6,24.3,17.12,59.82,6.56,98.5,89.4,0.4276,10.2412,lentil
16.9,44.1,16.1,19.75,62.16,7.68,62.3,77.1,0.3832,12.2766,lentil
18.9,53.3,21.6,20.68,49.24,6.58,75.3,93.8,0.3546,10.1828,lentil
15.8,34.5,26.2,20.04,46.91,6.42,87.1,76.5,0.458,9.4008,lentil
24.1,26.7,21.5,17.22,45.77,7.03,87.5,72.3,0.9026,7.8816,lentil
14.7,43.3,17.3,15.27,57.15,6.86,82.1,75.3,0.3395,8.7268,lentil
40.0,35.7,38.5,27.85,66.34,6.11,140.8,114.2,1.1204,18.4757,groundnut
29.0,71.9,44.0,31.74,76.69,6.69,135.9,144.9,0.4033,24.3414,groundnut
27.1,38.2,59.8,27.72,60.11,6.86,149.2,125.1,0.7094,16.6625,groundnut
27.2,52.2,50.1,33.5,65.85,6.88,143.4,129.5,0.5211,22.0597,groundnut
36.9,32.6,28.7,24.31,70.98,6.8,147.9,98.2,1.1319,17.2552,groundnut
32.9,46.0,27.3,26.94,54.43,6.45,163.8,106.2,0.7152,14.6634,groundnut
32.3,54.2,44.4,25.88,89.77,6.29,152.1,130.9,0.5959,23.2325,groundnut
36.4,41.8,32.9,23.74,65.23,6.2,126.0,111.1,0.8708,15.4856,groundnut
13.6,55.9,51.5,26.54,66.14,5.9,101.9,121.0,0.2433,17.5536,groundnut
32.5,47.3,45.4,28.25,75.06,6.9,171.7,125.2,0.6871,21.2045,groundnut
31.7,61.6,46.7,28.57,72.32,6.43,124.1,140.0,0.5146,20.6618,groundnut
43.4,63.6,37.9,33.51,65.3,6.0,118.2,144.9,0.6824,21.882,groundnut
17.8,44.1,62.4,28.39,66.04,6.17,86.6,124.3,0.4036,18.7488,groundnut
42.5,50.8,73.4,30.45,52.97,6.15,138.5,166.7,0.8366,16.1294,groundnut
30.6,51.8,42.2,27.2,60.55,6.52,133.7,124.6,0.5907,16.4696,groundnut
33.9,56.2,48.5,32.03,69.14,6.93,92.1,138.6,0.6032,22.1455,groundnut
43.4,50.1,46.0,34.2,68.55,6.36,141.3,139.5,0.8663,23.4441,groundnut
34.5,51.9,42.4,28.59,74.77,5.6,117.5,128.8,0.6647,21.3767,groundnut
33.2,47.6,36.7,24.02,64.04,6.42,197.3,117.5,0.6975,15.3824,groundnut
31.9,51.2,34.2,25.35,53.9,6.44,115.8,117.3,0.623,13.6637,groundnut
26.1,63.0,33.6,27.85,73.45,6.41,119.1,122.7,0.4143,20.4558,groundnut
29.8,56.5,49.1,28.37,76.49,6.25,108.1,135.4,0.5274,21.7002,groundnut
24.3,57.0,39.8,29.1,72.19,6.59,161.9,121.1,0.4263,21.0073,groundnut
29.6,57.2,19.2,28.38,63.69,6.53,120.7,106.0,0.5175,18.0752,groundnut
11.3,48.5,49.4,27.02,73.36,6.49,111.9,109.2,0.233,19.8219,groundnut
33.4,53.2,44.6,25.09,92.43,6.67,147.7,131.2,0.6278,23.1907,groundnut
29.0,39.1,58.5,28.2,65.92,6.33,95.5,126.6,0.7417,18.5894,groundnut
27.3,62.7,48.7,32.56,54.51,6.31,145.6,138.7,0.4354,17.7485,groundnut
31.8,22.2,30.2,30.06,60.31,7.05,174.5,84.2,1.4324,18.1292,groundnut
18.5,49.1,22.7,28.6,70.0,6.72,144.2,90.3,0.3768,20.02,groundnut
45.4,61.4,37.8,30.09,52.16,6.83,145.9,144.6,0.7394,15.6949,groundnut
29.2,36.4,38.7,25.89,66.36,6.99,151.8,104.3,0.8022,17.1806,groundnut
28.8,54.0,54.4,25.48,68.04,6.71,172.7,137.2,0.5333,17.3366,groundnut
22.3,43.2,44.9,24.76,77.28,6.87,160.2,110.4,0.5162,19.1345,groundnut
30.2,46.3,56.3,26.62,75.48,5.87,141.0,132.8,0.6523,20.0928,groundnut
41.1,59.5,31.8,25.73,71.92,6.58,152.6,132.4,0.6908,18.505,groundnut
38.3,52.0,54.7,30.62,47.7,6.43,107.9,145.0,0.7365,14.6057,groundnut
36.8,29.7,52.2,25.57,72.37,7.17,149.4,118.7,1.2391,18.505,groundnut
34.4,40.2,24.8,24.59,70.64,6.87,104.9,99.4,0.8557,17.3704,groundnut
27.1,59.8,58.2,32.83,67.05,6.25,120.8,145.1,0.4532,22.0125,groundnut
18.4,54.5,45.9,25.65,51.16,6.65,52.9,118.8,0.3376,13.1225,groundnut
28.4,67.5,48.9,27.46,58.79,6.57,140.0,144.8,0.4207,16.1437,groundnut
28.1,66.8,36.4,28.35,55.67,6.68,113.9,131.3,0.4207,15.7824,groundnut
38.4,46.6,57.8,23.59,48.88,6.09,157.8,142.8,0.824,11.5308,groundnut
32.5,75.0,33.1,30.71,64.98,6.64,139.8,140.6,0.4333,19.9554,groundnut
42.9,50.2,53.3,28.91,58.62,6.41,158.1,146.4,0.8546,16.947,groundnut
39.6,40.4,53.2,31.68,86.0,6.61,102.9,133.2,0.9802,27.2448,groundnut
26.3,43.7,35.3,24.96,63.65,6.21,156.0,105.3,0.6018,15.887,groundnut
15.6,27.4,64.8,27.3,75.35,6.27,182.6,107.8,0.5693,20.5705,groundnut
41.1,66.1,47.3,27.12,52.45,6.97,149.1,154.5,0.6218,14.2244,groundnut
40.9,65.9,51.5,27.79,60.76,6.08,149.8,158.3,0.6206,16.8852,groundnut
19.1,39.8,29.7,22.64,65.78,6.11,134.2,88.6,0.4799,14.8926,groundnut
42.1,47.7,66.2,27.33,57.73,6.48,116.9,156.0,0.8826,15.7776,groundnut
33.1,51.0,32.8,22.72,61.62,6.19,149.0,116.9,0.649,14.0001,groundnut
31.3,40.4,55.2,28.08,63.26,6.15,92.3,126.9,0.7748,17.7634,groundnut
42.9,32.4,35.1,20.61,63.13,6.54,119.6,110.4,1.3241,13.0111,groundnut
40.8,47.9,38.8,21.45,79.84,5.9,85.7,127.5,0.8518,17.1257,groundnut
35.2,46.8,52.9,29.46,68.03,6.1,112.4,134.9,0.7521,20.0416,groundnut
33.8,46.1,55.3,25.36,68.84,7.32,146.1,135.2,0.7332,17.4578,groundnut
34.9,52.2,32.3,24.04,69.32,6.68,142.6,119.4,0.6686,16.6645,groundnut
26.8,64.3,55.9,30.81,69.9,6.2,131.3,147.0,0.4168,21.5362,groundnut
29.6,47.0,55.4,27.98,64.34,6.67,134.3,132.0,0.6298,18.0023,groundnut
22.8,51.7,35.6,29.62,62.43,6.73,82.9,110.1,0.441,18.4918,groundnut
27.3,57.3,61.0,26.5,66.33,6.9,120.7,145.6,0.4764,17.5774,groundnut
27.1,55.5,30.4,35.04,74.25,6.45,113.0,113.0,0.4883,26.0172,groundnut
24.9,43.9,38.8,25.19,74.01,6.89,113.5,107.6,0.5672,18.6431,groundnut
31.1,51.0,49.8,32.23,63.08,5.68,145.0,131.9,0.6098,20.3307,groundnut
27.4,55.5,36.5,26.82,71.14,6.08,108.5,119.4,0.4937,19.0797,groundnut
34.0,38.7,47.6,22.04,63.44,6.57,114.9,120.3,0.8786,13.9822,groundnut
17.0,62.6,47.4,28.45,65.27,6.63,77.8,127.0,0.2716,18.5693,groundnut
29.1,64.3,43.1,27.94,61.21,6.14,122.6,136.5,0.4526,17.1021,groundnut
31.1,42.8,53.3,23.85,63.55,6.6,102.8,127.2,0.7266,15.1567,groundnut
27.5,51.9,42.7,24.23,75.73,6.25,132.0,122.1,0.5299,18.3494,groundnut
28.6,56.4,47.3,26.93,65.74,6.39,106.2,132.3,0.5071,17.7038,groundnut
17.3,44.5,56.5,28.05,66.08,6.91,132.6,118.3,0.3888,18.5354,groundnut
32.9,54.8,52.9,19.59,53.42,6.86,126.4,140.6,0.6004,10.465,groundnut
35.2,51.6,52.9,30.16,62.53,6.1,171.8,139.7,0.6822,18.859,groundnut
33.9,35.3,33.5,25.52,63.07,6.08,142.4,102.7,0.9603,16.0955,groundnut
38.3,54.6,50.2,23.0,58.37,6.34,84.0,143.1,0.7015,13.4251,groundnut
31.6,39.0,36.2,29.82,65.17,6.49,98.4,106.8,0.8103,19.4337,groundnut
33.8,59.4,32.2,26.93,61.57,6.24,131.4,125.4,0.569,16.5808,groundnut
31.2,43.3,44.3,30.65,65.64,6.92,106.8,118.8,0.7206,20.1187,groundnut
35.5,48.4,36.0,28.31,65.97,6.64,55.8,119.9,0.7335,18.6761,groundnut
17.4,63.7,52.9,27.0,57.35,6.66,163.7,134.0,0.2732,15.4845,groundnut
22.9,55.0,53.1,26.54,61.81,5.99,148.0,131.0,0.4164,16.4044,groundnut
42.7,39.2,26.0,28.45,65.62,6.97,143.0,107.9,1.0893,18.6689,groundnut
10.3,39.9,36.7,25.76,74.47,5.37,114.8,86.9,0.2581,19.1835,groundnut
28.9,44.0,30.4,24.44,67.05,6.83,140.7,103.3,0.6568,16.387,groundnut
39.4,53.9,40.4,28.83,59.7,6.87,112.4,133.7,0.731,17.2115,groundnut
29.3,53.6,49.6,26.57,68.19,6.33,135.1,132.5,0.5466,18.1181,groundnut
26.8,41.6,42.6,27.1,78.66,7.01,107.0,111.0,0.6442,21.3169,groundnut
31.0,38.3,39.1,30.27,72.33,6.47,167.9,108.4,0.8094,21.8943,groundnut
27.2,52.8,58.0,26.66,69.38,6.52,90.7,138.0,0.5152,18.4967,groundnut
30.2,48.2,22.0,27.05,70.8,6.64,160.8,100.4,0.6266,19.1514,groundnut
24.5,71.6,57.4,25.2,76.52,7.77,131.0,153.5,0.3422,19.283,groundnut
38.9,50.4,39.6,28.29,73.61,7.04,117.8,128.9,0.7718,20.8243,groundnut
41.4,68.1,44.2,28.05,69.53,6.78,134.2,153.7,0.6079,19.5032,groundnut
28.9,38.3,39.7,29.7,73.55,6.13,148.3,106.9,0.7546,21.8443,groundnut
18.9,34.3,60.4,25.26,56.35,6.56,164.2,113.6,0.551,14.234,groundnut
25.8,38.8,32.7,25.63,52.98,6.17,137.8,97.3,0.6649,13.5788,groundnut
28.5,61.9,45.1,29.38,66.26,6.83,107.7,135.5,0.4604,19.4672,groundnut
34.0,67.6,50.3,27.76,65.55,6.56,131.4,151.9,0.503,18.1967,groundnut
21.9,42.2,28.9,24.28,60.65,6.05,175.4,93.0,0.519,14.7258,groundnut
23.8,45.4,35.8,30.92,71.61,6.53,163.7,105.0,0.5242,22.1418,groundnut
34.1,38.3,43.5,21.9,50.1,6.16,152.7,115.9,0.8903,10.9719,groundnut
37.5,31.9,36.1,29.35,60.72,6.56,149.9,105.5,1.1755,17.8213,groundnut
25.0,57.2,36.8,23.2,61.12,6.16,147.5,119.0,0.4371,14.1798,groundnut
19.3,52.2,41.5,32.66,51.91,6.51,159.0,113.0,0.3697,16.9538,groundnut
56.3,50.1,51.5,22.37,76.96,6.8,118.6,157.9,1.1238,17.216,groundnut
36.3,36.0,41.6,30.46,54.13,6.48,96.1,113.9,1.0083,16.488,groundnut
27.9,66.4,55.8,26.76,60.29,6.34,131.7,150.1,0.4202,16.1336,groundnut
37.0,45.0,35.0,25.9,72.26,6.58,109.6,117.0,0.8222,18.7153,groundnut
29.0,55.3,32.5,27.56,70.17,6.78,103.6,116.8,0.5244,19.3389,groundnut
36.9,35.5,64.3,28.9,56.13,6.06,112.0,136.7,1.0394,16.2216,groundnut
31.3,48.1,38.4,24.29,70.46,6.6,192.1,117.8,0.6507,17.1147,groundnut
30.7,52.9,31.9,24.55,67.32,7.03,133.4,115.5,0.5803,16.5271,groundnut
29.1,53.3,27.6,28.95,83.66,6.73,139.0,110.0,0.546,24.2196,groundnut
18.4,51.5,55.8,21.88,68.23,6.52,99.4,125.7,0.3573,14.9287,groundnut
45.5,54.9,41.6,25.25,63.87,6.76,83.9,142.0,0.8288,16.1272,groundnut
22.5,38.7,42.5,36.12,58.15,6.68,109.5,103.7,0.5814,21.0038,groundnut
19.1,52.0,43.4,24.1,59.05,6.8,166.0,114.5,0.3673,14.231,groundnut
28.3,51.1,55.1,30.44,58.39,5.69,138.4,134.5,0.5538,17.7739,groundnut
22.3,52.3,43.2,25.24,75.97,5.88,145.0,117.8,0.4264,19.1748,groundnut
29.6,50.7,68.4,28.53,65.14,6.9,148.5,148.7,0.5838,18.5844,groundnut
35.5,37.3,46.3,28.96,69.52,5.9,115.2,119.1,0.9517,20.133,groundnut
38.0,36.8,55.6,30.39,77.11,6.66,164.7,130.4,1.0326,23.4337,groundnut
36.5,27.9,53.1,26.4,46.13,6.36,114.2,117.5,1.3082,12.1783,groundnut
27.6,58.2,44.6,32.97,75.23,6.1,165.2,130.4,0.4742,24.8033,groundnut
30.4,58.3,39.1,25.23,65.44,6.64,141.1,127.8,0.5214,16.5105,groundnut
33.3,58.4,48.3,27.7,68.48,6.58,85.3,140.0,0.5702,18.969,groundnut
15.9,53.1,50.1,27.74,58.37,7.34,111.3,119.1,0.2994,16.1918,groundnut
34.6,28.7,39.3,23.63,58.96,6.25,85.4,102.6,1.2056,13.9322,groundnut
18.3,39.7,46.7,26.14,68.91,7.08,159.1,104.7,0.461,18.0131,groundnut
46.3,51.7,57.4,27.48,84.08,6.64,129.4,155.4,0.8956,23.1052,groundnut
26.8,51.4,65.7,25.7,73.03,6.24,74.3,143.9,0.5214,18.7687,groundnut
28.5,47.8,53.5,34.32,75.12,6.82,139.4,129.8,0.5962,25.7812,groundnut
23.8,53.7,63.6,24.48,63.46,6.73,116.6,141.1,0.4432,15.535,groundnut
25.0,50.1,38.7,30.54,60.2,6.51,92.9,113.8,0.499,18.3851,groundnut
48.2,51.2,52.0,29.57,58.75,6.61,171.9,151.4,0.9414,17.3724,groundnut
37.5,43.6,58.4,26.96,61.09,6.26,132.7,139.5,0.8601,16.4699,groundnut
17.6,59.8,36.0,24.4,48.58,6.17,122.7,113.4,0.2943,11.8535,groundnut
42.0,45.7,40.1,24.7,59.2,6.8,120.0,127.8,0.919,14.6224,groundnut
39.5,36.7,62.4,25.45,60.52,6.41,92.2,138.6,1.0763,15.4023,groundnut
27.8,42.3,35.2,21.64,63.6,6.47,97.4,105.3,0.6572,13.763,groundnut
32.5,46.5,31.6,23.99,66.05,6.61,162.1,110.6,0.6989,15.8454,groundnut
29.9,59.9,60.3,22.55,67.9,6.61,118.2,150.1,0.4992,15.3115,groundnut
45.8,49.6,57.0,31.04,64.88,5.93,130.6,152.4,0.9234,20.1388,groundnut
23.6,48.1,49.3,28.86,60.35,7.01,78.9,121.0,0.4906,17.417,groundnut
31.2,37.5,44.5,29.36,49.29,6.55,97.0,113.2,0.832,14.4715,groundnut
26.6,57.9,40.6,28.77,60.4,6.42,145.2,125.1,0.4594,17.3771,groundnut
38.0,66.3,35.0,20.6,88.74,6.68,127.1,139.3,0.5732,18.2804,soybean
49.0,44.2,42.8,24.95,71.16,6.18,153.9,136.0,1.1086,17.7544,soybean
45.7,94.3,54.2,28.51,61.65,7.05,196.2,194.2,0.4846,17.5764,soybean
33.2,59.4,54.6,24.94,76.78,7.0,174.1,147.2,0.5589,19.1489,soybean
38.8,74.0,35.4,24.16,84.93,6.43,135.8,148.2,0.5243,20.5191,soybean
32.5,64.6,42.0,31.69,67.42,6.98,112.5,139.1,0.5031,21.3654,soybean
51.4,55.4,28.6,30.55,76.73,6.85,102.9,135.4,0.9278,23.441,soybean
44.2,53.9,46.6,27.17,79.83,6.19,186.9,144.7,0.82,21.6898,soybean
36.4,84.0,52.4,28.85,78.14,6.36,123.3,172.8,0.4333,22.5434,soybean
36.6,76.5,40.3,20.44,71.0,7.16,140.9,153.4,0.4784,14.5124,soybean
46.6,88.3,34.7,24.03,64.41,6.82,187.0,169.6,0.5277,15.4777,soybean
39.6,65.7,42.9,24.83,69.35,6.47,104.8,148.2,0.6027,17.2196,soybean
47.5,68.5,43.3,25.41,73.67,6.36,191.8,159.3,0.6934,18.7195,soybean
17.5,61.8,40.6,24.78,77.27,6.49,142.9,119.9,0.2832,19.1475,soybean
38.7,61.6,41.4,19.62,72.67,6.52,117.8,141.7,0.6282,14.2579,soybean
30.9,52.5,38.6,26.97,66.96,6.36,143.1,122.0,0.5886,18.0591,soybean
49.1,66.0,48.0,27.36,74.44,6.0,129.8,163.1,0.7439,20.3668,soybean
47.4,55.5,45.9,30.0,76.88,7.16,162.3,148.8,0.8541,23.064,soybean
35.3,70.3,32.1,24.03,73.04,7.09,131.9,137.7,0.5021,17.5515,soybean
47.3,67.0,31.9,23.82,63.31,6.19,96.5,146.2,0.706,15.0804,soybean
49.3,68.5,38.0,19.3,68.55,6.75,143.8,155.8,0.7197,13.2302,soybean
35.6,85.1,45.9,25.27,77.58,6.34,112.0,166.6,0.4183,19.6045,soybean
54.8,64.5,41.2,28.25,58.94,6.6,155.7,160.5,0.8496,16.6505,soybean
34.7,74.1,34.9,24.47,53.25,6.56,116.8,143.7,0.4683,13.0303,soybean
33.3,89.6,42.1,31.36,82.06,6.53,136.3,165.0,0.3717,25.734,soybean
41.9,80.7,37.4,25.36,74.09,7.5,155.1,160.0,0.5192,18.7892,soybean
32.2,78.8,47.0,26.37,74.85,6.52,144.1,158.0,0.4086,19.7379,soybean
35.7,61.3,42.7,22.59,61.39,6.38,157.0,139.7,0.5824,13.868,soybean
46.3,67.8,37.5,26.72,75.9,6.39,169.0,151.6,0.6829,20.2805,soybean
35.2,49.2,41.9,21.05,72.2,7.12,117.6,126.3,0.7154,15.1981,soybean
21.4,71.0,50.5,27.73,57.33,6.04,148.2,142.9,0.3014,15.8976,soybean
37.9,68.3,35.4,27.81,81.39,6.39,56.8,141.6,0.5549,22.6346,soybean
29.4,65.3,43.2,29.4,71.27,7.28,156.9,137.9,0.4502,20.9534,soybean
41.9,77.3,39.4,23.45,66.83,6.8,141.6,158.6,0.542,15.6716,soybean
40.6,50.5,43.4,26.4,66.98,6.78,122.5,134.5,0.804,17.6827,soybean
46.8,84.6,34.8,27.41,53.88,7.55,158.8,166.2,0.5532,14.7685,soybean
42.3,75.8,40.9,27.11,74.75,6.8,182.8,159.0,0.558,20.2647,soybean
43.7,64.2,48.9,23.84,72.09,6.42,136.7,156.8,0.6807,17.1863,soybean
29.6,63.2,32.5,20.02,68.45,6.59,123.5,125.3,0.4684,13.7037,soybean
41.4,70.8,29.4,26.87,80.23,6.25,154.6,141.6,0.5847,21.5578,soybean
50.7,83.3,29.7,25.62,58.93,7.2,112.6,163.7,0.6086,15.0979,soybean
29.5,66.2,30.6,24.58,65.23,6.93,131.5,126.3,0.4456,16.0335,soybean
49.4,66.7,44.8,27.91,63.2,7.15,184.2,160.9,0.7406,17.6391,soybean
30.6,65.2,28.8,25.89,67.77,7.19,151.7,124.6,0.4693,17.5457,soybean
28.2,86.4,37.6,22.7,70.54,6.53,97.4,152.2,0.3264,16.0126,soybean
37.4,60.6,44.9,21.17,73.44,6.32,99.7,142.9,0.6172,15.5472,soybean
40.7,64.6,43.3,23.18,67.22,6.68,154.5,148.6,0.63,15.5816,soybean
42.3,82.6,36.9,31.98,62.98,6.35,174.1,161.8,0.5121,20.141,soybean
27.3,66.8,41.5,27.81,83.49,6.77,104.7,135.6,0.4087,23.2186,soybean
38.5,78.6,40.9,26.47,89.29,7.15,162.6,158.0,0.4898,23.6351,soybean
29.5,54.1,38.2,25.55,71.15,6.63,187.2,121.8,0.5453,18.1788,soybean
23.1,62.5,38.3,25.38,63.95,6.76,202.9,123.9,0.3696,16.2305,soybean
27.6,82.8,57.9,28.92,81.8,6.66,159.3,168.3,0.3333,23.6566,soybean
29.0,56.9,46.5,24.77,58.43,7.02,164.2,132.4,0.5097,14.4731,soybean
39.2,63.2,59.8,27.44,67.32,6.43,90.3,162.2,0.6203,18.4726,soybean
44.2,68.1,36.0,25.13,64.43,5.82,208.8,148.3,0.649,16.1913,soybean
23.2,53.1,39.3,30.85,60.72,6.89,133.9,115.6,0.4369,18.7321,soybean
37.8,60.0,29.3,27.86,67.76,7.1,123.9,127.1,0.63,18.8779,soybean
25.6,66.4,33.5,29.11,63.09,6.88,142.9,125.5,0.3855,18.3655,soybean
40.0,65.6,55.2,24.54,70.1,6.44,192.3,160.8,0.6098,17.2025,soybean
30.0,80.4,35.8,28.65,70.22,6.25,211.8,146.2,0.3731,20.118,soybean
26.6,83.5,55.4,25.22,65.03,6.9,153.5,165.5,0.3186,16.4006,soybean
41.4,54.7,30.1,26.28,67.04,6.76,177.9,126.2,0.7569,17.6181,soybean
30.3,66.3,31.6,30.09,68.15,6.65,151.2,128.2,0.457,20.5063,soybean
32.5,73.1,37.3,23.39,76.48,7.43,120.9,142.9,0.4446,17.8887,soybean
17.2,83.2,39.5,26.51,68.81,6.32,191.3,139.9,0.2067,18.2415,soybean
42.6,73.6,47.4,27.1,76.6,7.41,132.6,163.6,0.5788,20.7586,soybean
41.6,68.5,43.6,27.3,74.69,6.71,193.0,153.7,0.6073,20.3904,soybean
35.0,73.0,36.7,24.87,74.57,5.97,186.4,144.7,0.4795,18.5456,soybean
22.8,73.1,38.9,31.22,81.1,6.63,167.2,134.8,0.3119,25.3194,soybean
44.7,53.9,37.4,22.76,61.04,7.08,201.2,136.0,0.8293,13.8927,soybean
29.7,67.3,32.7,29.65,66.21,6.55,212.5,129.7,0.4413,19.6313,soybean
31.4,82.5,32.9,29.04,84.11,6.11,145.1,146.8,0.3806,24.4255,soybean
53.5,62.5,48.2,30.75,67.94,6.63,127.4,164.2,0.856,20.8915,soybean
29.4,66.6,25.4,22.03,47.48,6.36,97.8,121.4,0.4414,10.4598,soybean
40.9,62.1,52.9,23.83,68.38,6.9,212.9,155.9,0.6586,16.295,soybean
39.5,37.2,37.3,29.73,71.08,7.01,137.7,114.0,1.0618,21.1321,soybean
38.1,65.2,33.8,21.31,49.06,6.28,181.8,137.1,0.5844,10.4547,soybean
37.3,68.6,45.9,21.98,80.67,6.42,129.2,151.8,0.5437,17.7313,soybean
38.0,58.9,51.9,24.78,64.29,7.0,193.1,148.8,0.6452,15.9311,soybean
37.2,51.1,48.9,26.48,72.63,6.36,130.4,137.2,0.728,19.2324,soybean
34.6,54.4,44.0,29.98,68.19,6.27,116.6,133.0,0.636,20.4434,soybean
47.1,74.2,48.7,25.54,59.69,6.23,144.2,170.0,0.6348,15.2448,soybean
24.5,88.7,26.3,24.48,61.44,6.84,135.1,139.5,0.2762,15.0405,soybean
43.2,81.6,35.8,26.78,62.52,6.82,166.7,160.6,0.5294,16.7429,soybean
41.6,48.9,32.7,27.17,78.69,6.43,148.6,123.2,0.8507,21.3801,soybean
40.6,75.3,49.8,27.1,68.82,6.7,167.6,165.7,0.5392,18.6502,soybean
43.9,57.0,36.9,25.56,65.83,7.31,141.9,137.8,0.7702,16.8261,soybean
34.3,58.0,46.8,21.11,62.52,6.31,131.4,139.1,0.5914,13.198,soybean
20.0,59.5,44.3,23.71,79.57,5.92,133.7,123.8,0.3361,18.866,soybean
34.4,73.5,33.1,29.55,81.71,6.88,207.3,141.0,0.468,24.1453,soybean
27.1,76.5,35.3,26.47,79.48,6.66,156.3,138.9,0.3542,21.0384,soybean
29.1,63.8,50.4,25.19,73.94,6.42,94.5,143.3,0.4561,18.6255,soybean
25.1,64.0,33.8,28.8,72.32,6.96,135.4,122.9,0.3922,20.8282,soybean
31.2,70.6,41.0,23.17,60.27,7.04,152.7,142.8,0.4419,13.9646,soybean
30.2,71.8,33.7,25.44,68.03,5.82,201.7,135.7,0.4206,17.3068,soybean
16.0,79.1,37.5,26.34,64.53,6.44,178.8,132.6,0.2023,16.9972,soybean
40.6,49.6,39.6,24.9,55.4,7.63,124.2,129.8,0.8185,13.7946,soybean
52.8,65.2,33.7,26.25,78.46,6.93,217.7,151.7,0.8098,20.5957,soybean
39.8,52.2,32.3,25.53,64.43,6.97,149.1,124.3,0.7625,16.449,soybean
33.4,64.4,42.3,22.5,79.57,7.17,184.9,140.1,0.5186,17.9032,soybean
34.6,62.3,33.2,26.45,77.05,6.71,117.7,130.1,0.5554,20.3797,soybean
31.6,64.4,33.5,22.68,74.45,7.02,82.9,129.5,0.4907,16.8853,soybean
35.7,55.4,32.5,26.41,74.9,6.99,110.6,123.6,0.6444,19.7811,soybean
34.7,47.2,39.4,29.44,65.08,6.92,59.0,121.3,0.7352,19.1596,soybean
28.3,39.9,47.5,25.3,84.86,6.57,209.1,115.7,0.7093,21.4696,soybean
48.5,63.4,52.1,23.07,70.35,6.77,156.0,164.0,0.765,16.2297,soybean
23.1,59.8,34.2,25.68,72.42,6.46,124.1,117.1,0.3863,18.5975,soybean
40.7,56.9,57.2,23.92,64.81,6.71,162.7,154.8,0.7153,15.5026,soybean
34.2,80.9,32.0,27.49,62.55,6.23,155.3,147.1,0.4227,17.195,soybean
50.2,54.7,48.7,25.63,73.82,6.38,167.4,153.6,0.9177,18.9201,soybean
37.7,82.0,34.2,30.27,71.74,6.59,183.9,153.9,0.4598,21.7157,soybean
32.1,84.5,33.0,28.91,63.69,6.32,141.9,149.6,0.3799,18.4128,soybean
33.0,41.6,34.0,25.62,58.49,6.5,125.4,108.6,0.7933,14.9851,soybean
35.3,66.1,39.6,27.79,59.84,6.63,173.2,141.0,0.534,16.6295,soybean
25.9,60.2,44.6,25.02,79.57,6.86,172.5,130.7,0.4302,19.9084,soybean
28.9,30.1,45.4,26.08,65.09,7.08,152.8,104.4,0.9601,16.9755,soybean
20.7,47.7,32.4,25.1,67.29,6.51,211.0,100.8,0.434,16.8898,soybean
27.6,74.3,32.1,27.92,81.6,7.23,137.7,134.0,0.3715,22.7827,soybean
35.8,89.2,32.7,29.58,61.02,7.08,124.8,157.7,0.4013,18.0497,soybean
37.4,75.8,39.1,28.0,64.18,6.9,161.7,152.3,0.4934,17.9704,soybean
19.2,68.9,38.3,28.3,63.85,6.76,131.1,126.4,0.2787,18.0696,soybean
33.9,64.7,32.4,28.31,82.94,6.83,163.9,131.0,0.524,23.4803,soybean
39.5,85.2,42.2,27.38,85.95,7.17,126.7,166.9,0.4636,23.5331,soybean
33.7,90.8,58.1,23.15,76.01,7.19,138.8,182.6,0.3711,17.5963,soybean
29.9,58.0,36.0,30.25,76.27,7.23,202.9,123.9,0.5155,23.0717,soybean
31.7,41.0,36.5,30.51,65.36,6.72,138.6,109.2,0.7732,19.9413,soybean
30.7,39.8,44.5,25.42,85.58,6.92,127.6,115.0,0.7714,21.7544,soybean
29.9,80.9,35.5,25.07,72.14,7.24,182.8,146.3,0.3696,18.0855,soybean
36.4,64.4,45.4,27.53,76.82,6.45,120.6,146.2,0.5652,21.1485,soybean
53.5,67.2,34.3,27.38,69.16,6.57,130.6,155.0,0.7961,18.936,soybean
29.1,43.5,54.7,25.5,67.86,6.71,166.1,127.3,0.669,17.3043,soybean
32.5,56.0,42.8,22.87,83.3,7.06,176.3,131.3,0.5804,19.0507,soybean
34.6,61.5,35.0,26.76,74.32,7.07,184.2,131.1,0.5626,19.888,soybean
29.5,67.5,35.3,27.38,81.61,6.61,129.1,132.3,0.437,22.3448,soybean
43.8,60.2,35.9,27.81,72.04,6.1,166.7,139.9,0.7276,20.0343,soybean
16.0,52.6,51.0,26.87,63.21,6.8,136.9,119.6,0.3042,16.9845,soybean
30.8,55.6,29.8,25.32,65.33,6.33,133.0,116.2,0.554,16.5416,soybean
41.5,79.5,34.7,28.49,70.82,6.1,183.7,155.7,0.522,20.1766,soybean
32.6,67.9,35.5,26.16,64.99,6.19,134.6,136.0,0.4801,17.0014,soybean
28.4,72.3,39.9,24.84,61.14,6.83,157.8,140.6,0.3928,15.1872,soybean
38.5,54.2,37.8,25.55,79.61,7.24,154.4,130.5,0.7103,20.3404,soybean
42.3,29.6,28.1,21.64,65.64,6.72,120.0,100.0,1.4291,14.2045,soybean
36.7,58.7,36.8,25.54,71.11,6.78,177.1,132.2,0.6252,18.1615,soybean
28.6,54.6,39.2,27.72,72.37,7.17,165.7,122.4,0.5238,20.061,soybean
38.6,69.2,35.0,26.85,65.29,6.08,94.4,142.8,0.5578,17.5304,soybean
31.8,104.4,45.5,29.8,81.61,6.91,157.8,181.7,0.3046,24.3198,soybean
41.0,73.3,47.4,25.34,61.06,6.7,128.4,161.7,0.5593,15.4726,soybean
46.9,97.8,39.4,27.22,72.09,6.93,180.7,184.1,0.4796,19.6229,soybean
14.2,71.8,41.8,27.98,71.97,6.51,109.5,127.8,0.1978,20.1372,soybean
65.0,25.5,29.1,18.48,35.55,7.74,74.1,119.6,2.549,6.5696,mustard
75.1,26.4,29.8,16.74,63.7,7.17,56.1,131.3,2.8447,10.6634,mustard
70.8,45.9,30.4,13.78,59.18,6.9,108.6,147.1,1.5425,8.155,mustard
80.7,35.4,35.7,18.84,52.77,7.33,95.9,151.8,2.2797,9.9419,mustard
48.7,43.5,25.5,14.26,59.5,7.34,56.6,117.7,1.1195,8.4847,mustard
93.1,40.9,24.9,17.05,47.18,7.66,67.7,158.9,2.2763,8.0442,mustard
77.4,38.7,37.4,16.15,55.58,6.98,74.4,153.5,2.0,8.9762,mustard
89.0,39.2,27.2,19.23,61.36,6.93,85.5,155.4,2.2704,11.7995,mustard
82.2,33.1,22.4,14.35,30.25,6.71,70.5,137.7,2.4834,4.3409,mustard
69.8,39.9,27.1,17.98,51.42,7.21,51.6,136.8,1.7494,9.2453,mustard
52.0,35.3,28.0,14.9,54.82,6.38,57.1,115.3,1.4731,8.1682,mustard
62.1,37.0,39.3,15.72,53.43,7.31,69.9,138.4,1.6784,8.3992,mustard
92.3,37.4,35.5,7.91,66.66,7.24,92.2,165.2,2.4679,5.2728,mustard
89.4,38.2,36.9,22.23,46.01,7.23,77.7,164.5,2.3403,10.228,mustard
61.3,47.4,34.9,18.38,50.03,7.06,56.1,143.6,1.2932,9.1955,mustard
30.5,39.0,35.7,15.08,39.67,7.61,81.7,105.2,0.7821,5.9822,mustard
67.0,48.2,25.9,14.19,67.08,7.35,63.0,141.1,1.39,9.5187,mustard
66.0,52.3,28.8,15.76,53.03,6.76,86.0,147.1,1.262,8.3575,mustard
66.5,46.8,24.1,18.79,51.49,6.76,115.5,137.4,1.4209,9.675,mustard
77.4,44.3,28.7,12.27,54.58,6.65,63.5,150.4,1.7472,6.697,mustard
82.3,42.6,34.1,16.65,60.09,7.22,84.4,159.0,1.9319,10.005,mustard
83.9,46.9,30.8,21.43,57.78,6.6,56.6,161.6,1.7889,12.3823,mustard
76.2,40.7,37.9,14.17,76.18,7.43,68.0,154.8,1.8722,10.7947,mustard
44.8,47.9,23.2,17.2,58.63,7.53,70.5,115.9,0.9353,10.0844,mustard
65.2,44.9,33.0,22.51,51.28,6.65,66.5,143.1,1.4521,11.5431,mustard
102.3,37.1,22.5,18.58,50.51,6.93,114.3,161.9,2.7574,9.3848,mustard
75.2,47.2,30.6,17.31,51.86,7.01,64.5,153.0,1.5932,8.977,mustard
75.1,40.7,34.4,18.27,42.99,7.35,80.6,150.2,1.8452,7.8543,mustard
75.0,39.2,28.7,16.0,55.32,7.64,35.3,142.9,1.9133,8.8512,mustard
75.8,36.2,33.3,20.25,61.27,6.33,77.8,145.3,2.0939,12.4072,mustard
36.6,41.3,24.2,16.0,50.09,6.87,90.6,102.1,0.8862,8.0144,mustard
66.6,48.0,20.0,12.1,48.54,6.89,60.5,134.6,1.3875,5.8733,mustard
69.5,47.1,33.3,16.02,67.13,6.44,24.8,149.9,1.4756,10.7542,mustard
87.9,42.8,40.5,14.58,43.59,6.81,69.3,171.2,2.0537,6.3554,mustard
70.7,44.8,24.0,16.3,38.46,7.17,70.3,139.5,1.5781,6.269,mustard
46.9,50.2,37.3,16.35,45.78,6.89,83.0,134.4,0.9343,7.485,mustard
76.0,38.8,30.3,19.99,42.68,6.38,106.2,145.1,1.9588,8.5317,mustard
58.7,31.1,22.0,18.74,58.09,8.15,63.2,111.8,1.8875,10.8861,mustard
53.0,50.4,23.2,17.66,52.11,7.11,54.6,126.6,1.0516,9.2026,mustard
58.3,35.8,30.1,16.99,53.24,7.04,49.0,124.2,1.6285,9.0455,mustard
77.6,34.5,27.6,14.35,64.22,6.56,73.6,139.7,2.2493,9.2156,mustard
87.6,25.6,22.1,11.55,49.47,7.1,78.6,135.3,3.4219,5.7138,mustard
76.8,44.6,19.8,17.28,61.2,6.93,60.2,141.2,1.722,10.5754,mustard
78.8,27.0,24.9,18.99,67.09,6.24,84.0,130.7,2.9185,12.7404,mustard
76.6,34.0,31.2,16.73,51.35,6.57,78.4,141.8,2.2529,8.5909,mustard
71.4,44.7,30.0,15.66,60.9,7.32,70.8,146.1,1.5973,9.5369,mustard
79.8,45.8,27.0,18.16,53.07,7.78,53.8,152.6,1.7424,9.6375,mustard
36.1,34.8,31.2,16.79,62.39,7.15,61.3,102.1,1.0374,10.4753,mustard
71.6,38.9,36.2,21.21,42.43,7.44,26.3,146.7,1.8406,8.9994,mustard
55.4,33.0,32.4,20.08,41.84,6.94,74.2,120.8,1.6788,8.4015,mustard
86.3,35.6,29.3,19.4,51.87,6.97,70.5,151.2,2.4242,10.0628,mustard
67.9,42.1,35.6,18.89,47.89,7.44,73.4,145.6,1.6128,9.0464,mustard
70.4,36.0,24.2,13.77,50.87,7.67,79.1,130.6,1.9556,7.0048,mustard
48.9,38.0,28.7,18.66,53.24,7.52,76.9,115.6,1.2868,9.9346,mustard
84.2,28.3,28.8,17.94,60.76,6.57,68.0,141.3,2.9753,10.9003,mustard
78.8,49.1,22.6,18.52,51.74,6.97,70.9,150.5,1.6049,9.5822,mustard
77.8,44.1,27.5,18.23,48.41,7.11,44.7,149.4,1.7642,8.8251,mustard
58.6,46.3,17.6,18.13,52.19,6.9,59.5,122.5,1.2657,9.462,mustard
59.2,50.3,41.5,23.75,48.85,7.16,70.9,151.0,1.1769,11.6019,mustard
73.1,33.4,24.4,16.81,47.53,7.33,56.8,130.9,2.1886,7.9898,mustard
60.3,37.1,39.5,19.34,42.1,7.4,85.5,136.9,1.6253,8.1421,mustard
76.1,24.8,30.2,15.82,55.56,7.67,58.1,131.1,3.0685,8.7896,mustard
39.7,65.1,33.4,18.98,50.45,6.87,73.9,138.2,0.6098,9.5754,mustard
63.2,38.8,27.1,19.35,62.73,6.45,72.1,129.1,1.6289,12.1383,mustard
95.2,48.3,31.2,17.91,43.42,7.14,83.4,174.7,1.971,7.7765,mustard
76.2,30.1,33.9,21.17,50.66,7.75,86.2,140.2,2.5316,10.7247,mustard
72.3,48.0,34.0,14.79,69.5,6.81,82.5,154.3,1.5062,10.279,mustard
97.8,54.9,34.6,15.78,47.48,7.27,32.1,187.3,1.7814,7.4923,mustard
37.3,39.5,27.8,17.53,53.11,7.28,91.5,104.6,0.9443,9.3102,mustard
58.6,31.9,27.1,19.2,45.27,7.08,97.5,117.6,1.837,8.6918,mustard
64.4,38.9,20.4,17.45,44.21,7.0,61.3,123.7,1.6555,7.7146,mustard
82.0,22.2,33.1,20.21,67.38,6.63,74.3,137.3,3.6937,13.6175,mustard
82.3,39.7,36.5,15.35,56.37,6.09,54.0,158.5,2.073,8.6528,mustard
57.9,46.6,39.7,14.15,56.07,6.56,34.9,144.2,1.2425,7.9339,mustard
84.0,39.7,31.8,17.77,41.43,6.84,56.7,155.5,2.1159,7.3621,mustard
64.4,37.7,25.4,16.81,57.87,7.44,60.3,127.5,1.7082,9.7279,mustard
87.0,44.2,19.8,18.36,64.26,6.96,63.6,151.0,1.9683,11.7981,mustard
55.5,44.8,36.3,16.93,64.2,6.79,52.7,136.6,1.2388,10.8691,mustard
68.3,26.7,19.2,16.15,60.35,6.64,56.8,114.2,2.5581,9.7465,mustard
63.1,40.7,28.0,16.81,45.96,7.26,69.8,131.8,1.5504,7.7259,mustard
84.8,59.5,28.7,17.07,57.5,7.54,56.1,173.0,1.4252,9.8152,mustard
62.7,29.3,29.6,16.24,60.34,7.43,79.8,121.6,2.1399,9.7992,mustard
69.4,39.3,30.2,16.49,40.64,7.24,82.3,138.9,1.7659,6.7015,mustard
77.1,55.5,30.8,15.99,46.03,6.41,112.8,163.4,1.3892,7.3602,mustard
77.6,48.8,15.5,19.14,62.11,6.86,90.3,141.9,1.5902,11.8879,mustard
82.4,35.9,30.1,17.49,62.01,7.78,74.4,148.4,2.2953,10.8455,mustard
73.0,41.6,16.6,22.64,42.61,7.45,58.8,131.2,1.7548,9.6469,mustard
64.1,40.0,34.4,17.4,61.36,6.38,75.3,138.5,1.6025,10.6766,mustard
65.1,34.0,26.7,15.62,55.76,6.98,75.9,125.8,1.9147,8.7097,mustard
70.4,39.4,17.1,23.68,61.25,7.15,60.8,126.9,1.7868,14.504,mustard
73.5,37.8,25.1,18.03,49.92,6.7,84.1,136.4,1.9444,9.0006,mustard
67.9,40.9,26.6,19.48,60.16,6.08,44.8,135.4,1.6601,11.7192,mustard
70.3,34.0,37.1,18.48,61.75,7.04,65.6,141.4,2.0676,11.4114,mustard
48.8,29.8,31.2,18.56,52.19,6.68,80.0,109.8,1.6376,9.6865,mustard
79.3,39.7,32.1,18.34,55.14,6.69,64.8,151.1,1.9975,10.1127,mustard
72.5,53.7,37.1,14.24,49.81,6.86,66.3,163.3,1.3501,7.0929,mustard
84.0,40.7,29.4,17.92,68.21,6.95,67.5,154.1,2.0639,12.2232,mustard
70.0,37.3,34.5,13.69,54.04,7.0,55.0,141.8,1.8767,7.3981,mustard
45.7,46.0,34.1,16.56,47.62,6.65,91.1,125.8,0.9935,7.8859,mustard
65.0,38.7,22.3,15.19,49.27,6.91,51.7,126.0,1.6796,7.4841,mustard
67.2,54.9,38.8,17.89,56.01,6.3,75.7,160.9,1.224,10.0202,mustard
80.4,40.0,21.5,17.84,61.03,7.12,77.4,141.9,2.01,10.8878,mustard
41.0,45.6,35.5,18.2,44.31,5.86,52.9,122.1,0.8991,8.0644,mustard
70.6,34.0,20.9,17.72,69.78,6.88,71.3,125.5,2.0765,12.365,mustard
77.2,44.0,33.6,15.48,57.47,7.37,53.6,154.8,1.7545,8.8964,mustard
60.7,42.2,41.2,16.35,58.73,6.58,95.0,144.1,1.4384,9.6024,mustard
71.0,39.5,28.7,19.3,54.22,7.29,49.5,139.2,1.7975,10.4645,mustard
61.2,36.0,28.5,19.67,55.15,7.46,58.2,125.7,1.7,10.848,mustard
59.8,34.9,33.7,14.13,53.81,5.68,48.0,128.4,1.7135,7.6034,mustard
64.3,42.3,28.0,13.17,63.14,6.94,45.6,134.6,1.5201,8.3155,mustard
60.1,45.0,40.9,15.18,54.94,5.85,98.6,146.0,1.3356,8.3399,mustard
79.6,39.0,31.2,19.61,61.14,6.95,79.8,149.8,2.041,11.9896,mustard
59.7,42.3,28.1,20.04,51.53,7.0,72.5,130.1,1.4113,10.3266,mustard
57.4,39.7,26.8,14.69,56.57,6.01,58.2,123.9,1.4458,8.3101,mustard
94.8,40.8,24.4,17.77,48.57,7.77,86.3,160.0,2.3235,8.6309,mustard
83.5,38.4,26.2,21.59,64.73,7.11,55.2,148.1,2.1745,13.9752,mustard
43.9,40.1,27.9,18.04,48.33,6.66,84.3,111.9,1.0948,8.7187,mustard
59.3,61.6,27.1,20.55,52.4,7.59,54.3,148.0,0.9627,10.7682,mustard
73.4,42.5,26.1,19.5,52.48,6.28,58.4,142.0,1.7271,10.2336,mustard
74.5,45.2,42.6,14.72,52.17,6.51,83.6,162.3,1.6482,7.6794,mustard
49.1,43.5,23.8,16.53,60.78,6.08,85.5,116.4,1.1287,10.0469,mustard
86.2,37.9,30.9,17.09,52.47,7.72,80.8,155.0,2.2744,8.9671,mustard
81.6,50.4,33.6,17.26,66.15,7.13,51.1,165.6,1.619,11.4175,mustard
76.7,37.7,33.8,19.29,48.45,7.26,62.0,148.2,2.0345,9.346,mustard
89.0,48.4,29.6,18.02,56.36,7.12,72.8,167.0,1.8388,10.1561,mustard
76.3,37.3,28.6,9.66,48.79,7.23,54.7,142.2,2.0456,4.7131,mustard
76.3,32.3,32.7,13.72,58.37,7.03,94.7,141.3,2.3622,8.0084,mustard
91.8,42.9,31.6,11.53,54.87,7.11,26.8,166.3,2.1399,6.3265,mustard
85.4,31.2,28.4,17.44,53.76,7.04,56.0,145.0,2.7372,9.3757,mustard
58.2,44.3,20.6,17.6,64.51,6.76,60.8,123.1,1.3138,11.3538,mustard
78.9,30.4,27.2,17.71,49.77,6.98,20.0,136.5,2.5954,8.8143,mustard
60.7,37.4,23.1,14.6,59.69,7.11,44.9,121.2,1.623,8.7147,mustard
77.1,28.5,26.0,18.69,48.85,7.04,81.3,131.6,2.7053,9.1301,mustard
76.7,62.6,30.2,18.79,55.9,6.41,70.5,169.5,1.2252,10.5036,mustard
50.6,26.8,32.2,13.86,45.44,6.46,98.3,109.6,1.8881,6.298,mustard
68.3,40.1,40.7,13.33,49.7,7.43,97.8,149.1,1.7032,6.625,mustard
73.7,49.1,26.8,17.0,54.34,6.88,77.8,149.6,1.501,9.2378,mustard
63.9,48.3,34.6,21.48,69.52,7.23,75.6,146.8,1.323,14.9329,mustard
74.4,46.8,31.8,21.25,55.81,6.56,71.2,153.0,1.5897,11.8596,mustard
81.3,37.5,37.8,18.41,68.24,6.41,22.2,156.6,2.168,12.563,mustard
69.6,50.8,33.5,15.18,56.76,6.66,44.9,153.9,1.3701,8.6162,mustard
73.1,47.3,23.9,19.22,51.9,6.91,71.8,144.3,1.5455,9.9752,mustard
89.4,41.7,19.7,15.87,67.31,6.73,81.1,150.8,2.1439,10.6821,mustard
76.6,41.9,31.9,15.08,58.5,7.52,75.2,150.4,1.8282,8.8218,mustard
72.8,37.6,26.8,11.64,49.86,7.07,53.9,137.2,1.9362,5.8037,mustard
56.6,32.7,24.1,17.26,58.76,7.74,86.9,113.4,1.7309,10.142,mustard
79.4,49.9,22.4,15.43,52.66,7.16,96.7,151.7,1.5912,8.1254,mustard
74.6,50.5,31.0,17.24,39.09,6.03,86.9,156.1,1.4772,6.7391,mustard
88.0,32.9,39.0,11.25,62.49,7.42,87.8,159.9,2.6748,7.0301,mustard
70.7,38.8,27.5,17.42,63.76,6.4,59.9,137.0,1.8222,11.107,mustard
101.1,50.6,57.8,32.2,39.32,6.75,193.8,209.5,1.998,12.661,cotton
87.2,46.4,43.4,29.37,50.8,7.67,194.8,177.0,1.8793,14.92,cotton
92.7,55.9,29.5,25.59,69.17,6.85,165.8,178.1,1.6583,17.7006,cotton
90.5,51.7,40.2,36.26,44.56,6.73,114.5,182.4,1.7505,16.1575,cotton
83.2,31.2,48.8,28.24,59.69,7.47,213.4,163.2,2.6667,16.8565,cotton
72.1,36.9,39.7,26.27,64.46,7.81,176.7,148.7,1.9539,16.9336,cotton
83.8,58.7,45.2,32.24,56.72,7.44,141.7,187.7,1.4276,18.2865,cotton
99.8,43.0,52.4,26.59,58.08,7.21,172.2,195.2,2.3209,15.4435,cotton
78.4,56.9,43.0,32.99,67.72,7.36,114.7,178.3,1.3779,22.3408,cotton
98.4,43.5,35.6,25.39,75.09,7.27,191.7,177.5,2.2621,19.0654,cotton
96.1,35.3,42.0,32.29,55.42,6.64,115.9,173.4,2.7224,17.8951,cotton
80.5,42.0,59.1,28.6,59.25,6.58,153.4,181.6,1.9167,16.9455,cotton
105.8,35.3,61.9,31.87,57.69,7.16,167.3,203.0,2.9972,18.3858,cotton
79.7,39.3,24.8,33.71,40.79,7.24,191.2,143.8,2.028,13.7503,cotton
107.6,47.0,55.9,24.6,66.42,7.21,163.2,210.5,2.2894,16.3393,cotton
91.5,50.1,47.5,31.83,74.35,7.54,179.0,189.1,1.8263,23.6656,cotton
84.8,29.1,54.2,23.77,75.17,7.09,159.2,168.1,2.9141,17.8679,cotton
71.7,44.8,39.5,24.86,56.29,7.48,159.0,156.0,1.6004,13.9937,cotton
83.7,39.1,27.3,25.59,52.48,7.13,162.6,150.1,2.1407,13.4296,cotton
81.9,38.5,50.8,29.51,65.22,8.11,154.3,171.2,2.1273,19.2464,cotton
66.1,46.3,35.6,28.1,73.29,7.24,109.4,148.0,1.4276,20.5945,cotton
81.7,39.5,31.1,27.5,66.55,8.37,137.0,152.3,2.0684,18.3012,cotton
72.9,58.8,31.8,28.44,67.89,7.38,167.3,163.5,1.2398,19.3079,cotton
93.8,56.9,51.0,29.77,76.42,7.09,152.5,201.7,1.6485,22.7502,cotton
104.6,56.8,46.4,30.0,57.61,6.75,155.3,207.8,1.8415,17.283,cotton
66.6,40.1,52.8,31.28,62.8,6.48,150.3,159.5,1.6608,19.6438,cotton
110.7,35.4,51.7,33.46,81.35,6.7,134.1,197.8,3.1271,27.2197,cotton
83.1,45.8,40.8,27.94,63.03,6.76,145.2,169.7,1.8144,17.6106,cotton
70.4,43.5,44.3,26.44,52.33,7.4,150.8,158.2,1.6184,13.8361,cotton
96.4,38.9,39.9,29.84,58.31,6.94,160.2,175.2,2.4781,17.3997,cotton
78.3,33.2,42.9,24.57,55.62,7.29,171.8,154.4,2.3584,13.6658,cotton
83.8,44.6,35.3,25.96,68.57,7.84,154.6,163.7,1.8789,17.8008,cotton
78.9,41.0,48.9,31.0,56.04,7.16,129.1,168.8,1.9244,17.3724,cotton
72.7,51.9,55.8,27.63,67.71,8.24,118.1,180.4,1.4008,18.7083,cotton
95.9,51.7,36.8,24.38,57.64,6.61,237.9,184.4,1.8549,14.0526,cotton
80.7,56.0,57.8,23.53,43.77,7.12,126.1,194.5,1.4411,10.2991,cotton
63.5,32.4,46.1,28.15,68.07,6.93,144.4,142.0,1.9599,19.1617,cotton
93.3,49.0,47.4,31.43,66.48,7.67,175.5,189.7,1.9041,20.8947,cotton
66.9,37.7,28.0,31.39,70.18,6.08,170.8,132.6,1.7745,22.0295,cotton
67.7,32.8,26.9,28.33,58.27,6.48,175.6,127.4,2.064,16.5079,cotton
102.9,40.7,46.4,34.03,57.2,7.15,146.7,190.0,2.5283,19.4652,cotton
67.1,55.7,52.9,27.69,69.01,7.98,167.2,175.7,1.2047,19.1089,cotton
50.3,41.3,38.3,27.58,80.19,7.31,161.8,129.9,1.2179,22.1164,cotton
94.3,60.7,61.7,20.3,65.11,6.52,150.6,216.7,1.5535,13.2173,cotton
80.4,50.5,52.3,26.66,69.25,6.6,167.4,183.2,1.5921,18.462,cotton
81.7,41.1,35.9,30.56,61.78,8.04,191.7,158.7,1.9878,18.88,cotton
80.3,56.6,45.3,32.69,49.56,6.89,159.3,182.2,1.4187,16.2012,cotton
88.5,49.5,69.8,25.51,74.67,6.73,159.5,207.8,1.7879,19.0483,cotton
73.7,35.7,32.6,29.39,74.08,7.94,192.0,142.0,2.0644,21.7721,cotton
107.1,63.6,50.3,31.14,72.11,7.71,188.8,221.0,1.684,22.4551,cotton
62.9,47.6,41.8,28.03,63.18,7.84,207.5,152.3,1.3214,17.7094,cotton
91.7,45.2,52.1,21.15,70.97,6.72,107.3,189.0,2.0288,15.0102,cotton
94.6,36.4,57.7,28.74,73.94,6.44,187.2,188.7,2.5989,21.2504,cotton
73.6,56.8,41.1,30.28,81.2,7.27,178.0,171.5,1.2958,24.5874,cotton
69.6,50.2,56.2,25.16,74.89,7.37,133.4,176.0,1.3865,18.8423,cotton
100.3,51.3,67.2,27.24,65.64,7.38,167.5,218.8,1.9552,17.8803,cotton
70.1,39.9,45.7,24.53,51.92,7.94,191.5,155.7,1.7569,12.736,cotton
75.9,53.3,52.8,20.29,66.56,6.33,135.1,182.0,1.424,13.505,cotton
98.3,54.1,39.1,31.08,67.57,7.63,173.3,191.5,1.817,21.0008,cotton
85.5,38.3,45.2,27.99,72.09,6.65,186.1,169.0,2.2324,20.178,cotton
58.0,30.8,43.2,32.79,78.54,7.63,127.9,132.0,1.8831,25.7533,cotton
111.2,50.8,53.0,30.57,64.05,6.96,155.7,215.0,2.189,19.5801,cotton
77.0,29.3,57.0,26.94,86.01,6.79,169.0,163.3,2.628,23.1711,cotton
79.0,46.5,43.9,27.75,47.41,6.9,136.1,169.4,1.6989,13.1563,cotton
88.8,40.5,60.3,29.7,69.19,6.48,133.6,189.6,2.1926,20.5494,cotton
94.4,57.2,60.3,30.9,57.01,7.22,155.9,211.9,1.6503,17.6161,cotton
114.4,41.1,53.5,28.97,45.93,6.81,184.0,209.0,2.7835,13.3059,cotton
60.1,56.1,39.8,31.32,62.98,7.59,179.3,156.0,1.0713,19.7253,cotton
97.4,39.9,38.9,27.11,50.43,7.52,134.2,176.2,2.4411,13.6716,cotton
96.1,55.0,36.9,25.01,63.39,8.04,179.6,188.0,1.7473,15.8538,cotton
82.9,65.6,54.5,27.81,65.35,7.38,134.9,203.0,1.2637,18.1738,cotton
96.8,34.3,32.9,28.62,76.19,7.46,111.7,164.0,2.8222,21.8056,cotton
99.0,47.9,51.8,24.4,49.92,7.9,149.0,198.7,2.0668,12.1805,cotton
64.3,72.5,34.2,23.99,74.08,6.89,193.7,171.0,0.8869,17.7718,cotton
111.2,45.7,53.2,29.34,65.98,6.46,179.7,210.1,2.4333,19.3585,cotton
61.6,45.6,45.2,26.78,75.29,7.3,160.0,152.4,1.3509,20.1627,cotton
68.0,52.9,58.3,27.5,60.68,6.49,147.5,179.2,1.2854,16.687,cotton
81.1,45.4,56.4,26.92,51.68,8.43,148.3,182.9,1.7863,13.9123,cotton
113.9,27.9,59.4,32.56,52.83,7.93,163.3,201.2,4.0824,17.2014,cotton
80.4,56.3,59.6,31.79,52.08,8.28,127.9,196.3,1.4281,16.5562,cotton
84.5,25.0,46.4,24.29,69.78,7.23,149.6,155.9,3.38,16.9496,cotton
106.5,40.8,33.4,26.4,79.77,7.48,153.5,180.7,2.6103,21.0593,cotton
80.5,57.1,34.5,30.55,59.35,6.97,119.5,172.1,1.4098,18.1314,cotton
67.3,41.4,24.1,29.81,71.29,7.64,134.8,132.8,1.6256,21.2515,cotton
78.7,38.1,34.2,27.88,49.77,6.59,172.3,151.0,2.0656,13.8759,cotton
105.6,53.8,45.7,24.59,66.8,5.93,160.3,205.1,1.9628,16.4261,cotton
86.1,36.5,39.4,25.95,71.69,6.8,150.7,162.0,2.3589,18.6036,cotton
114.0,32.8,43.2,26.45,50.52,6.47,132.7,190.0,3.4756,13.3625,cotton
96.1,47.7,49.9,28.83,62.96,7.94,207.3,193.7,2.0147,18.1514,cotton
75.3,43.2,42.0,33.11,72.16,8.11,134.9,160.5,1.7431,23.8922,cotton
85.8,32.6,33.8,25.94,35.66,6.5,167.5,152.2,2.6319,9.2502,cotton
72.2,51.4,44.5,24.92,78.35,7.85,145.4,168.1,1.4047,19.5248,cotton
75.0,49.6,36.0,27.67,68.54,7.68,161.1,160.6,1.5121,18.965,cotton
152.2,41.4,42.3,31.1,72.17,6.42,173.7,235.9,3.6763,22.4449,cotton
100.3,42.1,58.4,23.66,60.87,7.0,118.9,200.8,2.3824,14.4018,cotton
97.9,49.7,42.3,32.36,47.77,6.91,159.8,189.9,1.9698,15.4584,cotton
75.7,56.9,62.7,27.48,70.34,7.57,195.7,195.3,1.3304,19.3294,cotton
108.5,42.2,59.3,25.8,64.17,6.59,212.8,210.0,2.5711,16.5559,cotton
101.5,51.5,39.2,23.2,65.32,7.15,156.1,192.2,1.9709,15.1542,cotton
113.2,50.7,33.9,30.12,75.88,6.86,161.3,197.8,2.2327,22.8551,cotton
112.5,53.8,44.5,27.49,72.62,7.44,226.3,210.8,2.0911,19.9632,cotton
62.8,45.4,56.5,28.51,84.21,7.09,194.0,164.7,1.3833,24.0083,cotton
68.4,35.9,40.1,25.3,66.54,6.93,141.5,144.4,1.9053,16.8346,cotton
69.9,40.4,54.1,27.04,58.09,7.09,141.4,164.4,1.7302,15.7075,cotton
70.8,48.4,57.1,26.54,63.12,8.22,188.7,176.3,1.4628,16.752,cotton
89.9,63.2,37.3,27.7,69.16,6.99,129.7,190.4,1.4225,19.1573,cotton
76.5,40.2,38.2,25.99,75.16,6.68,192.6,154.9,1.903,19.5341,cotton
116.1,53.0,52.1,23.4,50.33,7.49,170.0,221.2,2.1906,11.7772,cotton
113.6,41.7,46.5,36.19,65.09,7.13,175.5,201.8,2.7242,23.5561,cotton
84.9,46.1,38.1,23.91,81.1,6.49,152.3,169.1,1.8416,19.391,cotton
114.3,60.2,41.5,28.54,62.6,8.32,141.1,216.0,1.8987,17.866,cotton
107.3,52.6,44.3,22.68,74.31,7.02,203.9,204.2,2.0399,16.8535,cotton
78.2,32.6,29.4,22.01,69.93,7.01,152.6,140.2,2.3988,15.3916,cotton
54.9,39.3,52.7,28.29,74.56,7.28,147.7,146.9,1.3969,21.093,cotton
81.7,57.6,40.2,28.52,56.9,8.07,157.6,179.5,1.4184,16.2279,cotton
75.3,46.4,17.2,31.78,56.95,6.36,165.8,138.9,1.6228,18.0987,cotton
88.1,33.5,44.8,29.2,65.2,7.34,129.1,166.4,2.6299,19.0384,cotton
86.3,36.8,37.6,27.55,49.68,8.24,143.1,160.7,2.3451,13.6868,cotton
85.9,52.0,61.9,25.15,62.3,7.26,141.5,199.8,1.6519,15.6684,cotton
92.9,54.9,39.1,32.5,67.53,6.58,185.4,186.9,1.6922,21.9473,cotton
66.8,45.2,34.0,30.79,82.85,6.89,133.4,146.0,1.4779,25.5095,cotton
91.2,69.8,50.1,24.26,69.03,7.3,107.3,211.1,1.3066,16.7467,cotton
78.4,53.2,38.4,28.11,71.25,7.87,101.0,170.0,1.4737,20.0284,cotton
88.0,42.6,37.2,28.43,76.64,7.03,115.9,167.8,2.0657,21.7888,cotton
99.4,36.8,50.1,26.96,55.35,7.61,200.8,186.3,2.7011,14.9224,cotton
66.6,35.3,34.6,30.32,63.35,6.48,160.5,136.5,1.8867,19.2077,cotton
80.8,48.4,30.4,30.5,89.25,6.48,175.0,159.6,1.6694,27.2213,cotton
83.2,40.1,62.3,27.43,64.21,6.96,176.1,185.6,2.0748,17.6128,cotton
77.3,61.7,50.8,27.16,76.16,7.92,161.7,189.8,1.2528,20.6851,cotton
98.5,59.7,42.4,32.5,74.64,7.23,157.8,200.6,1.6499,24.258,cotton
74.2,51.3,45.0,30.8,50.22,7.34,191.3,170.5,1.4464,15.4678,cotton
76.7,33.2,50.1,28.22,68.1,7.34,164.4,160.0,2.3102,19.2178,cotton
74.4,38.3,54.7,23.11,66.47,7.75,202.0,167.4,1.9426,15.3612,cotton
101.4,57.6,37.4,29.03,68.3,6.89,178.6,196.4,1.7604,19.8275,cotton
77.6,39.4,48.7,30.09,57.46,7.54,141.5,165.7,1.9695,17.2897,cotton
91.9,56.2,39.9,19.74,53.83,6.78,145.1,188.0,1.6352,10.626,cotton
114.6,49.7,43.1,28.76,60.24,8.19,138.2,207.4,2.3058,17.325,cotton
83.9,45.5,46.6,26.75,64.02,6.8,196.5,176.0,1.844,17.1253,cotton
101.7,38.0,44.9,27.34,76.85,6.76,147.8,184.6,2.6763,21.0108,cotton
110.1,44.1,52.4,25.28,83.17,7.47,136.0,206.6,2.4966,21.0254,cotton
100.4,46.9,49.9,27.56,78.97,7.24,169.6,197.2,2.1407,21.7641,cotton
84.7,55.3,29.9,32.18,73.6,7.36,157.1,169.9,1.5316,23.6845,cotton
94.6,36.1,31.4,26.66,54.96,7.31,168.8,162.1,2.6205,14.6523,cotton
65.7,42.4,41.3,30.9,60.91,6.65,216.7,149.4,1.5495,18.8212,cotton
73.3,45.4,63.3,25.58,67.1,8.01,187.4,182.0,1.6145,17.1642,cotton
75.9,51.6,36.5,30.28,58.68,7.65,160.8,164.0,1.4709,17.7683,cotton
118.6,35.9,42.9,28.0,70.77,7.88,117.7,197.4,3.3036,19.8156,cotton
72.8,31.8,39.6,29.06,72.2,6.94,145.0,144.2,2.2893,20.9813,cotton
72.6,51.7,39.5,28.02,70.36,7.41,181.3,163.8,1.4043,19.7149,cotton
69.3,29.8,46.8,29.92,75.25,7.3,124.9,145.9,2.3255,22.5148,cotton
233.5,88.6,98.9,22.57,80.03,6.82,242.7,421.0,2.6354,18.0628,sugarcane
180.4,67.9,89.5,27.58,73.5,6.38,254.3,337.8,2.6568,20.2713,sugarcane
181.2,68.8,56.3,29.83,85.94,6.6,300.7,306.3,2.6337,25.6359,sugarcane
163.3,94.9,129.5,29.03,72.92,7.47,287.5,387.7,1.7208,21.1687,sugarcane
192.4,82.3,111.6,25.85,72.58,6.35,298.8,386.3,2.3378,18.7619,sugarcane
151.0,78.0,66.9,29.98,80.28,7.03,278.8,295.9,1.9359,24.0679,sugarcane
234.1,97.4,83.8,25.34,73.94,6.96,263.3,415.3,2.4035,18.7364,sugarcane
212.9,76.9,85.8,27.93,75.68,6.79,200.8,375.6,2.7685,21.1374,sugarcane
204.6,42.2,109.4,29.96,54.84,7.01,256.0,356.2,4.8483,16.4301,sugarcane
145.2,81.7,51.1,29.39,75.13,6.34,273.9,278.0,1.7772,22.0807,sugarcane
185.1,47.7,81.0,25.97,60.38,7.46,308.3,313.8,3.8805,15.6807,sugarcane
210.2,76.3,58.3,31.59,65.23,7.57,277.5,344.8,2.7549,20.6062,sugarcane
194.8,46.0,84.9,28.26,64.32,6.82,299.6,325.7,4.2348,18.1768,sugarcane
154.9,63.5,81.5,30.23,66.66,7.77,208.7,299.9,2.4394,20.1513,sugarcane
163.7,64.9,91.4,32.59,70.61,6.64,236.9,320.0,2.5223,23.0118,sugarcane
168.7,59.2,79.1,31.35,71.11,6.96,267.2,307.0,2.8497,22.293,sugarcane
164.9,65.1,76.5,31.36,80.31,7.37,296.4,306.5,2.533,25.1852,sugarcane
218.2,84.5,101.2,28.58,76.78,6.62,244.2,403.9,2.5822,21.9437,sugarcane
132.0,60.0,98.2,30.38,59.79,6.25,246.7,290.2,2.2,18.1642,sugarcane
196.4,77.6,99.9,28.64,75.67,6.16,277.5,373.9,2.5309,21.6719,sugarcane
147.7,56.5,86.8,24.37,77.55,7.62,205.0,291.0,2.6142,18.8989,sugarcane
156.0,67.3,79.7,28.91,72.37,6.59,314.3,303.0,2.318,20.9222,sugarcane
129.8,74.5,87.9,28.77,74.51,6.73,214.8,292.2,1.7423,21.4365,sugarcane
166.3,56.0,99.0,29.75,76.52,6.35,173.3,321.3,2.9696,22.7647,sugarcane
217.8,51.6,50.8,27.62,81.12,7.18,250.4,320.2,4.2209,22.4053,sugarcane
186.6,76.9,97.1,25.72,62.4,6.49,317.9,360.6,2.4265,16.0493,sugarcane
150.0,85.7,95.6,29.97,73.05,6.6,273.5,331.3,1.7503,21.8931,sugarcane
205.4,68.9,91.1,24.06,87.07,6.92,280.0,365.4,2.9811,20.949,sugarcane
210.8,63.6,87.3,32.38,86.33,6.37,251.7,361.7,3.3145,27.9537,sugarcane
182.6,72.2,43.8,27.31,81.81,6.73,243.9,298.6,2.5291,22.3423,sugarcane
230.9,70.8,82.1,28.74,79.29,7.36,188.2,383.8,3.2613,22.7879,sugarcane
200.5,73.4,122.2,29.68,88.24,6.97,159.6,396.1,2.7316,26.1896,sugarcane
197.1,34.6,90.2,29.77,90.34,6.85,257.9,321.9,5.6965,26.8942,sugarcane
159.9,55.0,84.5,23.77,73.97,6.89,302.5,299.4,2.9073,17.5827,sugarcane
195.7,58.2,90.3,30.47,67.24,6.64,263.8,344.2,3.3625,20.488,sugarcane
185.4,72.1,96.4,28.91,72.84,7.6,274.9,353.9,2.5714,21.058,sugarcane
193.0,72.6,101.9,26.09,99.0,6.48,313.3,367.5,2.6584,25.8291,sugarcane
162.9,78.9,85.9,25.75,62.45,6.88,263.2,327.7,2.0646,16.0809,sugarcane
183.2,73.6,97.6,27.0,71.24,6.85,245.1,354.4,2.4891,19.2348,sugarcane
159.6,51.8,120.2,24.1,63.7,7.2,217.3,331.6,3.0811,15.3517,sugarcane
126.3,90.3,108.1,33.17,76.0,7.24,330.9,324.7,1.3987,25.2092,sugarcane
205.0,87.8,132.1,32.46,65.38,6.79,271.1,424.9,2.3349,21.2223,sugarcane
142.4,52.4,78.2,29.36,74.13,6.92,212.3,273.0,2.7176,21.7646,sugarcane
182.7,74.7,120.2,27.33,59.4,6.93,203.2,377.6,2.4458,16.234,sugarcane
188.3,61.7,75.8,27.41,79.94,5.89,300.1,325.8,3.0519,21.9116,sugarcane
188.2,71.9,96.4,30.27,84.78,6.16,208.5,356.5,2.6175,25.6629,sugarcane
172.9,84.7,103.2,33.27,71.93,6.56,324.2,360.8,2.0413,23.9311,sugarcane
186.8,99.8,80.8,26.29,73.92,6.58,139.7,367.4,1.8717,19.4336,sugarcane
191.8,80.5,91.6,24.65,73.69,6.32,306.9,363.9,2.3826,18.1646,sugarcane
198.4,74.1,106.4,32.64,76.45,7.1,269.5,378.9,2.6775,24.9533,sugarcane
223.3,65.2,77.2,22.64,74.69,6.8,254.7,365.7,3.4248,16.9098,sugarcane
185.9,72.5,120.0,24.97,81.14,6.71,243.0,378.4,2.5641,20.2607,sugarcane
181.6,89.0,65.1,27.26,84.86,6.3,325.6,335.7,2.0404,23.1328,sugarcane
157.3,69.4,124.9,23.32,68.49,6.78,278.3,351.6,2.2666,15.9719,sugarcane
190.9,57.6,108.0,31.34,72.53,5.75,213.9,356.5,3.3142,22.7309,sugarcane
196.7,47.3,88.4,30.57,82.21,6.73,181.2,332.4,4.1586,25.1316,sugarcane
175.2,77.2,82.8,26.28,63.63,6.83,257.1,335.2,2.2694,16.722,sugarcane
193.6,73.5,80.9,31.84,59.23,6.9,250.0,348.0,2.634,18.8588,sugarcane
172.7,61.0,87.6,32.35,76.81,6.17,189.2,321.3,2.8311,24.848,sugarcane
196.8,84.4,89.1,27.66,78.97,6.89,247.8,370.3,2.3318,21.8431,sugarcane
202.8,64.1,112.6,26.65,69.22,6.38,227.0,379.5,3.1638,18.4471,sugarcane
202.5,68.1,125.4,34.78,70.37,6.48,250.4,396.0,2.9736,24.4747,sugarcane
182.9,69.8,93.6,30.16,68.92,7.09,279.0,346.3,2.6203,20.7863,sugarcane
154.0,65.1,74.8,28.77,68.06,7.61,309.7,293.9,2.3656,19.5809,sugarcane
164.7,73.3,80.2,32.09,80.55,6.82,286.4,318.2,2.2469,25.8485,sugarcane
194.9,86.1,86.7,28.91,65.56,6.47,221.1,367.7,2.2636,18.9534,sugarcane
241.2,54.0,71.5,26.48,72.88,6.88,264.8,366.7,4.4667,19.2986,sugarcane
171.5,76.8,68.8,28.24,67.76,7.18,252.5,317.1,2.2331,19.1354,sugarcane
191.4,72.4,127.7,31.12,63.36,7.05,196.7,391.5,2.6436,19.7176,sugarcane
166.1,72.2,95.4,22.02,81.96,7.9,265.9,333.7,2.3006,18.0476,sugarcane
155.7,82.2,75.0,27.14,70.84,6.51,324.3,312.9,1.8942,19.226,sugarcane
163.1,70.7,104.7,32.15,76.51,6.9,251.3,338.5,2.3069,24.598,sugarcane
127.9,76.7,68.8,26.46,62.94,7.42,186.2,273.4,1.6675,16.6539,sugarcane
213.8,80.0,70.3,32.64,69.06,7.39,251.2,364.1,2.6725,22.5412,sugarcane
124.2,62.9,75.5,32.24,81.05,6.02,201.5,262.6,1.9746,26.1305,sugarcane
173.4,74.2,119.8,27.8,95.7,6.8,284.5,367.4,2.3369,26.6046,sugarcane
150.5,66.5,85.4,26.29,59.19,7.39,271.0,302.4,2.2632,15.5611,sugarcane
157.9,68.1,46.0,27.14,73.39,7.96,243.2,272.0,2.3186,19.918,sugarcane
214.4,65.5,111.8,35.99,78.3,7.08,236.8,391.7,3.2733,28.1802,sugarcane
185.0,76.6,84.5,33.62,70.07,6.65,241.5,346.1,2.4151,23.5575,sugarcane
155.9,71.1,56.7,28.38,81.8,6.4,250.3,283.7,2.1927,23.2148,sugarcane
165.3,75.5,84.3,26.18,68.07,7.69,219.1,325.1,2.1894,17.8207,sugarcane
160.9,69.8,99.4,28.35,76.23,7.09,194.5,330.1,2.3052,21.6112,sugarcane
178.9,47.5,97.3,28.73,70.82,6.46,295.5,323.7,3.7663,20.3466,sugarcane
184.3,70.4,122.4,24.27,84.76,6.72,234.6,377.1,2.6179,20.5713,sugarcane
227.4,70.9,74.7,28.24,69.59,6.92,256.7,373.0,3.2073,19.6522,sugarcane
132.1,73.4,90.8,31.97,72.19,7.02,261.4,296.3,1.7997,23.0791,sugarcane
179.1,61.7,77.4,22.6,82.57,6.44,262.9,318.2,2.9028,18.6608,sugarcane
172.1,53.3,62.2,30.48,66.78,6.55,203.0,287.6,3.2289,20.3545,sugarcane
203.7,78.7,105.9,32.12,75.55,6.14,183.0,388.3,2.5883,24.2667,sugarcane
188.9,66.2,98.3,26.32,60.42,7.22,226.5,353.4,2.8535,15.9025,sugarcane
194.8,72.4,95.1,33.08,66.3,6.66,265.8,362.3,2.6906,21.932,sugarcane
188.6,66.1,97.7,25.93,78.06,6.99,220.9,352.4,2.8533,20.241,sugarcane
156.7,69.9,77.7,29.32,67.07,7.37,235.8,304.3,2.2418,19.6649,sugarcane
210.3,63.7,71.9,27.08,70.64,6.89,335.1,345.9,3.3014,19.1293,sugarcane
200.0,56.4,90.7,27.08,78.94,6.75,176.2,347.1,3.5461,21.377,sugarcane
202.9,76.6,110.9,26.15,70.37,6.88,219.8,390.4,2.6488,18.4018,sugarcane
211.6,61.6,118.9,30.1,81.58,6.83,325.9,392.1,3.4351,24.5556,sugarcane
190.4,72.3,104.3,30.55,76.73,7.3,248.2,367.0,2.6335,23.441,sugarcane
217.0,75.7,90.5,27.81,78.49,6.92,221.8,383.2,2.8666,21.8281,sugarcane
189.4,61.8,94.9,23.92,84.93,6.58,296.8,346.1,3.0647,20.3153,sugarcane
174.5,53.1,90.2,29.21,77.56,7.22,252.2,317.8,3.2863,22.6553,sugarcane
179.8,104.0,71.5,29.27,87.31,7.29,236.1,355.3,1.7288,25.5556,sugarcane
179.4,62.6,90.4,27.35,82.29,6.26,257.7,332.4,2.8658,22.5063,sugarcane
167.0,78.7,66.0,33.6,70.81,7.41,223.7,311.7,2.122,23.7922,sugarcane
220.8,97.2,87.8,23.31,85.35,6.95,209.3,405.8,2.2716,19.8951,sugarcane
187.4,81.1,119.4,21.35,77.11,6.91,245.5,387.9,2.3107,16.463,sugarcane
182.4,65.8,104.8,25.81,71.84,7.2,209.6,353.0,2.772,18.5419,sugarcane
189.7,69.1,73.4,30.13,77.23,6.57,250.4,332.2,2.7453,23.2694,sugarcane
254.5,58.3,88.7,24.83,83.9,7.18,264.2,401.5,4.3654,20.8324,sugarcane
151.7,82.3,75.0,25.06,78.64,6.65,284.1,309.0,1.8433,19.7072,sugarcane
158.9,77.9,88.9,30.85,89.58,6.21,295.1,325.7,2.0398,27.6354,sugarcane
145.5,62.8,108.7,29.39,83.69,6.4,233.8,317.0,2.3169,24.5965,sugarcane
174.2,55.4,101.8,29.13,79.19,7.03,270.0,331.4,3.1444,23.068,sugarcane
186.1,51.5,134.7,30.34,66.79,6.42,269.7,372.3,3.6136,20.2641,sugarcane
168.4,83.8,111.5,26.72,73.56,7.44,263.1,363.7,2.0095,19.6552,sugarcane
166.5,71.7,93.7,26.86,75.57,7.28,230.8,331.9,2.3222,20.2981,sugarcane
183.6,73.0,102.2,30.43,80.57,7.33,208.9,358.8,2.5151,24.5175,sugarcane
167.4,58.5,86.4,23.97,80.1,6.85,270.1,312.3,2.8615,19.2,sugarcane
187.8,49.5,69.7,21.57,76.36,6.9,181.7,307.0,3.7939,16.4709,sugarcane
207.9,83.5,113.5,26.7,75.96,6.32,239.3,404.9,2.4898,20.2813,sugarcane
196.9,70.6,108.2,30.79,80.76,7.2,147.9,375.7,2.789,24.866,sugarcane
202.0,82.7,85.7,28.77,68.13,6.95,196.5,370.4,2.4426,19.601,sugarcane
207.1,64.6,94.9,30.57,88.56,7.03,214.9,366.6,3.2059,27.0728,sugarcane
187.1,66.7,112.3,21.95,58.62,7.48,293.9,366.1,2.8051,12.8671,sugarcane
176.0,80.0,105.2,28.95,86.64,6.56,277.5,361.2,2.2,25.0823,sugarcane
160.7,80.3,63.7,29.96,74.64,6.75,227.8,304.7,2.0012,22.3621,sugarcane
170.2,81.2,94.4,23.95,83.02,6.93,279.2,345.8,2.0961,19.8833,sugarcane
166.9,65.9,87.0,30.59,77.91,6.43,285.5,319.8,2.5326,23.8327,sugarcane
198.3,78.6,110.0,27.67,77.77,6.72,243.6,386.9,2.5229,21.519,sugarcane
188.7,85.5,108.6,37.21,79.43,7.0,194.6,382.8,2.207,29.5559,sugarcane
197.4,68.5,113.7,21.47,81.47,6.67,241.7,379.6,2.8818,17.4916,sugarcane
151.0,62.8,69.9,32.11,72.37,7.32,246.1,283.7,2.4045,23.238,sugarcane
215.8,88.8,75.9,26.82,83.28,6.2,200.7,380.5,2.4302,22.3357,sugarcane
169.3,60.8,110.1,23.15,66.32,7.25,264.7,340.2,2.7845,15.3531,sugarcane
152.5,78.8,79.4,26.42,74.96,7.06,261.2,310.7,1.9353,19.8044,sugarcane
169.0,69.2,62.6,28.83,81.69,6.57,267.8,300.8,2.4422,23.5512,sugarcane
242.1,44.2,99.6,31.11,82.96,6.43,261.2,385.9,5.4774,25.8089,sugarcane
170.3,85.8,80.2,33.17,78.69,5.97,279.2,336.3,1.9848,26.1015,sugarcane
171.9,31.4,122.2,32.27,71.85,6.48,242.8,325.5,5.4745,23.186,sugarcane
175.2,42.2,95.3,25.1,82.17,7.22,258.1,312.7,4.1517,20.6247,sugarcane
176.3,77.4,92.9,31.39,69.65,6.78,234.1,346.6,2.2778,21.8631,sugarcane
160.5,77.4,83.4,29.17,89.01,7.27,226.6,321.3,2.0736,25.9642,sugarcane
183.6,61.1,118.6,26.04,74.32,6.55,303.5,363.3,3.0049,19.3529,sugarcane
206.9,72.1,96.5,27.36,62.68,7.08,168.2,375.5,2.8696,17.1492,sugarcane
187.9,34.6,82.6,25.87,65.44,6.51,285.1,305.1,5.4306,16.9293,sugarcane
152.2,79.9,75.7,28.11,75.35,6.41,225.2,307.8,1.9049,21.1809,sugarcane
171.4,73.5,88.7,25.81,76.12,6.76,220.0,333.6,2.332,19.6466,sugarcane
166.2,69.4,72.4,24.92,90.76,6.53,260.5,308.0,2.3948,22.6174,sugarcane
181.3,70.3,108.5,29.44,66.69,6.18,190.4,360.1,2.5789,19.6335,sugarcane
113.7,73.9,107.2,18.96,60.04,5.98,80.7,294.8,1.5386,11.3836,potato
113.0,60.6,120.3,15.8,71.02,5.84,92.7,293.9,1.8647,11.2212,potato
125.6,78.3,93.7,14.7,58.86,5.81,82.8,297.6,1.6041,8.6524,potato
113.9,62.9,113.0,17.61,76.57,6.13,93.9,289.8,1.8108,13.484,potato
162.0,79.0,87.8,16.69,62.41,5.27,109.0,328.8,2.0506,10.4162,potato
165.9,66.7,74.4,18.84,69.02,5.91,61.9,307.0,2.4873,13.0034,potato
89.6,49.3,111.0,16.2,81.79,6.93,117.2,249.9,1.8174,13.25,potato
140.9,58.2,135.2,16.46,59.35,5.57,72.2,334.3,2.421,9.769,potato
147.2,64.8,128.5,20.63,65.55,6.51,88.9,340.5,2.2716,13.523,potato
140.9,86.4,108.4,18.37,73.43,6.02,119.9,335.7,1.6308,13.4891,potato
116.8,80.8,144.9,16.24,72.61,5.76,101.6,342.5,1.4455,11.7919,potato
125.1,89.5,98.6,18.04,62.38,5.47,101.8,313.2,1.3978,11.2534,potato
115.0,89.8,71.6,21.45,60.87,6.06,71.4,276.4,1.2806,13.0566,potato
121.6,63.6,66.4,18.73,63.13,6.58,74.1,251.6,1.9119,11.8242,potato
105.8,67.7,86.4,19.48,76.58,5.84,113.8,259.9,1.5628,14.9178,potato
127.7,65.1,126.3,16.12,62.77,5.97,83.2,319.1,1.9616,10.1185,potato
99.9,61.9,97.3,20.57,65.62,6.4,85.1,259.1,1.6139,13.498,potato
126.0,47.9,119.2,23.8,61.59,6.14,114.3,293.1,2.6305,14.6584,potato
105.0,69.8,142.9,16.02,70.64,5.37,74.0,317.7,1.5043,11.3165,potato
134.1,54.6,88.0,15.05,66.24,6.04,100.4,276.7,2.456,9.9691,potato
116.4,69.6,119.6,18.44,56.97,6.6,95.9,305.6,1.6724,10.5053,potato
135.8,95.4,120.8,20.19,57.25,5.99,94.9,352.0,1.4235,11.5588,potato
151.6,63.9,92.8,17.77,49.01,4.9,84.6,308.3,2.3725,8.7091,potato
161.8,72.3,137.1,15.37,58.35,6.16,83.4,371.2,2.2379,8.9684,potato
79.4,80.9,104.2,17.73,71.35,5.92,73.4,264.5,0.9815,12.6504,potato
113.3,73.4,102.3,19.5,75.59,5.27,104.7,289.0,1.5436,14.7401,potato
123.9,73.5,152.2,16.98,70.48,5.33,81.6,349.6,1.6857,11.9675,potato
139.2,65.7,120.5,19.52,69.44,6.39,114.4,325.4,2.1187,13.5547,potato
97.0,67.2,128.5,20.91,63.99,5.71,90.5,292.7,1.4435,13.3803,potato
110.4,58.5,137.1,18.6,71.2,5.64,73.8,306.0,1.8872,13.2432,potato
132.6,80.2,97.0,17.93,67.29,5.99,90.2,309.8,1.6534,12.0651,potato
131.7,49.1,135.0,20.07,79.44,5.74,86.8,315.8,2.6823,15.9436,potato
137.6,81.7,100.0,15.86,64.21,6.04,115.2,319.3,1.6842,10.1837,potato
138.9,53.2,99.1,15.61,75.74,5.92,87.6,291.2,2.6109,11.823,potato
136.8,81.6,104.6,17.33,71.99,5.52,89.5,323.0,1.6765,12.4759,potato
133.9,65.8,97.6,16.77,70.88,5.8,123.2,297.3,2.035,11.8866,potato
131.1,55.2,126.4,15.99,48.91,6.18,105.2,312.7,2.375,7.8207,potato
143.3,77.0,115.3,22.58,72.43,6.02,128.3,335.6,1.861,16.3547,potato
85.2,81.1,100.2,23.43,63.98,5.97,120.2,266.5,1.0506,14.9905,potato
160.9,64.7,123.5,17.12,61.45,6.77,77.3,349.1,2.4869,10.5202,potato
85.9,78.6,104.5,18.23,53.14,6.29,114.8,269.0,1.0929,9.6874,potato
108.4,42.6,103.4,17.53,64.96,6.34,125.5,254.4,2.5446,11.3875,potato
125.5,54.2,111.0,20.77,65.27,5.93,125.7,290.7,2.3155,13.5566,potato
143.5,85.5,119.3,21.26,54.58,6.09,114.8,348.3,1.6784,11.6037,potato
70.1,67.3,117.8,13.56,53.21,5.83,114.4,255.2,1.0416,7.2153,potato
129.4,47.7,102.7,19.19,68.89,6.31,88.9,279.8,2.7128,13.22,potato
145.8,61.6,126.9,14.73,71.97,5.96,78.3,334.3,2.3669,10.6012,potato
149.9,58.9,105.6,22.4,66.52,6.09,88.0,314.4,2.545,14.9005,potato
116.1,68.0,96.9,19.1,74.21,6.06,61.7,281.0,1.7074,14.1741,potato
124.0,65.6,80.6,15.94,64.31,5.99,121.9,270.2,1.8902,10.251,potato
117.7,72.1,129.7,17.4,64.57,7.18,89.3,319.5,1.6325,11.2352,potato
122.1,69.2,110.2,17.28,57.66,5.73,120.8,301.5,1.7645,9.9636,potato
109.4,86.3,114.2,19.31,52.52,5.73,70.4,309.9,1.2677,10.1416,potato
112.2,75.1,130.9,20.6,79.84,6.28,116.7,318.2,1.494,16.447,potato
138.7,75.5,100.5,15.13,74.05,5.76,85.1,314.7,1.8371,11.2038,potato
132.6,84.0,82.5,22.6,53.86,5.88,69.3,299.1,1.5786,12.1724,potato
139.8,65.3,111.4,22.01,66.25,5.57,127.5,316.5,2.1409,14.5816,potato
134.3,54.9,116.2,15.81,64.2,6.2,117.1,305.4,2.4463,10.15,potato
144.1,84.5,104.7,18.18,62.81,6.2,99.2,333.3,1.7053,11.4189,potato
147.6,71.6,139.5,22.28,61.73,5.87,95.7,358.7,2.0615,13.7534,potato
95.2,71.7,60.3,21.08,68.05,6.29,103.8,227.2,1.3278,14.3449,potato
112.9,62.4,132.4,17.16,71.55,5.26,98.9,307.7,1.8093,12.278,potato
125.4,62.6,125.8,20.04,68.22,5.72,79.2,313.8,2.0032,13.6713,potato
129.5,80.2,119.1,25.49,64.04,5.93,86.8,328.8,1.6147,16.3238,potato
116.6,81.8,43.3,18.26,63.74,5.53,134.2,241.7,1.4254,11.6389,potato
148.2,79.4,135.7,16.42,72.49,5.3,148.4,363.3,1.8665,11.9029,potato
169.6,79.5,89.5,18.43,68.71,5.88,126.3,338.6,2.1333,12.6633,potato
133.7,76.8,99.8,18.62,65.58,6.28,104.6,310.3,1.7409,12.211,potato
131.7,71.6,106.6,16.69,64.71,6.51,88.2,309.9,1.8394,10.8001,potato
147.0,67.9,118.1,19.1,67.76,5.78,79.0,333.0,2.1649,12.9422,potato
92.7,84.5,122.8,14.86,61.25,6.29,80.4,300.0,1.097,9.1017,potato
130.6,65.5,127.9,16.34,71.57,6.25,83.9,324.0,1.9939,11.6945,potato
149.6,74.4,126.3,19.9,56.39,6.49,138.0,350.3,2.0108,11.2216,potato
117.1,60.4,115.1,13.61,61.71,5.86,131.1,292.6,1.9387,8.3987,potato
105.5,62.1,118.3,20.26,69.89,5.28,109.9,285.9,1.6989,14.1597,potato
126.3,67.2,88.2,12.97,55.94,6.03,75.8,281.7,1.8795,7.2554,potato
128.8,60.4,95.0,13.67,52.42,5.59,112.9,284.2,2.1325,7.1658,potato
111.8,79.6,127.9,16.75,65.5,5.71,90.2,319.3,1.4045,10.9712,potato
171.9,53.8,126.7,18.72,51.43,5.88,51.9,352.4,3.1952,9.6277,potato
120.4,71.2,124.5,21.31,54.61,5.86,100.7,316.1,1.691,11.6374,potato
106.9,71.6,99.7,18.14,71.05,6.06,78.2,278.2,1.493,12.8885,potato
128.1,48.3,128.2,17.38,63.36,6.28,78.8,304.6,2.6522,11.012,potato
148.2,64.7,86.8,19.45,75.28,5.85,90.0,299.7,2.2906,14.642,potato
130.3,73.1,131.5,15.82,55.36,6.16,85.0,334.9,1.7825,8.758,potato
139.7,75.1,104.8,18.35,64.25,6.01,94.3,319.6,1.8602,11.7899,potato
112.6,67.5,143.7,15.0,68.2,6.37,93.4,323.8,1.6681,10.23,potato
159.8,78.1,79.6,18.21,55.64,5.92,57.5,317.5,2.0461,10.132,potato
141.2,68.7,145.3,17.68,73.25,5.97,125.4,355.2,2.0553,12.9506,potato
151.0,70.2,102.8,15.99,69.09,5.85,75.3,324.0,2.151,11.0475,potato
137.3,73.0,102.4,18.41,52.13,5.94,76.0,312.7,1.8808,9.5971,potato
146.5,81.1,113.9,18.4,64.7,5.69,88.4,341.5,1.8064,11.9048,potato
112.5,61.9,96.1,20.94,68.09,5.65,92.8,270.5,1.8174,14.258,potato
120.2,64.2,108.6,13.99,60.28,6.31,124.2,293.0,1.8723,8.4332,potato
156.9,62.0,95.2,17.81,53.16,5.57,100.4,314.1,2.5306,9.4678,potato
161.2,66.0,96.0,16.1,67.23,5.87,106.3,323.2,2.4424,10.824,potato
107.1,87.1,119.7,20.17,82.69,6.41,100.5,313.9,1.2296,16.6786,potato
135.0,76.9,92.0,19.88,61.9,5.86,99.6,303.9,1.7555,12.3057,potato
121.4,56.4,94.6,19.27,77.55,6.33,101.2,272.4,2.1525,14.9439,potato
116.1,62.8,82.5,16.24,58.98,5.76,56.3,261.4,1.8487,9.5784,potato
135.7,74.5,99.9,20.21,66.72,5.58,90.0,310.1,1.8215,13.4841,potato
152.8,59.1,136.2,14.17,71.17,5.36,118.2,348.1,2.5854,10.0848,potato
139.0,61.3,93.1,13.66,64.93,6.53,173.8,293.4,2.2675,8.8694,potato
123.6,86.1,95.4,14.81,62.62,5.55,70.9,305.1,1.4355,9.274,potato
140.3,62.6,113.9,17.92,70.81,6.3,103.5,316.8,2.2412,12.6892,potato
122.8,81.5,102.6,19.69,80.13,5.6,83.6,306.9,1.5067,15.7776,potato
138.2,85.1,154.6,10.56,67.4,6.53,136.0,377.9,1.624,7.1174,potato
157.9,61.2,106.7,21.31,60.87,6.88,67.9,325.8,2.5801,12.9714,potato
88.5,59.3,116.7,18.33,63.48,5.33,107.5,264.5,1.4924,11.6359,potato
145.9,66.7,128.9,14.08,85.16,5.57,66.9,341.5,2.1874,11.9905,potato
99.2,56.9,128.5,18.25,66.08,6.31,88.6,284.6,1.7434,12.0596,potato
154.6,71.5,114.7,20.73,60.24,6.21,94.3,340.8,2.1622,12.4878,potato
117.3,67.5,106.8,19.5,55.84,6.31,116.4,291.6,1.7378,10.8888,potato
105.6,74.3,150.5,20.75,50.39,5.77,73.5,330.4,1.4213,10.4559,potato
143.9,86.8,108.0,14.58,67.91,6.8,108.3,338.7,1.6578,9.9013,potato
137.3,79.8,101.2,16.96,70.24,6.05,95.4,318.3,1.7206,11.9127,potato
110.0,75.9,97.1,15.69,61.83,5.51,100.5,283.0,1.4493,9.7011,potato
104.9,46.4,75.5,22.29,64.88,5.9,114.2,226.8,2.2608,14.4618,potato
126.3,75.3,126.4,19.6,55.64,5.52,69.3,328.0,1.6773,10.9054,potato
105.9,90.7,63.0,25.12,66.06,6.64,111.2,259.6,1.1676,16.5943,potato
108.8,33.9,109.9,16.83,68.85,5.74,83.6,252.6,3.2094,11.5875,potato
132.3,78.3,105.9,16.19,60.72,6.2,116.9,316.5,1.6897,9.8306,potato
110.7,68.1,154.8,17.64,78.52,5.81,101.7,333.6,1.6256,13.8509,potato
138.5,59.8,73.4,21.45,58.3,5.75,90.8,271.7,2.3161,12.5053,potato
159.8,79.6,92.0,17.08,67.27,5.24,83.2,331.4,2.0075,11.4897,potato
127.0,90.5,107.3,18.31,71.79,6.24,111.5,324.8,1.4033,13.1447,potato
132.6,79.3,106.0,18.24,64.38,6.52,120.2,317.9,1.6721,11.7429,potato
170.4,65.5,99.0,18.1,63.49,5.63,84.3,334.9,2.6015,11.4917,potato
106.2,58.7,108.4,16.37,53.57,5.38,72.3,273.3,1.8092,8.7694,potato
153.8,71.7,84.8,17.66,75.86,6.32,108.9,310.3,2.145,13.3969,potato
151.4,80.5,117.1,17.55,63.64,5.34,66.0,349.0,1.8807,11.1688,potato
147.1,65.4,63.6,17.98,69.3,6.49,68.9,276.1,2.2492,12.4601,potato
155.8,66.5,109.5,20.36,70.38,5.64,73.7,331.8,2.3429,14.3294,potato
135.6,103.9,98.0,22.4,59.97,5.56,86.7,337.5,1.3051,13.4333,potato
118.3,82.9,130.3,15.9,63.42,6.1,68.3,331.5,1.427,10.0838,potato
151.9,83.8,145.1,17.02,75.68,5.58,56.2,380.8,1.8126,12.8807,potato
152.7,52.5,103.4,15.94,56.06,5.72,72.3,308.6,2.9086,8.936,potato
152.1,61.5,137.8,18.47,82.02,6.14,107.8,351.4,2.4732,15.1491,potato
130.9,70.9,103.7,16.65,59.04,5.03,69.6,305.5,1.8463,9.8302,potato
115.7,58.0,90.7,18.6,55.56,6.66,88.2,264.4,1.9948,10.3342,potato
133.8,89.2,144.9,20.76,66.06,6.02,133.9,367.9,1.5,13.7141,potato
148.8,86.9,120.4,11.69,82.67,5.48,94.0,356.1,1.7123,9.6641,potato
150.5,63.6,110.1,19.23,49.71,5.59,101.9,324.2,2.3664,9.5592,potato
121.4,91.4,123.7,16.85,63.87,6.4,76.1,336.5,1.3282,10.7621,potato
136.3,69.9,115.5,19.15,68.81,6.24,138.3,321.7,1.9499,13.1771,potato
103.8,101.1,108.6,15.76,65.27,6.55,84.2,313.5,1.0267,10.2866,potato
149.7,71.7,83.5,20.99,68.06,5.73,90.4,304.9,2.0879,14.2858,potato
114.3,76.9,104.6,20.28,59.26,6.12,121.3,295.8,1.4863,12.0179,potato
145.7,86.8,122.5,19.42,60.2,6.17,91.4,355.0,1.6786,11.6908,potato
107.0,85.3,107.5,19.98,63.81,6.28,96.0,299.8,1.2544,12.7492,potato
150.6,76.1,128.0,16.14,55.96,6.45,89.4,354.7,1.979,9.0319,potato
80.9,36.5,54.4,21.61,62.66,6.86,152.0,171.8,2.2164,13.5408,onion
90.6,43.5,66.5,21.26,60.81,6.76,125.3,200.6,2.0828,12.9282,onion
93.3,44.2,55.4,18.4,46.55,6.79,123.8,192.9,2.1109,8.5652,onion
75.4,50.1,61.4,15.76,65.98,6.61,108.9,186.9,1.505,10.3984,onion
73.5,48.9,62.1,24.45,50.85,6.75,129.2,184.5,1.5031,12.4328,onion
75.9,65.5,55.8,22.73,56.66,6.55,102.9,197.2,1.1588,12.8788,onion
64.0,40.4,60.8,24.71,67.68,6.35,116.2,165.2,1.5842,16.7237,onion
61.1,48.8,55.5,20.69,68.24,6.21,89.8,165.4,1.252,14.1189,onion
89.5,68.5,55.4,19.86,56.27,5.65,132.9,213.4,1.3066,11.1752,onion
99.1,39.1,72.9,22.02,56.73,6.53,116.4,211.1,2.5345,12.4919,onion
98.1,46.5,62.1,24.56,54.41,7.21,153.6,206.7,2.1097,13.3631,onion
49.3,35.6,64.2,21.31,50.42,6.89,162.6,149.1,1.3848,10.7445,onion
81.3,45.8,42.5,24.41,54.92,6.69,126.8,169.6,1.7751,13.406,onion
68.5,37.2,65.1,18.98,47.09,6.31,111.5,170.8,1.8414,8.9377,onion
87.2,55.5,66.4,21.52,65.46,7.0,89.2,209.1,1.5712,14.087,onion
78.7,46.5,55.2,21.79,63.16,6.55,129.9,180.4,1.6925,13.7626,onion
93.9,35.6,85.0,25.68,64.48,7.23,114.6,214.5,2.6376,16.5585,onion
84.7,53.4,32.5,22.62,52.36,6.21,121.8,170.6,1.5861,11.8438,onion
56.6,46.8,69.4,27.24,50.44,6.3,148.1,172.8,1.2094,13.7399,onion
70.5,54.5,68.6,17.96,60.43,6.26,91.9,193.6,1.2936,10.8532,onion
85.1,33.5,66.5,22.39,60.51,6.01,89.7,185.1,2.5403,13.5482,onion
86.4,48.7,62.1,22.54,58.82,6.23,104.8,197.2,1.7741,13.258,onion
63.9,52.7,66.6,23.86,57.68,6.64,128.1,183.2,1.2125,13.7624,onion
62.0,40.8,70.4,19.56,73.69,6.32,122.2,173.2,1.5196,14.4138,onion
85.8,32.4,51.3,27.05,63.41,5.06,90.3,169.5,2.6481,17.1524,onion
63.9,44.6,63.6,22.04,75.77,7.03,126.6,172.1,1.4327,16.6997,onion
60.0,57.3,57.8,18.74,70.15,5.93,83.6,175.1,1.0471,13.1461,onion
78.3,56.3,46.9,21.95,73.63,6.84,91.6,181.5,1.3908,16.1618,onion
77.7,40.7,68.6,21.06,51.4,6.61,107.5,187.0,1.9091,10.8248,onion
71.8,32.2,53.2,30.35,64.75,7.45,97.8,157.2,2.2298,19.6516,onion
74.4,40.7,42.0,25.15,56.55,7.0,129.6,157.1,1.828,14.2223,onion
85.2,40.3,53.5,22.15,46.69,6.4,116.3,179.0,2.1141,10.3418,onion
74.2,49.5,50.4,21.66,71.97,6.32,148.8,174.1,1.499,15.5887,onion
86.1,43.9,72.3,24.85,57.65,7.2,104.6,202.3,1.9613,14.326,onion
79.3,37.5,61.8,25.0,51.56,6.01,107.3,178.6,2.1147,12.89,onion
87.5,56.0,76.6,13.27,56.68,6.68,136.6,220.1,1.5625,7.5214,onion
98.2,46.4,52.0,23.93,53.63,6.55,108.0,196.6,2.1164,12.8337,onion
97.6,49.4,70.5,22.08,54.45,6.46,142.9,217.5,1.9757,12.0226,onion
104.3,27.8,94.1,18.07,58.23,6.74,121.9,226.2,3.7518,10.5222,onion
97.6,20.8,64.3,24.64,73.85,6.68,58.2,182.7,4.6923,18.1966,onion
88.6,30.6,70.3,28.74,54.67,6.78,135.9,189.5,2.8954,15.7122,onion
78.5,40.2,68.3,23.67,73.27,6.66,130.1,187.0,1.9527,17.343,onion
79.2,50.8,42.9,25.3,66.79,6.77,130.9,172.9,1.5591,16.8979,onion
71.8,21.6,67.0,27.41,63.17,6.64,68.0,160.4,3.3241,17.3149,onion
85.1,60.9,63.7,19.51,65.98,6.34,95.4,209.7,1.3974,12.8727,onion
95.5,46.7,56.9,16.43,60.11,6.6,97.0,199.1,2.045,9.8761,onion
74.1,58.6,49.4,23.97,70.29,6.31,91.5,182.1,1.2645,16.8485,onion
84.4,36.1,68.3,21.26,64.54,6.29,148.3,188.8,2.338,13.7212,onion
74.8,50.0,48.3,17.88,46.68,6.47,109.7,173.1,1.496,8.3464,onion
88.1,45.9,85.6,21.77,62.37,6.55,109.2,219.6,1.9194,13.5779,onion
76.8,53.2,61.4,24.18,66.27,6.61,122.1,191.4,1.4436,16.0241,onion
73.9,42.7,45.3,21.55,57.69,6.97,122.5,161.9,1.7307,12.4322,onion
74.8,49.7,53.8,19.64,61.01,6.4,36.6,178.3,1.505,11.9824,onion
92.5,56.0,56.7,21.33,55.1,6.68,95.8,205.2,1.6518,11.7528,onion
83.5,38.5,88.9,21.94,48.98,6.65,78.9,210.9,2.1688,10.7462,onion
78.6,47.4,49.4,16.21,47.6,6.36,118.8,175.4,1.6582,7.716,onion
88.9,26.1,58.6,21.57,47.7,6.63,103.6,173.6,3.4061,10.2889,onion
78.8,52.0,53.5,17.97,65.35,7.0,110.3,184.3,1.5154,11.7434,onion
101.9,64.5,66.0,23.98,40.08,6.67,64.3,232.4,1.5798,9.6112,onion
70.4,32.6,53.7,17.32,54.67,6.69,103.2,156.7,2.1595,9.4688,onion
82.2,44.1,46.3,25.04,53.87,6.32,134.5,172.6,1.8639,13.489,onion
63.9,53.8,57.7,20.77,57.74,7.39,141.0,175.4,1.1877,11.9926,onion
79.8,45.3,56.4,20.37,45.15,6.34,125.8,181.5,1.7616,9.1971,onion
59.8,46.7,52.9,22.88,63.23,5.93,80.6,159.4,1.2805,14.467,onion
96.2,41.1,53.5,19.4,49.81,6.94,137.7,190.8,2.3406,9.6631,onion
96.5,40.7,74.2,22.84,69.06,6.55,125.9,211.4,2.371,15.7733,onion
96.8,44.1,56.2,19.8,55.03,6.48,107.4,197.1,2.195,10.8959,onion
85.4,45.4,46.4,20.33,59.24,6.38,65.4,177.2,1.8811,12.0435,onion
71.8,33.2,54.5,23.22,60.03,7.35,131.0,159.5,2.1627,13.939,onion
73.0,44.3,60.7,18.58,61.95,6.74,97.0,178.0,1.6479,11.5103,onion
108.0,60.7,44.0,18.21,60.3,6.82,117.6,212.7,1.7792,10.9806,onion
106.5,40.8,79.5,22.74,56.58,6.67,111.5,226.8,2.6103,12.8663,onion
86.8,32.6,70.4,21.92,62.74,6.71,143.8,189.8,2.6626,13.7526,onion
77.3,43.5,77.2,22.51,63.73,7.16,107.2,198.0,1.777,14.3456,onion
105.5,37.9,64.7,22.98,53.88,6.5,109.7,208.1,2.7836,12.3816,onion
74.6,31.6,34.9,22.17,63.41,6.02,144.7,141.1,2.3608,14.058,onion
88.4,46.4,78.4,23.82,69.53,6.95,95.5,213.2,1.9052,16.562,onion
105.3,37.9,49.6,22.29,65.65,6.8,127.9,192.8,2.7784,14.6334,onion
72.5,38.8,50.6,15.98,67.46,6.64,105.6,161.9,1.8686,10.7801,onion
97.4,46.5,61.9,16.76,61.38,6.79,87.9,205.8,2.0946,10.2873,onion
92.8,29.7,76.5,27.78,52.51,6.45,110.0,199.0,3.1246,14.5873,onion
84.4,27.6,72.6,22.0,53.52,6.61,125.2,184.6,3.058,11.7744,onion
70.1,51.7,70.9,24.85,62.56,6.55,139.8,192.7,1.3559,15.5462,onion
74.1,25.7,56.3,20.96,67.54,6.36,142.4,156.1,2.8833,14.1564,onion
89.3,35.2,56.1,21.83,82.29,7.08,103.5,180.6,2.5369,17.9639,onion
63.6,27.0,64.2,20.64,67.85,6.04,88.3,154.8,2.3556,14.0042,onion
87.0,40.1,58.4,29.4,50.64,7.54,103.0,185.5,2.1696,14.8882,onion
93.1,49.3,70.7,22.76,53.86,6.95,84.0,213.1,1.8884,12.2585,onion
99.8,46.1,70.0,20.4,78.23,5.89,105.2,215.9,2.1649,15.9589,onion
64.0,68.9,67.1,17.05,58.28,6.51,102.5,200.0,0.9289,9.9367,onion
104.7,55.9,29.7,27.92,60.38,6.53,126.0,190.3,1.873,16.8581,onion
110.4,35.7,61.5,21.51,52.32,6.76,61.5,207.6,3.0924,11.254,onion
91.2,33.0,58.7,24.23,72.52,6.2,93.9,182.9,2.7636,17.5716,onion
69.4,72.1,62.0,24.57,64.0,6.61,94.0,203.5,0.9626,15.7248,onion
80.1,55.6,50.9,20.61,53.8,6.55,136.1,186.6,1.4406,11.0882,onion
84.3,50.9,44.1,24.02,52.05,6.3,85.5,179.3,1.6562,12.5024,onion
89.1,45.7,65.6,20.19,62.46,6.25,115.0,200.4,1.9497,12.6107,onion
85.3,47.7,55.7,19.03,60.35,6.97,107.2,188.7,1.7883,11.4846,onion
89.2,30.2,66.9,25.49,66.66,5.92,132.9,186.3,2.9536,16.9916,onion
83.6,46.6,51.9,21.53,64.38,6.79,123.1,182.1,1.794,13.861,onion
89.0,45.7,77.0,23.56,57.88,6.92,112.7,211.7,1.9475,13.6365,onion
78.1,36.0,72.0,23.23,55.65,6.51,97.8,186.1,2.1694,12.9275,onion
79.9,39.6,63.6,23.91,58.72,6.62,69.2,183.1,2.0177,14.04,onion
76.4,60.2,57.4,17.33,55.59,7.07,115.4,194.0,1.2691,9.6337,onion
113.8,43.7,70.2,20.24,58.96,6.32,121.7,227.7,2.6041,11.9335,onion
107.0,65.7,64.7,21.03,60.13,6.36,75.4,237.4,1.6286,12.6453,onion
93.3,27.6,62.9,19.51,52.82,6.4,82.9,183.8,3.3804,10.3052,onion
104.9,39.8,72.5,23.29,65.05,7.07,115.6,217.2,2.6357,15.1501,onion
97.0,29.5,77.1,25.56,57.04,7.12,117.5,203.6,3.2881,14.5794,onion
87.7,32.9,45.0,26.04,53.26,6.04,88.2,165.6,2.6657,13.8689,onion
62.4,36.7,47.4,20.98,57.19,7.0,97.4,146.5,1.7003,11.9985,onion
81.1,48.2,50.6,22.88,61.94,6.93,69.6,179.9,1.6826,14.1719,onion
80.0,47.7,42.0,23.34,60.66,7.22,140.3,169.7,1.6771,14.158,onion
68.0,38.2,59.2,23.86,63.38,6.75,81.4,165.4,1.7801,15.1225,onion
62.7,22.7,67.2,19.37,67.19,6.58,121.9,152.6,2.7621,13.0147,onion
92.4,59.8,59.7,27.46,70.44,7.06,109.2,211.9,1.5452,19.3428,onion
89.9,42.1,53.6,24.78,62.28,6.88,138.4,185.6,2.1354,15.433,onion
67.5,33.8,73.5,24.86,51.44,7.5,92.6,174.8,1.997,12.788,onion
73.8,47.7,61.7,25.61,57.85,6.98,111.3,183.2,1.5472,14.8154,onion
102.4,47.0,64.1,23.6,51.97,6.66,72.6,213.5,2.1787,12.2649,onion
71.8,41.8,73.9,18.92,73.57,6.13,67.4,187.5,1.7177,13.9194,onion
87.6,46.5,58.5,21.58,75.9,6.37,123.1,192.6,1.8839,16.3792,onion
82.2,33.4,84.7,17.05,65.2,6.03,70.7,200.3,2.4611,11.1166,onion
92.6,52.6,54.6,23.25,66.87,6.51,105.0,199.8,1.7605,15.5473,onion
72.2,35.0,84.0,21.49,62.01,6.97,132.2,191.2,2.0629,13.3259,onion
86.4,38.9,48.3,21.88,62.93,6.6,126.4,173.6,2.2211,13.7691,onion
87.5,51.5,66.2,25.61,47.22,7.01,95.4,205.2,1.699,12.093,onion
88.5,57.0,52.3,20.63,59.41,6.74,75.1,197.8,1.5526,12.2563,onion
86.2,60.9,73.4,21.24,52.95,6.44,121.2,220.5,1.4154,11.2466,onion
90.2,55.6,54.3,22.07,62.25,6.64,139.5,200.1,1.6223,13.7386,onion
117.9,41.8,63.5,16.48,59.52,6.79,95.4,223.2,2.8206,9.8089,onion
123.4,29.6,52.2,21.2,75.57,6.66,92.3,205.2,4.1689,16.0208,onion
75.4,59.1,71.2,14.54,67.33,6.66,98.5,205.7,1.2758,9.7898,onion
50.2,58.7,52.1,20.24,62.28,6.29,122.6,161.0,0.8552,12.6055,onion
93.9,38.3,80.2,24.57,57.86,6.43,137.0,212.4,2.4517,14.2162,onion
87.8,54.2,48.0,23.34,73.41,7.5,82.7,190.0,1.6199,17.1339,onion
100.9,41.7,43.9,20.22,59.76,7.09,77.0,186.5,2.4197,12.0835,onion
89.3,60.0,71.4,22.12,62.65,6.01,161.5,220.7,1.4883,13.8582,onion
85.9,39.9,52.9,18.78,60.34,5.65,106.1,178.7,2.1529,11.3319,onion
101.9,64.8,59.9,21.99,56.77,6.63,115.6,226.6,1.5725,12.4837,onion
104.0,52.9,56.1,30.79,60.29,6.96,94.8,213.0,1.966,18.5633,onion
64.2,63.0,44.2,27.54,44.3,6.39,120.8,171.4,1.019,12.2002,onion
72.8,40.4,59.1,22.16,47.62,7.01,131.1,172.3,1.802,10.5526,onion
83.4,49.1,75.2,22.48,62.8,6.62,116.6,207.7,1.6986,14.1174,onion
86.5,35.3,72.0,19.06,72.55,6.53,148.3,193.8,2.4504,13.828,onion
81.6,53.4,62.8,19.59,62.79,6.9,102.8,197.8,1.5281,12.3006,onion
91.5,54.0,73.3,23.09,54.24,6.39,104.2,218.8,1.6944,12.524,onion
99.9,69.0,47.3,20.43,48.46,6.49,115.1,216.2,1.4478,9.9004,onion
110.8,49.8,56.1,24.71,66.28,6.87,120.2,216.7,2.2249,16.3778,onion
93.7,52.2,64.7,26.71,55.46,6.59,115.0,210.6,1.795,14.8134,onion
86.9,37.1,74.9,22.4,67.51,6.91,101.5,198.9,2.3423,15.1222,tomato
115.6,50.5,92.5,24.6,69.93,5.9,127.7,258.6,2.2891,17.2028,tomato
103.3,78.7,75.1,30.04,71.22,5.71,154.3,257.1,1.3126,21.3945,tomato
99.5,70.0,83.1,22.43,69.44,6.55,170.3,252.6,1.4214,15.5754,tomato
110.6,53.4,62.3,20.88,66.14,6.52,128.6,226.3,2.0712,13.81,tomato
92.7,53.8,65.7,20.6,67.54,5.71,118.8,212.2,1.723,13.9132,tomato
89.6,61.2,80.3,23.35,63.57,6.54,143.0,231.1,1.4641,14.8436,tomato
62.9,66.2,103.4,20.99,70.51,6.24,108.2,232.5,0.9502,14.8,tomato
141.5,75.0,96.4,29.02,66.23,6.08,130.7,312.9,1.8867,19.2199,tomato
120.0,54.5,83.7,24.65,69.44,6.27,134.8,258.2,2.2018,17.117,tomato
107.9,40.7,77.3,26.92,76.01,5.42,134.3,225.9,2.6511,20.4619,tomato
98.0,61.9,96.0,23.1,62.33,6.16,137.2,255.9,1.5832,14.3982,tomato
58.2,54.5,86.9,20.58,72.77,6.12,114.1,199.6,1.0679,14.9761,tomato
96.9,44.4,40.6,20.07,68.27,6.62,116.8,181.9,2.1824,13.7018,tomato
122.9,63.6,59.2,21.28,84.17,6.34,116.3,245.7,1.9324,17.9114,tomato
127.0,57.4,80.1,25.04,66.27,6.66,94.5,264.5,2.2125,16.594,tomato
121.6,63.7,48.2,25.56,73.56,5.38,143.5,233.5,1.9089,18.8019,tomato
112.9,49.3,61.5,25.81,68.12,6.06,157.4,223.7,2.2901,17.5818,tomato
133.5,65.8,64.5,19.53,56.89,6.62,154.9,263.8,2.0289,11.1106,tomato
104.1,44.2,71.2,24.0,63.83,6.28,128.4,219.5,2.3552,15.3192,tomato
129.5,50.1,70.7,20.92,75.04,6.74,114.7,250.3,2.5848,15.6984,tomato
103.1,57.1,70.7,25.2,64.54,5.68,153.6,230.9,1.8056,16.2641,tomato
94.1,80.9,87.4,25.44,50.24,6.69,151.0,262.4,1.1632,12.7811,tomato
91.9,69.4,71.0,20.48,67.75,6.14,140.4,232.3,1.3242,13.8752,tomato
90.8,72.9,69.2,26.9,59.26,6.11,178.6,232.9,1.2455,15.9409,tomato
121.9,77.0,54.8,31.02,69.05,6.8,134.3,253.7,1.5831,21.4193,tomato
96.6,103.2,90.4,26.5,80.41,6.86,128.6,290.2,0.936,21.3086,tomato
91.4,60.5,64.9,23.51,74.16,6.81,125.0,216.8,1.5107,17.435,tomato
122.8,77.0,58.7,23.05,80.29,7.22,96.0,258.5,1.5948,18.5068,tomato
115.9,72.2,78.2,23.37,63.51,6.91,151.5,266.3,1.6053,14.8423,tomato
127.3,72.0,63.5,21.72,66.85,6.08,132.4,262.8,1.7681,14.5198,tomato
119.2,81.3,67.1,24.76,59.64,6.46,147.7,267.6,1.4662,14.7669,tomato
96.4,55.0,78.9,20.58,62.53,6.26,181.0,230.3,1.7527,12.8687,tomato
111.4,54.0,70.1,18.33,60.58,7.21,125.2,235.5,2.063,11.1043,tomato
112.3,63.8,109.7,24.66,57.55,6.84,76.5,285.8,1.7602,14.1918,tomato
93.5,57.8,73.9,24.06,78.93,6.32,147.0,225.2,1.6176,18.9906,tomato
90.1,63.8,84.3,22.29,51.26,6.75,139.2,238.2,1.4122,11.4259,tomato
97.7,78.8,45.9,20.15,78.96,5.91,116.7,222.4,1.2398,15.9104,tomato
146.7,54.3,62.1,24.87,77.97,6.5,144.9,263.1,2.7017,19.3911,tomato
102.6,56.3,58.7,21.03,72.0,6.02,154.7,217.6,1.8224,15.1416,tomato
132.2,62.1,60.7,23.58,59.08,5.72,111.3,255.0,2.1288,13.9311,tomato
101.6,57.3,81.2,29.29,55.34,6.71,127.5,240.1,1.7731,16.2091,tomato
126.0,37.0,90.5,25.95,63.61,6.76,171.9,253.5,3.4054,16.5068,tomato
126.2,53.0,80.2,19.89,73.0,6.58,117.0,259.4,2.3811,14.5197,tomato
127.1,68.2,71.6,20.18,68.02,6.33,136.7,266.9,1.8636,13.7264,tomato
117.0,77.3,65.5,24.46,59.65,5.89,69.4,259.8,1.5136,14.5904,tomato
134.8,46.1,91.7,19.87,77.19,5.94,98.0,272.6,2.9241,15.3377,tomato
116.8,46.1,106.1,17.99,81.48,6.01,138.9,269.0,2.5336,14.6583,tomato
140.8,60.4,77.0,25.6,66.19,6.31,165.7,278.2,2.3311,16.9446,tomato
80.8,35.1,89.1,24.96,68.87,6.83,100.9,205.0,2.302,17.19,tomato
116.3,54.7,80.2,25.35,55.93,6.82,136.9,251.2,2.1261,14.1783,tomato
115.1,39.2,86.3,24.79,64.68,5.74,125.6,240.6,2.9362,16.0342,tomato
93.1,76.4,57.5,23.8,72.08,6.12,158.8,227.0,1.2186,17.155,tomato
120.4,50.8,67.7,22.01,70.84,6.11,104.6,238.9,2.3701,15.5919,tomato
83.2,79.8,80.9,25.55,63.94,5.39,145.8,243.9,1.0426,16.3367,tomato
98.2,73.4,93.2,28.59,65.81,6.63,118.7,264.8,1.3379,18.8151,tomato
74.0,52.2,62.7,22.5,64.42,6.3,140.6,188.9,1.4176,14.4945,tomato
138.1,47.1,44.5,20.94,65.77,6.35,136.7,229.7,2.9321,13.7722,tomato
105.8,57.7,67.5,20.59,71.39,6.94,128.7,231.0,1.8336,14.6992,tomato
149.0,58.7,90.2,21.4,52.26,6.44,146.9,297.9,2.5383,11.1836,tomato
124.5,64.2,51.2,24.61,67.41,6.23,136.1,239.9,1.9393,16.5896,tomato
118.1,50.7,57.3,17.58,70.8,6.63,131.7,226.1,2.3294,12.4466,tomato
99.4,69.0,77.3,25.32,63.44,6.82,126.1,245.7,1.4406,16.063,tomato
91.2,63.2,73.3,25.93,64.17,6.52,136.9,227.7,1.443,16.6393,tomato
119.4,55.9,83.9,18.61,64.4,6.68,140.6,259.2,2.136,11.9848,tomato
108.7,51.5,56.6,21.06,64.17,6.34,110.3,216.8,2.1107,13.5142,tomato
85.9,57.8,70.1,24.24,68.05,6.37,126.3,213.8,1.4862,16.4953,tomato
82.7,50.2,92.9,23.57,69.03,6.45,108.6,225.8,1.6474,16.2704,tomato
92.7,60.7,57.1,25.56,51.2,6.1,134.0,210.5,1.5272,13.0867,tomato
142.8,61.0,97.2,23.58,73.22,6.17,120.2,301.0,2.341,17.2653,tomato
149.8,63.1,59.0,27.79,65.68,6.95,154.3,271.9,2.374,18.2525,tomato
113.7,81.2,87.7,23.04,83.46,7.2,151.8,282.6,1.4002,19.2292,tomato
112.7,58.4,69.4,21.05,58.47,7.04,111.9,240.5,1.9298,12.3079,tomato
103.9,72.1,57.8,20.81,61.06,5.87,134.9,233.8,1.4411,12.7066,tomato
93.2,62.8,67.5,26.21,66.38,5.83,151.0,223.5,1.4841,17.3982,tomato
134.8,57.1,83.2,24.09,71.31,5.92,130.6,275.1,2.3608,17.1786,tomato
143.7,58.6,74.9,25.9,52.39,6.45,116.8,277.2,2.4522,13.569,tomato
93.9,59.3,91.8,25.84,61.37,5.28,107.7,245.0,1.5835,15.858,tomato
108.5,63.4,96.5,17.94,72.73,6.16,156.4,268.4,1.7114,13.0478,tomato
101.9,48.5,57.3,20.58,60.42,6.96,157.6,207.7,2.101,12.4344,tomato
102.4,42.4,56.2,20.94,78.96,6.79,129.8,201.0,2.4151,16.5342,tomato
131.3,67.9,55.4,21.55,64.37,6.2,154.2,254.6,1.9337,13.8717,tomato
86.4,70.8,61.5,22.74,60.81,6.23,60.9,218.7,1.2203,13.8282,tomato
118.4,68.9,91.6,27.0,72.88,6.63,168.2,278.9,1.7184,19.6776,tomato
123.1,61.9,83.4,27.6,80.86,6.77,131.1,268.4,1.9887,22.3174,tomato
107.4,69.2,66.8,23.12,71.33,6.19,138.5,243.4,1.552,16.4915,tomato
126.1,68.6,74.8,23.25,78.08,6.31,127.0,269.5,1.8382,18.1536,tomato
112.7,69.5,96.1,21.88,81.41,6.17,169.9,278.3,1.6216,17.8125,tomato
131.9,49.7,103.6,24.27,60.63,5.87,108.5,285.2,2.6539,14.7149,tomato
82.6,46.8,78.9,24.61,75.51,6.31,171.9,208.3,1.765,18.583,tomato
103.7,55.3,35.1,26.42,55.81,6.28,144.9,194.1,1.8752,14.745,tomato
108.7,59.8,79.5,26.4,71.4,5.9,150.6,248.0,1.8177,18.8496,tomato
61.9,57.1,89.0,17.09,67.43,6.66,126.8,208.0,1.0841,11.5238,tomato
90.5,37.5,78.4,23.54,77.94,6.59,102.3,206.4,2.4133,18.3471,tomato
95.4,80.7,85.9,28.15,77.38,6.68,158.3,262.0,1.1822,21.7825,tomato
127.1,56.7,80.4,22.69,72.56,6.09,142.8,264.2,2.2416,16.4639,tomato
97.3,62.1,56.5,27.42,70.39,5.61,169.0,215.9,1.5668,19.3009,tomato
95.3,74.9,61.7,23.08,72.07,6.59,130.2,231.9,1.2724,16.6338,tomato
124.7,31.9,70.2,24.52,68.49,6.13,124.5,226.8,3.9091,16.7937,tomato
80.9,53.9,91.0,20.59,67.51,6.04,169.7,225.8,1.5009,13.9003,tomato
72.7,55.4,63.5,20.7,79.54,5.9,182.8,191.6,1.3123,16.4648,tomato
103.5,56.0,81.8,26.18,80.5,6.29,135.2,241.3,1.8482,21.0749,tomato
83.9,57.9,79.6,26.65,66.87,7.03,116.2,221.4,1.4491,17.8209,tomato
84.6,77.4,98.8,24.08,69.9,6.2,155.3,260.8,1.093,16.8319,tomato
120.3,68.1,74.4,20.32,68.65,5.96,128.6,262.8,1.7665,13.9497,tomato
125.8,71.5,48.7,24.13,55.11,6.66,150.0,246.0,1.7594,13.298,tomato
124.2,60.6,84.7,27.77,65.31,6.47,128.5,269.5,2.0495,18.1366,tomato
130.0,43.2,107.1,29.23,80.8,5.55,174.1,280.3,3.0093,23.6178,tomato
132.3,35.0,85.7,23.05,62.0,6.66,117.5,253.0,3.78,14.291,tomato
71.7,41.6,63.2,19.02,84.92,7.25,147.0,176.5,1.7236,16.1518,tomato
118.1,64.3,58.8,26.52,77.38,5.36,122.8,241.2,1.8367,20.5212,tomato
100.5,60.4,60.7,23.17,71.21,5.91,128.0,221.6,1.6639,16.4994,tomato
96.5,57.5,105.0,26.83,72.49,5.26,124.7,259.0,1.6783,19.4491,tomato
120.1,55.6,70.1,24.84,60.66,6.37,153.5,245.8,2.1601,15.0679,tomato
78.9,84.1,65.1,21.35,65.88,6.8,158.0,228.1,0.9382,14.0654,tomato
78.5,50.1,72.6,24.17,79.53,6.44,148.9,201.2,1.5669,19.2224,tomato
121.4,71.1,70.2,27.93,63.08,6.96,132.3,262.7,1.7075,17.6182,tomato
118.8,60.0,98.5,23.55,76.49,6.73,138.5,277.3,1.98,18.0134,tomato
112.5,59.3,59.8,20.9,56.98,7.08,157.4,231.6,1.8971,11.9088,tomato
94.2,74.1,92.7,19.23,58.41,6.86,158.2,261.0,1.2713,11.2322,tomato
123.4,77.6,76.8,21.68,83.21,6.24,67.7,277.8,1.5902,18.0399,tomato
122.2,57.1,93.1,22.77,67.91,6.43,128.2,272.4,2.1401,15.4631,tomato
111.5,69.6,98.7,26.46,63.69,6.05,129.4,279.8,1.602,16.8524,tomato
88.8,64.4,76.3,20.64,78.9,6.31,151.7,229.5,1.3789,16.285,tomato
102.3,60.1,70.3,28.66,77.97,6.42,133.3,232.7,1.7022,22.3462,tomato
125.1,62.5,76.0,19.99,75.37,6.37,153.0,263.6,2.0016,15.0665,tomato
133.9,51.7,73.6,30.99,63.44,6.94,108.0,259.2,2.5899,19.6601,tomato
104.1,56.3,50.1,29.18,65.7,6.27,141.5,210.5,1.849,19.1713,tomato
105.5,53.0,98.3,24.42,70.49,6.03,157.5,256.8,1.9906,17.2137,tomato
107.1,70.8,78.7,19.06,73.56,6.05,98.1,256.6,1.5127,14.0205,tomato
114.9,58.9,57.6,23.83,63.93,6.66,197.8,231.4,1.9508,15.2345,tomato
99.5,44.4,44.0,22.84,69.37,5.84,164.8,187.9,2.241,15.8441,tomato
57.9,51.3,40.1,20.18,70.14,6.32,135.0,149.3,1.1287,14.1543,tomato
131.5,21.6,86.6,24.87,78.29,6.93,114.3,239.7,6.088,19.4707,tomato
142.3,54.1,65.7,21.53,74.04,6.52,130.6,262.1,2.6303,15.9408,tomato
99.0,60.5,68.2,21.86,55.95,6.37,137.1,227.7,1.6364,12.2307,tomato
90.8,58.4,82.3,23.39,66.29,6.39,146.0,231.5,1.5548,15.5052,tomato
107.5,83.8,67.3,22.28,60.57,5.99,172.5,258.6,1.2828,13.495,tomato
106.6,66.9,83.2,30.23,72.54,6.06,123.1,256.7,1.5934,21.9288,tomato
127.9,66.4,76.4,22.39,75.39,6.32,149.1,270.7,1.9262,16.8798,tomato
111.0,40.3,73.7,25.32,68.81,6.51,102.7,225.0,2.7543,17.4227,tomato
95.7,55.6,51.4,24.44,65.85,6.78,124.7,202.7,1.7212,16.0937,tomato
86.3,54.2,62.7,25.06,68.55,6.44,144.4,203.2,1.5923,17.1786,tomato
125.6,50.6,84.0,25.29,69.67,6.94,152.3,260.2,2.4822,17.6195,tomato
120.8,50.4,64.8,26.64,62.88,7.04,116.2,236.0,2.3968,16.7512,tomato
129.1,38.3,93.1,24.8,58.25,6.72,124.0,260.5,3.3708,14.446,tomato
92.6,44.7,110.2,24.67,51.6,6.89,171.5,247.5,2.0716,12.7297,tomato
143.1,70.5,84.8,24.18,78.14,6.0,164.0,298.4,2.0298,18.8943,tomato
78.6,58.3,97.4,23.58,71.97,5.94,140.2,234.3,1.3482,16.9705,tomato
122.8,53.9,85.8,21.26,70.9,6.61,79.1,262.5,2.2783,15.0733,tomato
85.1,30.9,43.2,23.84,54.05,6.9,121.0,159.2,2.754,12.8855,pomegranate
54.8,45.7,51.8,33.82,41.72,6.8,121.8,152.3,1.1991,14.1097,pomegranate
51.2,33.1,61.0,31.13,48.28,6.09,154.7,145.3,1.5468,15.0296,pomegranate
48.7,25.4,39.6,29.07,45.41,7.35,100.6,113.7,1.9173,13.2007,pomegranate
59.5,40.7,35.0,28.99,54.35,7.83,109.4,135.2,1.4619,15.7561,pomegranate
59.6,40.5,32.6,22.98,55.5,6.68,112.3,132.7,1.4716,12.7539,pomegranate
66.4,29.9,60.9,25.09,58.91,6.94,143.4,157.2,2.2207,14.7805,pomegranate
43.9,30.8,34.6,30.34,53.48,7.22,148.6,109.3,1.4253,16.2258,pomegranate
51.3,31.5,44.7,26.88,51.72,7.86,126.9,127.5,1.6286,13.9023,pomegranate
79.4,33.3,35.2,28.13,68.54,7.1,145.8,147.9,2.3844,19.2803,pomegranate
57.7,19.9,30.5,28.58,34.76,7.1,119.4,108.1,2.8995,9.9344,pomegranate
52.9,33.5,42.1,26.27,66.96,7.09,110.7,128.5,1.5791,17.5904,pomegranate
43.7,49.3,35.6,25.13,47.1,6.29,144.5,128.6,0.8864,11.8362,pomegranate
61.1,27.8,38.1,22.55,55.71,6.28,127.2,127.0,2.1978,12.5626,pomegranate
67.4,30.3,65.1,28.41,46.74,6.6,96.6,162.8,2.2244,13.2788,pomegranate
65.5,25.5,49.2,31.47,42.97,7.51,139.9,140.2,2.5686,13.5227,pomegranate
51.9,39.9,54.3,22.43,54.85,6.83,109.8,146.1,1.3008,12.3029,pomegranate
59.3,44.6,53.2,28.9,60.42,6.74,106.7,157.1,1.3296,17.4614,pomegranate
75.1,44.4,44.0,30.12,54.73,6.73,137.3,163.5,1.6914,16.4847,pomegranate
67.9,25.0,40.6,25.04,44.58,6.93,112.8,133.5,2.716,11.1628,pomegranate
45.6,39.0,47.5,34.69,86.11,7.85,124.7,132.1,1.1692,29.8716,pomegranate
24.4,46.5,46.7,27.46,61.99,6.92,131.5,117.6,0.5247,17.0225,pomegranate
58.6,39.1,39.3,28.59,59.33,6.61,95.4,137.0,1.4987,16.9624,pomegranate
64.6,38.8,46.3,28.35,46.47,7.01,124.6,149.7,1.6649,13.1742,pomegranate
41.9,31.2,37.9,21.92,43.75,7.88,148.7,111.0,1.3429,9.59,pomegranate
54.9,36.8,43.3,33.04,47.2,6.75,91.1,135.0,1.4918,15.5949,pomegranate
51.8,44.9,41.6,25.18,60.81,6.41,126.2,138.3,1.1537,15.312,pomegranate
56.3,37.6,32.3,28.05,40.09,6.75,94.3,126.2,1.4973,11.2452,pomegranate
48.5,25.0,21.5,31.39,39.32,7.06,140.5,95.0,1.94,12.3425,pomegranate
70.5,31.4,35.6,34.84,55.4,7.34,140.3,137.5,2.2452,19.3014,pomegranate
56.8,44.7,63.0,24.68,53.19,7.5,106.1,164.5,1.2707,13.1273,pomegranate
44.5,37.6,41.9,27.21,42.3,6.48,170.2,124.0,1.1835,11.5098,pomegranate
66.0,36.0,52.8,34.53,39.09,6.52,142.7,154.8,1.8333,13.4978,pomegranate
39.8,30.6,23.8,30.85,64.38,6.84,132.7,94.2,1.3007,19.8612,pomegranate
70.4,44.5,34.9,31.68,53.57,7.34,131.3,149.8,1.582,16.971,pomegranate
66.9,48.3,31.5,24.8,36.36,6.37,139.6,146.7,1.3851,9.0173,pomegranate
71.7,45.1,43.0,27.48,37.06,6.7,90.1,159.8,1.5898,10.1841,pomegranate
53.1,46.5,69.2,28.33,46.38,6.7,119.9,168.8,1.1419,13.1395,pomegranate
49.0,32.1,49.6,25.57,57.33,7.47,124.6,130.7,1.5265,14.6593,pomegranate
56.0,31.0,62.0,22.3,55.95,7.26,105.0,149.0,1.8065,12.4769,pomegranate
54.0,33.7,42.5,26.96,61.32,7.45,126.6,130.2,1.6024,16.5319,pomegranate
47.2,35.3,58.6,34.42,35.1,7.67,145.8,141.1,1.3371,12.0814,pomegranate
48.4,46.4,65.7,29.24,52.24,6.85,104.5,160.5,1.0431,15.275,pomegranate
50.6,44.3,43.9,34.5,64.26,6.41,113.6,138.8,1.1422,22.1697,pomegranate
41.0,39.3,39.6,29.72,63.33,6.41,94.5,119.9,1.0433,18.8217,pomegranate
63.1,23.6,31.8,25.94,53.59,6.08,70.3,118.5,2.6737,13.9012,pomegranate
54.4,21.5,41.9,34.11,73.48,6.77,134.5,117.8,2.5302,25.064,pomegranate
51.3,36.9,45.8,29.85,56.09,6.81,114.4,134.0,1.3902,16.7429,pomegranate
41.7,42.0,65.3,32.85,60.43,7.39,116.2,149.0,0.9929,19.8513,pomegranate
41.1,34.4,32.1,24.73,50.44,7.01,90.3,107.6,1.1948,12.4738,pomegranate
78.2,50.3,45.6,33.16,42.19,6.75,110.4,174.1,1.5547,13.9902,pomegranate
47.5,26.3,26.9,33.28,41.25,6.94,142.4,100.7,1.8061,13.728,pomegranate
62.3,25.3,40.7,30.16,51.82,6.48,115.0,128.3,2.4625,15.6289,pomegranate
57.0,29.7,48.1,25.77,47.88,7.51,115.7,134.8,1.9192,12.3387,pomegranate
21.7,29.4,50.1,28.82,32.31,6.61,120.2,101.2,0.7381,9.3117,pomegranate
76.5,39.2,50.9,31.45,39.74,6.43,84.1,166.6,1.9515,12.4982,pomegranate
63.2,31.6,49.0,29.94,46.82,7.41,130.6,143.8,2.0,14.0179,pomegranate
45.8,22.6,50.8,31.4,57.27,7.29,83.6,119.2,2.0265,17.9828,pomegranate
54.7,42.1,45.5,33.05,49.84,6.14,91.5,142.3,1.2993,16.4721,pomegranate
41.2,20.9,34.5,26.41,49.28,7.43,88.8,96.6,1.9713,13.0148,pomegranate
76.9,26.4,26.5,24.38,40.13,6.63,110.6,129.8,2.9129,9.7837,pomegranate
44.1,22.0,39.5,28.85,50.23,6.81,106.2,105.6,2.0045,14.4914,pomegranate
48.7,36.7,43.7,27.68,63.19,7.09,115.0,129.1,1.327,17.491,pomegranate
46.2,36.5,57.5,32.14,51.56,7.29,92.4,140.2,1.2658,16.5714,pomegranate
56.0,50.3,44.0,24.7,34.93,7.22,140.1,150.3,1.1133,8.6277,pomegranate
71.4,42.3,43.0,33.08,37.48,6.98,135.9,156.7,1.6879,12.3984,pomegranate
76.5,46.5,48.9,34.41,55.89,6.79,110.7,171.9,1.6452,19.2317,pomegranate
50.2,37.3,42.3,29.0,47.76,7.21,103.0,129.8,1.3458,13.8504,pomegranate
59.5,27.2,53.1,29.24,49.25,6.94,100.5,139.8,2.1875,14.4007,pomegranate
56.0,36.0,64.8,25.93,43.87,7.9,107.2,156.8,1.5556,11.3755,pomegranate
43.2,39.7,66.9,26.83,55.03,7.29,80.0,149.8,1.0882,14.7645,pomegranate
84.1,40.6,46.0,27.37,46.99,6.54,91.0,170.7,2.0714,12.8612,pomegranate
71.4,31.2,48.4,34.77,48.13,6.76,136.5,151.0,2.2885,16.7348,pomegranate
57.3,38.9,60.8,28.71,41.49,7.02,122.5,157.0,1.473,11.9118,pomegranate
74.0,27.5,43.5,23.71,59.22,7.65,155.9,145.0,2.6909,14.0411,pomegranate
69.5,26.7,51.8,30.02,47.79,7.71,107.5,148.0,2.603,14.3466,pomegranate
56.0,26.1,33.6,32.31,56.08,6.8,106.0,115.7,2.1456,18.1194,pomegranate
58.9,35.2,41.9,28.9,38.06,6.53,104.8,136.0,1.6733,10.9993,pomegranate
73.1,25.6,56.6,34.88,67.34,6.47,107.0,155.3,2.8555,23.4882,pomegranate
43.6,31.6,37.8,32.11,62.77,7.13,98.5,113.0,1.3797,20.1554,pomegranate
75.1,42.2,43.7,24.8,30.9,8.15,121.8,161.0,1.7796,7.6632,pomegranate
52.3,26.8,29.3,26.79,41.98,7.27,115.7,108.4,1.9515,11.2464,pomegranate
73.3,31.0,65.1,29.9,54.78,6.2,102.3,169.4,2.3645,16.3792,pomegranate
54.9,35.6,57.6,22.34,36.8,6.64,146.3,148.1,1.5421,8.2211,pomegranate
59.1,37.0,46.9,30.35,48.68,6.69,162.4,143.0,1.5973,14.7744,pomegranate
54.6,31.0,50.1,21.95,54.27,6.59,144.2,135.7,1.7613,11.9123,pomegranate
48.6,41.3,49.0,33.09,48.15,6.81,129.0,138.9,1.1768,15.9328,pomegranate
51.8,39.7,58.8,32.63,55.39,7.18,134.0,150.3,1.3048,18.0738,pomegranate
71.5,44.1,39.8,31.02,43.07,7.34,161.4,155.4,1.6213,13.3603,pomegranate
27.2,34.3,52.3,26.3,27.56,7.55,134.0,113.8,0.793,7.2483,pomegranate
40.1,30.9,55.8,29.68,59.82,7.26,100.4,126.8,1.2977,17.7546,pomegranate
46.3,29.5,57.2,26.95,59.76,6.02,124.8,133.0,1.5695,16.1053,pomegranate
42.1,37.5,22.4,24.88,75.04,6.47,130.7,102.0,1.1227,18.67,pomegranate
73.1,32.0,39.0,27.65,27.93,6.92,90.1,144.1,2.2844,7.7226,pomegranate
70.1,30.4,34.8,31.79,57.51,7.07,107.9,135.3,2.3059,18.2824,pomegranate
62.1,31.4,46.5,29.18,30.31,7.43,142.5,140.0,1.9777,8.8445,pomegranate
47.3,29.5,24.8,34.8,67.56,7.02,69.4,101.6,1.6034,23.5109,pomegranate
71.0,36.6,24.5,32.06,54.88,7.03,83.7,132.1,1.9399,17.5945,pomegranate
35.9,23.7,66.7,31.63,40.48,7.12,110.6,126.3,1.5148,12.8038,pomegranate
80.7,37.4,51.2,22.56,57.8,6.87,123.8,169.3,2.1578,13.0397,pomegranate
46.8,40.4,46.2,27.86,44.47,7.04,81.1,133.4,1.1584,12.3893,pomegranate
51.9,30.4,48.6,24.74,53.0,7.56,111.8,130.9,1.7072,13.1122,pomegranate
49.8,50.4,46.5,28.27,52.06,6.96,143.8,146.7,0.9881,14.7174,pomegranate
42.1,35.1,55.0,26.23,67.44,6.98,116.7,132.2,1.1994,17.6895,pomegranate
78.1,22.5,38.7,27.49,68.15,6.98,138.5,139.3,3.4711,18.7344,pomegranate
64.5,32.8,46.9,33.24,44.03,7.65,100.2,144.2,1.9665,14.6356,pomegranate
69.6,35.5,47.3,30.9,60.58,6.45,94.8,152.4,1.9606,18.7192,pomegranate
40.3,38.6,34.5,33.03,53.55,7.89,136.2,113.4,1.044,17.6876,pomegranate
57.2,32.9,57.8,22.6,35.87,6.41,124.2,147.9,1.7386,8.1066,pomegranate
61.3,26.9,40.5,29.23,43.04,6.67,85.4,128.7,2.2788,12.5806,pomegranate
58.2,26.2,55.2,32.87,73.36,7.37,95.0,139.6,2.2214,24.1134,pomegranate
41.1,29.8,46.1,35.03,53.58,7.52,154.1,117.0,1.3792,18.7691,pomegranate
67.9,30.5,61.3,22.81,60.0,6.3,91.9,159.7,2.2262,13.686,pomegranate
56.5,25.9,34.6,27.59,47.88,6.45,138.4,117.0,2.1815,13.2101,pomegranate
43.5,29.1,34.2,33.14,44.6,7.14,103.0,106.8,1.4948,14.7804,pomegranate
32.7,40.3,35.9,28.23,50.27,8.17,114.9,108.9,0.8114,14.1912,pomegranate
62.3,48.2,46.3,25.36,47.34,7.62,122.4,156.8,1.2925,12.0054,pomegranate
84.4,41.0,60.4,22.8,35.07,6.88,62.5,185.8,2.0585,7.996,pomegranate
42.8,45.4,60.9,25.21,39.97,5.79,78.4,149.1,0.9427,10.0764,pomegranate
57.0,42.8,21.9,22.24,57.08,7.04,117.2,121.7,1.3318,12.6946,pomegranate
68.3,41.7,47.5,29.23,46.19,7.18,96.9,157.5,1.6379,13.5013,pomegranate
39.8,32.3,12.9,32.59,50.26,6.81,139.9,85.0,1.2322,16.3797,pomegranate
49.2,36.1,53.0,23.96,52.35,6.57,74.8,138.3,1.3629,12.5431,pomegranate
44.7,31.6,56.2,30.03,53.13,7.08,129.1,132.5,1.4146,15.9549,pomegranate
66.8,33.2,44.6,32.38,61.47,6.53,80.6,144.6,2.012,19.904,pomegranate
70.9,35.5,45.8,28.99,39.01,7.94,106.2,152.2,1.9972,11.309,pomegranate
56.9,40.7,45.7,22.56,55.7,7.76,88.4,143.3,1.398,12.5659,pomegranate
44.9,38.4,37.2,30.54,57.55,7.33,162.6,120.5,1.1693,17.5758,pomegranate
49.7,33.7,49.3,28.78,59.86,7.04,81.5,132.7,1.4748,17.2277,pomegranate
47.4,35.4,42.7,28.37,35.87,6.67,111.9,125.5,1.339,10.1763,pomegranate
43.3,38.5,54.3,26.81,52.55,6.99,71.8,136.1,1.1247,14.0887,pomegranate
53.8,40.3,43.9,29.35,67.16,7.82,155.0,138.0,1.335,19.7115,pomegranate
61.9,22.8,36.4,31.04,49.01,7.43,125.0,121.1,2.7149,15.2127,pomegranate
60.9,26.4,29.6,38.56,54.83,7.1,118.4,116.9,2.3068,21.1424,pomegranate
54.9,43.9,26.4,29.45,57.8,7.46,151.9,125.2,1.2506,17.0221,pomegranate
55.7,34.5,58.1,35.04,39.75,7.27,118.7,148.3,1.6145,13.9284,pomegranate
54.0,31.6,40.4,30.43,68.34,7.2,120.5,126.0,1.7089,20.7959,pomegranate
39.4,32.9,48.4,28.6,55.0,7.49,118.3,120.7,1.1976,15.73,pomegranate
56.9,32.9,62.8,29.59,55.2,7.26,129.1,152.6,1.7295,16.3337,pomegranate
48.0,39.5,39.4,24.11,33.38,7.43,102.7,126.9,1.2152,8.0479,pomegranate
38.8,26.1,38.7,30.22,57.95,7.08,109.6,103.6,1.4866,17.5125,pomegranate
59.4,35.2,43.7,21.03,55.06,6.87,135.3,138.3,1.6875,11.5791,pomegranate
47.7,37.0,45.3,25.55,66.24,6.73,121.9,130.0,1.2892,16.9243,pomegranate
57.7,38.2,63.9,29.44,46.89,6.67,112.1,159.8,1.5105,13.8044,pomegranate
65.2,36.8,60.7,33.78,40.12,6.2,80.0,162.7,1.7717,13.5525,pomegranate
43.6,39.1,51.2,34.72,43.18,6.54,152.5,133.9,1.1151,14.9921,pomegranate
56.1,30.4,59.5,28.05,44.95,6.53,98.5,146.0,1.8454,12.6085,pomegranate
33.3,27.5,43.2,29.62,38.81,6.75,139.7,104.0,1.2109,11.4955,pomegranate
73.4,54.7,48.0,32.94,62.9,7.78,119.4,176.1,1.3419,20.7193,pomegranate
38.7,32.6,42.0,23.68,63.28,6.92,82.7,113.3,1.1871,14.9847,pomegranate
167.6,57.0,104.3,27.65,87.55,6.5,214.9,328.9,2.9404,24.2076,banana
145.6,62.9,143.9,29.69,75.69,6.47,184.8,352.4,2.3148,22.4724,banana
169.4,65.8,128.7,28.59,77.75,5.85,245.9,363.9,2.5745,22.2287,banana
136.0,61.5,152.7,28.44,77.21,6.17,143.7,350.2,2.2114,21.9585,banana
155.5,49.9,121.5,27.5,72.0,7.38,205.0,326.9,3.1162,19.8,banana
101.2,54.9,124.9,30.22,74.31,6.6,251.8,281.0,1.8434,22.4565,banana
129.0,68.8,181.6,26.21,85.89,6.43,204.7,379.4,1.875,22.5118,banana
112.0,46.2,170.8,26.27,83.02,7.23,194.9,329.0,2.4242,21.8094,banana
131.8,54.4,57.6,22.24,81.64,6.34,205.4,243.8,2.4228,18.1567,banana
150.4,67.2,168.9,29.64,71.99,6.46,149.7,386.5,2.2381,21.3378,banana
126.7,70.5,138.2,26.81,80.6,6.9,245.0,335.4,1.7972,21.6089,banana
159.0,57.7,122.3,34.33,66.18,6.34,215.7,339.0,2.7556,22.7196,banana
121.2,55.1,114.8,25.99,85.06,6.2,210.5,291.1,2.1996,22.1071,banana
159.5,44.1,116.3,27.22,81.55,5.6,210.6,319.9,3.6168,22.1979,banana
168.8,66.3,123.0,28.37,71.93,6.13,220.5,358.1,2.546,20.4065,banana
162.3,75.8,111.8,24.25,89.7,6.12,242.9,349.9,2.1412,21.7523,banana
132.4,90.8,106.1,27.9,69.22,6.56,218.2,329.3,1.4581,19.3124,banana
93.2,64.6,114.0,27.09,83.18,6.26,172.3,271.8,1.4427,22.5335,banana
152.8,59.4,148.1,26.24,83.33,7.36,240.1,360.3,2.5724,21.8658,banana
137.2,49.0,141.3,29.93,72.56,6.08,237.4,327.5,2.8,21.7172,banana
118.5,37.5,153.9,24.74,79.77,7.06,227.2,309.9,3.16,19.7351,banana
127.8,62.1,138.3,27.69,70.18,6.59,257.6,328.2,2.058,19.4328,banana
171.6,88.2,107.3,30.64,62.92,6.82,221.1,367.1,1.9456,19.2787,banana
115.0,75.2,152.4,25.23,73.59,6.8,258.9,342.6,1.5293,18.5668,banana
150.3,73.4,114.9,26.26,76.3,5.61,269.3,338.6,2.0477,20.0364,banana
144.8,62.9,156.2,32.86,83.87,6.5,240.4,363.9,2.3021,27.5597,banana
132.1,64.3,110.9,28.19,80.4,6.4,193.8,307.3,2.0544,22.6648,banana
154.2,30.9,122.8,25.73,80.56,6.05,215.4,307.9,4.9903,20.7281,banana
175.9,69.2,131.0,29.01,73.91,6.68,263.4,376.1,2.5419,21.4413,banana
133.5,53.0,156.9,25.58,76.82,7.19,167.6,343.4,2.5189,19.6506,banana
134.7,51.6,144.4,23.09,74.42,5.43,206.3,330.7,2.6105,17.1836,banana
153.7,56.1,140.5,30.43,72.65,6.29,208.0,350.3,2.7398,22.1074,banana
160.2,55.7,187.1,24.24,76.44,6.0,189.7,403.0,2.8761,18.5291,banana
137.2,51.4,94.1,33.13,80.45,6.53,250.6,282.7,2.6693,26.6531,banana
133.3,60.2,114.0,25.78,76.56,6.37,233.2,307.5,2.2143,19.7372,banana
91.2,53.3,113.0,32.33,78.06,6.26,195.1,257.5,1.7111,25.2368,banana
122.9,61.2,95.7,23.58,84.17,6.78,241.2,279.8,2.0082,19.8473,banana
114.9,42.2,122.0,29.56,77.0,7.15,214.5,279.1,2.7227,22.7612,banana
155.1,57.4,157.2,28.25,72.0,7.56,188.8,369.7,2.7021,20.34,banana
134.6,46.8,125.2,29.09,83.38,6.2,195.0,306.6,2.8761,24.2552,banana
133.8,52.3,131.7,29.42,81.6,5.77,235.3,317.8,2.5583,24.0067,banana
139.8,61.7,96.9,25.76,81.97,6.72,252.9,298.4,2.2658,21.1155,banana
120.9,40.8,120.1,23.73,83.76,7.14,203.0,281.8,2.9632,19.8762,banana
174.2,50.1,128.5,26.87,82.74,6.83,239.1,352.8,3.477,22.2322,banana
168.6,66.8,156.1,27.56,80.17,7.14,275.4,391.5,2.524,22.0949,banana
175.6,43.0,98.1,25.82,94.35,6.41,175.9,316.7,4.0837,24.3612,banana
155.0,81.3,128.6,27.69,72.29,6.26,232.4,364.9,1.9065,20.0171,banana
139.4,74.5,167.2,27.82,76.48,6.55,249.1,381.1,1.8711,21.2767,banana
175.5,54.1,128.9,24.72,85.8,6.37,216.7,358.5,3.244,21.2098,banana
125.0,50.6,87.1,27.99,80.86,6.77,263.3,262.7,2.4704,22.6327,banana
120.8,62.4,172.0,26.33,84.55,6.89,297.0,355.2,1.9359,22.262,banana
126.8,42.6,158.4,25.25,81.02,6.92,232.0,327.8,2.9765,20.4575,banana
151.5,36.0,161.7,28.97,88.24,6.7,211.8,349.2,4.2083,25.5631,banana
123.2,54.5,96.4,25.06,73.95,6.6,254.2,274.1,2.2606,18.5319,banana
136.6,58.4,177.8,25.86,88.05,6.82,249.5,372.8,2.339,22.7697,banana
104.8,61.1,120.7,27.18,87.03,5.71,131.8,286.6,1.7152,23.6548,banana
150.6,52.6,127.3,30.44,72.74,6.58,219.9,330.5,2.8631,22.1421,banana
106.6,75.3,122.4,27.48,83.78,6.52,206.2,304.3,1.4157,23.0227,banana
119.5,42.1,163.7,28.32,79.74,6.59,233.9,325.3,2.8385,22.5824,banana
166.8,46.3,135.5,26.26,76.36,6.46,213.2,348.6,3.6026,20.0521,banana
166.0,65.8,152.0,26.8,68.67,6.67,217.0,383.8,2.5228,18.4036,banana
148.2,46.1,141.9,26.88,73.94,6.27,189.8,336.2,3.2148,19.8751,banana
146.1,45.6,137.6,27.73,84.25,6.95,245.7,329.3,3.2039,23.3625,banana
128.3,61.5,116.3,26.26,84.88,6.69,277.9,306.1,2.0862,22.2895,banana
123.0,47.4,185.3,30.35,78.74,6.56,190.3,355.7,2.5949,23.8976,banana
132.0,58.4,103.4,26.07,84.9,6.22,171.1,293.8,2.2603,22.1334,banana
106.7,51.6,150.3,22.73,85.67,6.83,220.7,308.6,2.0678,19.4728,banana
145.6,49.7,149.4,33.86,80.93,6.58,219.0,344.7,2.9296,27.4029,banana
141.1,34.8,168.9,26.18,75.67,6.2,261.0,344.8,4.0546,19.8104,banana
119.5,61.7,174.7,30.28,82.65,6.48,177.0,355.9,1.9368,25.0264,banana
174.5,45.0,136.6,30.51,82.92,6.75,201.2,356.1,3.8778,25.2989,banana
153.4,58.0,153.3,29.36,84.04,6.72,144.8,364.7,2.6448,24.6741,banana
155.2,53.9,184.1,26.5,85.19,6.69,268.1,393.2,2.8794,22.5754,banana
129.3,57.5,138.4,27.72,71.83,6.54,228.8,325.2,2.2487,19.9113,banana
140.0,58.2,113.3,23.81,76.94,6.91,203.8,311.5,2.4055,18.3194,banana
153.8,62.3,130.4,31.98,68.61,7.0,173.7,346.5,2.4687,21.9415,banana
143.4,51.3,107.4,24.87,84.48,6.79,176.9,302.1,2.7953,21.0102,banana
175.2,74.9,149.3,26.37,78.73,6.27,234.5,399.4,2.3391,20.7611,banana
135.5,37.8,166.6,27.25,82.58,6.08,181.2,339.9,3.5847,22.503,banana
128.9,57.3,137.0,26.73,71.15,6.28,223.6,323.2,2.2496,19.0184,banana
154.0,70.0,99.5,25.36,88.41,7.28,291.5,323.5,2.2,22.4208,banana
112.2,65.7,165.5,30.49,72.83,6.61,207.8,343.4,1.7078,22.2059,banana
160.3,48.3,95.6,29.38,84.65,7.35,186.3,304.2,3.3188,24.8702,banana
111.4,50.3,101.4,27.81,80.71,6.45,233.4,263.1,2.2147,22.4455,banana
154.0,47.9,135.5,26.0,78.86,6.4,177.1,337.4,3.215,20.5036,banana
125.7,67.2,146.3,29.66,78.38,6.47,280.2,339.2,1.8705,23.2475,banana
150.5,51.1,150.6,25.84,76.17,6.46,269.1,352.2,2.9452,19.6823,banana
160.0,63.1,138.3,30.93,87.77,6.19,214.3,361.4,2.5357,27.1473,banana
143.4,63.2,184.0,27.28,80.08,6.04,188.6,390.6,2.269,21.8458,banana
113.6,88.4,141.6,30.07,72.38,6.7,205.1,343.6,1.2851,21.7647,banana
120.3,63.8,165.9,26.72,77.7,6.92,209.7,350.0,1.8856,20.7614,banana
124.0,50.3,159.7,27.18,80.77,7.48,233.4,334.0,2.4652,21.9533,banana
98.3,42.5,107.7,30.06,85.39,6.33,256.4,248.5,2.3129,25.6682,banana
164.8,56.7,135.8,32.48,76.37,6.36,183.7,357.3,2.9065,24.805,banana
142.4,58.6,193.1,30.9,76.77,6.19,255.4,394.1,2.43,23.7219,banana
115.0,33.5,127.4,29.19,80.14,6.95,241.6,275.9,3.4328,23.3929,banana
172.0,51.4,123.1,28.47,85.24,6.83,202.2,346.5,3.3463,24.2678,banana
124.6,63.6,144.3,25.73,71.79,6.15,182.0,332.5,1.9591,18.4716,banana
145.5,53.6,128.3,27.74,83.03,6.14,224.1,327.4,2.7146,23.0325,banana
121.8,71.6,120.2,24.72,77.22,6.88,182.9,313.6,1.7011,19.0888,banana
95.6,41.3,127.9,27.94,78.05,6.65,255.8,264.8,2.3148,21.8072,banana
110.0,68.1,175.8,28.1,92.01,6.8,180.7,353.9,1.6153,25.8548,banana
130.1,71.0,136.6,22.1,78.82,6.15,239.2,337.7,1.8324,17.4192,banana
159.8,71.5,106.8,27.1,84.53,5.75,217.2,338.1,2.235,22.9076,banana
147.6,41.2,102.2,28.04,84.31,6.15,200.4,291.0,3.5825,23.6405,banana
143.1,63.8,195.2,26.79,72.92,6.78,216.4,402.1,2.2429,19.5353,banana
95.8,52.0,134.4,27.9,68.93,7.34,257.8,282.2,1.8423,19.2315,banana
167.9,43.1,150.9,23.65,84.93,6.33,178.3,361.9,3.8956,20.0859,banana
144.9,55.0,120.7,25.06,73.5,7.41,205.6,320.6,2.6345,18.4191,banana
137.4,49.1,148.0,29.59,70.01,6.83,193.7,334.5,2.7984,20.716,banana
164.9,71.0,176.5,27.0,86.16,5.94,218.6,412.4,2.3225,23.2632,banana
167.4,66.2,123.7,27.85,73.88,6.59,196.0,357.3,2.5287,20.5756,banana
165.4,46.2,151.5,25.63,75.36,6.85,158.1,363.1,3.5801,19.3148,banana
134.6,51.3,104.9,27.05,91.85,5.53,183.1,290.8,2.6238,24.8454,banana
117.9,55.4,190.6,21.24,70.04,6.76,277.3,363.9,2.1282,14.8765,banana
161.8,59.1,146.7,29.12,72.46,6.97,228.6,367.6,2.7377,21.1004,banana
110.0,72.1,129.7,31.52,77.24,6.66,227.4,311.8,1.5257,24.346,banana
182.8,68.3,132.6,24.34,78.56,6.48,210.1,383.7,2.6764,19.1215,banana
140.6,60.6,127.2,24.65,74.64,6.43,218.2,328.4,2.3201,18.3988,banana
116.7,56.9,128.5,28.1,73.05,6.41,205.0,302.1,2.051,20.527,banana
112.9,38.7,78.8,30.68,89.06,6.03,238.4,230.4,2.9173,27.3236,banana
111.9,75.5,137.6,26.99,81.58,6.22,223.5,325.0,1.4821,22.0184,banana
143.1,54.6,136.5,23.93,83.51,6.33,179.0,334.2,2.6209,19.9839,banana
139.9,78.7,152.2,26.48,79.18,6.55,228.9,370.8,1.7776,20.9669,banana
112.8,62.4,126.9,24.43,81.74,6.28,133.9,302.1,1.8077,19.9691,banana
132.2,84.3,120.7,25.33,85.6,6.15,234.5,337.2,1.5682,21.6825,banana
109.9,67.3,139.8,26.24,74.02,6.8,170.7,317.0,1.633,19.4228,banana
153.0,42.8,99.7,24.68,81.59,6.65,216.6,295.5,3.5748,20.1364,banana
138.8,52.6,143.6,25.06,84.18,6.28,178.2,335.0,2.6388,21.0955,banana
131.7,58.0,93.5,27.19,89.27,6.7,220.1,283.2,2.2707,24.2725,banana
111.7,49.5,168.0,27.54,91.69,6.32,240.2,329.2,2.2566,25.2514,banana
133.4,55.5,157.1,23.44,80.42,6.53,272.6,346.0,2.4036,18.8504,banana
130.9,43.6,116.8,27.99,86.83,6.89,166.1,291.3,3.0023,24.3037,banana
147.0,60.1,156.5,26.05,63.98,6.26,254.1,363.6,2.4459,16.6668,banana
143.7,62.8,142.8,28.8,89.31,6.03,224.6,349.3,2.2882,25.7213,banana
157.4,48.0,114.8,28.95,75.64,6.44,204.2,320.2,3.2792,21.8978,banana
129.3,83.3,89.4,25.64,78.55,5.95,246.6,302.0,1.5522,20.1402,banana
99.1,60.8,147.9,28.54,82.65,6.39,211.7,307.8,1.6299,23.5883,banana
161.8,50.2,120.1,24.91,79.08,6.39,245.1,332.1,3.2231,19.6988,banana
119.4,40.4,167.4,30.31,81.18,5.51,185.3,327.2,2.9554,24.6057,banana
115.6,60.7,140.4,25.0,89.53,6.71,197.8,316.7,1.9044,22.3825,banana
139.1,56.9,122.5,27.88,77.69,6.43,253.0,318.5,2.4446,21.66,banana
146.6,69.4,184.9,26.53,73.48,6.97,272.0,400.9,2.1124,19.4942,banana
128.3,58.3,154.4,24.46,90.88,6.59,218.8,341.0,2.2007,22.2292,banana
128.1,45.7,48.6,29.25,83.16,6.79,122.4,222.4,2.8031,24.3243,banana
131.4,80.0,127.8,25.46,91.53,6.98,213.0,339.2,1.6425,23.3035,banana
171.2,65.2,105.4,22.75,85.18,6.45,221.1,341.8,2.6258,19.3785,banana
139.9,57.0,120.0,19.79,72.06,6.5,211.9,316.9,2.4544,14.2607,banana
118.7,62.0,136.4,24.81,83.87,5.87,231.8,317.1,1.9145,20.8081,banana
118.9,65.7,148.9,30.44,74.1,7.0,203.3,333.5,1.8097,22.556,banana
76.7,27.9,59.1,26.62,78.21,5.58,134.9,163.7,2.7491,20.8195,mango
48.7,38.5,47.2,33.81,52.78,6.51,133.6,134.4,1.2649,17.8449,mango
82.3,45.7,60.2,22.76,58.57,6.83,197.8,188.2,1.8009,13.3305,mango
86.7,34.8,60.2,28.17,75.7,6.99,210.9,181.7,2.4914,21.3247,mango
52.2,39.0,43.2,27.34,66.69,6.76,127.1,134.4,1.3385,18.233,mango
52.2,41.1,44.2,26.35,53.0,7.48,134.9,137.5,1.2701,13.9655,mango
70.7,41.6,61.1,25.91,50.45,6.61,189.3,173.4,1.6995,13.0716,mango
48.4,27.4,55.3,27.98,54.72,7.26,171.0,131.1,1.7664,15.3107,mango
58.1,28.8,52.4,27.32,52.62,6.28,175.3,139.3,2.0174,14.3758,mango
80.4,29.5,62.9,26.82,62.37,6.63,181.9,172.8,2.7254,16.7276,mango
75.3,50.4,63.8,24.1,60.78,5.99,147.8,189.5,1.494,14.648,mango
92.7,39.1,48.6,23.15,62.79,7.05,164.9,180.4,2.3708,14.5359,mango
67.4,38.7,44.8,27.13,51.59,6.54,162.6,150.9,1.7416,13.9964,mango
56.4,37.9,39.9,26.79,59.29,6.78,129.2,134.2,1.4881,15.8838,mango
65.7,24.4,55.4,27.41,39.44,6.44,164.5,145.5,2.6926,10.8105,mango
62.9,50.5,37.9,27.67,61.45,6.89,192.1,151.3,1.2455,17.0032,mango
63.1,38.8,56.2,26.43,71.75,6.8,145.0,158.1,1.6263,18.9635,mango
64.7,40.8,69.6,27.36,45.75,6.1,159.6,175.1,1.5858,12.5172,mango
52.0,20.9,50.8,25.44,64.83,6.13,161.2,123.7,2.488,16.4928,mango
69.0,41.2,48.6,32.57,53.89,6.59,146.5,158.8,1.6748,17.552,mango
45.3,32.2,79.0,25.6,68.03,6.93,175.3,156.5,1.4068,17.4157,mango
55.0,24.4,73.1,26.89,61.59,7.53,134.6,152.5,2.2541,16.5616,mango
63.3,27.4,45.8,25.83,64.05,6.75,195.0,136.5,2.3102,16.5441,mango
33.4,24.9,56.7,25.78,60.65,7.1,173.8,115.0,1.3414,15.6356,mango
75.8,24.7,58.9,28.07,73.28,5.79,126.9,159.4,3.0688,20.5697,mango
36.3,35.5,57.4,27.69,63.47,7.61,205.9,129.2,1.0225,17.5748,mango
74.4,31.9,76.8,26.62,52.95,6.9,160.0,183.1,2.3323,14.0953,mango
46.9,37.7,56.0,27.15,60.99,6.58,133.3,140.6,1.244,16.5588,mango
59.3,48.4,57.8,25.84,56.31,6.52,188.1,165.5,1.2252,14.5505,mango
72.3,34.0,63.3,29.21,61.62,6.05,169.8,169.6,2.1265,17.9992,mango
95.8,17.0,69.3,34.17,55.8,6.19,101.8,182.1,5.6353,19.0669,mango
66.6,33.1,66.2,25.38,53.23,7.56,139.2,165.9,2.0121,13.5098,mango
37.2,44.5,61.5,29.18,61.99,6.11,163.4,143.2,0.836,18.0887,mango
78.4,34.3,36.3,28.13,60.56,6.1,90.2,149.0,2.2857,17.0355,mango
61.8,47.2,49.1,30.01,70.64,6.25,157.6,158.1,1.3093,21.1991,mango
66.0,38.6,64.8,30.09,55.85,6.0,159.7,169.4,1.7098,16.8053,mango
72.8,20.3,58.0,28.62,40.19,6.61,119.5,151.1,3.5862,11.5024,mango
33.8,35.9,64.9,27.88,56.36,7.14,163.1,134.6,0.9415,15.7132,mango
65.1,37.4,77.6,26.7,43.74,6.29,155.2,180.1,1.7406,11.6786,mango
59.3,43.6,40.9,25.71,64.16,5.91,119.3,143.8,1.3601,16.4955,mango
82.1,49.6,68.7,27.71,43.26,6.75,182.6,200.4,1.6552,11.9873,mango
75.2,42.3,51.0,24.15,50.12,6.57,180.1,168.5,1.7778,12.104,mango
42.2,38.5,66.2,26.22,56.38,7.1,146.3,146.9,1.0961,14.7828,mango
82.7,40.4,54.5,31.32,75.44,6.37,149.0,177.6,2.047,23.6278,mango
71.3,33.7,80.5,28.3,49.27,6.47,176.8,185.5,2.1157,13.9434,mango
43.3,23.3,56.6,30.68,60.12,6.53,149.0,123.2,1.8584,18.4448,mango
65.8,35.3,47.3,32.41,65.8,6.64,97.1,148.4,1.864,21.3258,mango
79.5,37.9,60.0,27.47,74.84,6.4,169.6,177.4,2.0976,20.5585,mango
48.0,25.4,58.9,28.62,67.78,6.32,130.6,132.3,1.8898,19.3986,mango
84.3,45.6,68.7,27.09,70.94,5.67,143.3,198.6,1.8487,19.2176,mango
43.8,43.0,60.4,25.56,68.64,6.32,198.7,147.2,1.0186,17.5444,mango
53.9,24.0,84.7,25.14,47.91,6.96,151.0,162.6,2.2458,12.0446,mango
51.8,45.9,53.7,30.53,63.6,7.03,155.1,151.4,1.1285,19.4171,mango
84.3,32.5,53.8,28.63,68.49,6.36,170.3,170.6,2.5938,19.6087,mango
58.1,28.8,47.8,33.54,50.43,7.25,170.2,134.7,2.0174,16.9142,mango
48.7,43.6,56.0,30.92,54.2,6.59,127.4,148.3,1.117,16.7586,mango
71.2,34.6,57.8,25.81,51.97,5.93,153.2,163.6,2.0578,13.4135,mango
74.3,50.2,58.4,30.52,67.73,5.77,156.1,182.9,1.4801,20.6712,mango
74.3,28.2,55.8,27.08,59.31,7.21,163.2,158.3,2.6348,16.0611,mango
61.2,21.1,47.7,31.65,56.79,6.41,163.7,130.0,2.9005,17.974,mango
68.6,32.8,44.4,26.54,47.18,5.99,232.6,145.8,2.0915,12.5216,mango
55.9,41.3,50.5,24.84,59.33,5.47,119.7,147.7,1.3535,14.7376,mango
88.4,27.6,68.7,25.61,54.32,6.4,184.4,184.7,3.2029,13.9114,mango
81.0,24.4,71.3,25.77,62.43,6.8,190.5,176.7,3.3197,16.0882,mango
80.2,36.8,54.1,25.48,48.57,6.25,169.8,171.1,2.1793,12.3756,mango
76.1,23.3,43.7,26.28,61.78,6.07,135.5,143.1,3.2661,16.2358,mango
72.3,37.5,54.0,30.57,55.61,6.33,204.9,163.8,1.928,17.0,mango
47.6,32.3,80.1,33.39,47.51,7.22,89.2,160.0,1.4737,15.8636,mango
73.9,39.0,67.0,24.01,46.73,5.9,134.5,179.9,1.8949,11.2199,mango
66.6,23.9,61.6,31.79,48.23,6.28,190.2,152.1,2.7866,15.3323,mango
82.7,45.4,66.6,26.57,57.94,7.21,143.9,194.7,1.8216,15.3947,mango
76.3,33.5,73.5,29.04,61.21,6.85,202.9,183.3,2.2776,17.7754,mango
72.7,41.1,41.2,23.04,62.7,6.69,109.6,155.0,1.7689,14.4461,mango
41.4,42.7,50.3,29.57,63.08,6.28,121.6,134.4,0.9696,18.6528,mango
63.8,25.7,48.7,21.98,52.41,6.62,139.1,138.2,2.4825,11.5197,mango
57.2,42.1,62.0,28.94,70.58,6.33,167.5,161.3,1.3587,20.4259,mango
68.5,23.6,56.9,28.77,55.58,6.17,148.3,149.0,2.9025,15.9904,mango
59.2,24.0,64.1,28.57,64.5,6.06,140.3,147.3,2.4667,18.4276,mango
61.1,50.7,48.9,25.8,58.36,6.99,197.6,160.7,1.2051,15.0569,mango
71.4,43.9,71.5,29.65,63.76,6.57,200.4,186.8,1.6264,18.9048,mango
59.0,51.6,54.2,29.17,57.86,6.76,142.6,164.8,1.1434,16.8778,mango
66.7,32.0,63.3,27.37,63.94,6.68,103.7,162.0,2.0844,17.5004,mango
43.7,35.8,69.3,30.02,59.93,6.82,90.3,148.8,1.2207,17.991,mango
53.3,39.2,68.4,27.71,68.14,6.47,162.2,160.9,1.3597,18.8816,mango
74.2,34.9,59.3,29.59,51.81,6.36,174.7,168.4,2.1261,15.3306,mango
47.8,29.0,64.8,27.62,42.3,6.19,156.9,141.6,1.6483,11.6833,mango
82.4,27.8,75.9,28.65,50.27,5.89,152.9,186.1,2.964,14.4024,mango
78.6,36.7,61.2,29.72,70.69,6.04,130.9,176.5,2.1417,21.0091,mango
61.2,26.5,46.2,26.81,58.45,6.42,174.6,133.9,2.3094,15.6704,mango
107.0,26.2,62.0,24.3,60.92,5.8,205.3,195.2,4.084,14.8036,mango
82.4,38.1,54.6,28.83,49.46,5.91,88.5,175.1,2.1627,14.2593,mango
51.7,34.2,26.8,31.57,60.66,7.12,152.7,112.7,1.5117,19.1504,mango
75.4,42.5,60.5,28.9,49.77,6.71,125.9,178.4,1.7741,14.3835,mango
65.9,31.6,56.4,28.95,51.24,6.37,110.3,153.9,2.0854,14.834,mango
54.1,30.3,68.9,27.87,55.98,7.74,121.1,153.3,1.7855,15.6016,mango
50.0,38.4,46.0,30.22,64.45,5.78,166.4,134.4,1.3021,19.4768,mango
78.9,28.5,36.9,27.44,65.52,7.09,167.1,144.3,2.7684,17.9787,mango
56.6,29.7,57.0,26.64,65.79,6.54,198.8,143.3,1.9057,17.5265,mango
63.6,30.1,59.6,31.32,44.12,6.99,155.3,153.3,2.113,13.8184,mango
52.1,33.3,56.1,26.41,59.93,6.65,102.3,141.5,1.5646,15.8275,mango
54.5,49.2,55.2,30.67,58.03,5.66,147.9,158.9,1.1077,17.7978,mango
63.2,24.0,42.2,31.32,44.68,6.65,113.4,129.4,2.6333,13.9938,mango
70.4,45.4,53.3,29.7,60.16,6.77,118.8,169.1,1.5507,17.8675,mango
28.8,40.9,50.8,24.25,57.5,5.5,172.4,120.5,0.7042,13.9437,mango
65.2,47.5,67.9,28.08,65.12,7.57,160.8,180.6,1.3726,18.2857,mango
54.6,60.1,59.6,27.39,60.81,6.76,172.6,174.3,0.9085,16.6559,mango
84.6,46.5,51.7,26.51,54.51,6.94,144.3,182.8,1.8194,14.4506,mango
106.2,42.4,75.7,28.43,69.26,6.02,178.7,224.3,2.5047,19.6906,mango
60.0,24.5,51.8,30.31,37.79,6.95,142.6,136.3,2.449,11.4541,mango
40.9,25.5,61.7,26.62,59.36,7.14,188.5,128.1,1.6039,15.8016,mango
66.6,37.9,53.0,27.49,42.37,6.73,165.3,157.5,1.7573,11.6475,mango
62.1,21.4,74.6,27.28,50.88,6.6,148.8,158.1,2.9019,13.8801,mango
92.6,39.9,56.0,31.49,65.25,6.15,161.4,188.5,2.3208,20.5472,mango
88.3,17.9,56.4,27.23,47.26,6.49,154.5,162.6,4.933,12.8689,mango
77.1,44.2,53.3,24.3,45.76,6.34,202.9,174.6,1.7443,11.1197,mango
56.8,32.4,57.4,23.28,83.82,6.89,162.4,146.6,1.7531,19.5133,mango
74.5,36.0,69.4,29.09,46.41,6.18,155.0,179.9,2.0694,13.5007,mango
68.7,29.0,65.2,25.72,76.51,6.88,147.8,162.9,2.369,19.6784,mango
68.4,19.8,55.3,30.01,58.28,6.18,180.3,143.5,3.4545,17.4898,mango
43.2,44.9,75.4,24.01,54.75,6.47,176.2,163.5,0.9621,13.1455,mango
79.9,45.7,65.5,26.38,65.67,6.91,146.8,191.1,1.7484,17.3237,mango
66.5,32.2,49.7,24.01,73.37,6.25,120.3,148.4,2.0652,17.6161,mango
63.6,40.3,38.4,29.3,48.54,6.93,127.9,142.3,1.5782,14.2222,mango
56.6,31.9,50.0,29.95,54.9,6.88,149.5,138.5,1.7743,16.4425,mango
53.9,37.3,60.0,29.02,68.47,6.46,195.5,151.2,1.445,19.87,mango
69.4,41.1,62.2,24.74,62.88,7.18,147.5,172.7,1.6886,15.5565,mango
40.5,39.4,71.3,25.76,71.02,6.64,137.2,151.2,1.0279,18.2948,mango
76.1,45.7,41.9,28.7,65.15,7.15,102.2,163.7,1.6652,18.6981,mango
50.2,39.2,49.7,22.94,78.08,7.5,200.4,139.1,1.2806,17.9116,mango
36.2,35.2,40.9,27.28,61.79,6.48,172.1,112.3,1.0284,16.8563,mango
90.5,28.9,38.9,32.55,62.22,6.92,178.9,158.3,3.1315,20.2526,mango
53.0,31.2,47.5,27.46,63.22,6.28,183.9,131.7,1.6987,17.3602,mango
54.9,41.5,59.4,23.53,58.58,6.08,150.1,155.8,1.3229,13.7839,mango
80.9,23.0,64.3,26.18,68.48,6.5,157.5,168.2,3.5174,17.9281,mango
91.0,43.8,43.6,26.11,62.37,5.92,199.7,178.4,2.0776,16.2848,mango
43.5,32.8,45.3,34.42,67.88,6.13,160.4,121.6,1.3262,23.3643,mango
51.6,28.5,33.6,33.0,69.44,6.9,172.6,113.7,1.8105,22.9152,mango
52.6,26.2,57.6,30.19,64.28,6.34,181.1,136.4,2.0076,19.4061,mango
78.1,40.4,46.2,26.97,65.02,6.96,174.3,164.7,1.9332,17.5359,mango
87.9,34.9,75.0,31.6,49.9,6.75,151.2,197.8,2.5186,15.7684,mango
49.9,47.7,59.9,24.6,54.5,7.53,154.0,157.5,1.0461,13.407,mango
84.8,24.9,52.9,31.23,68.43,6.86,178.3,162.6,3.4056,21.3707,mango
55.1,30.4,47.3,30.78,74.24,7.16,178.3,132.8,1.8125,22.8511,mango
69.7,34.3,37.1,27.55,40.6,6.8,190.0,141.1,2.0321,11.1853,mango
47.2,29.0,38.6,31.42,54.32,6.76,171.5,114.8,1.6276,17.0673,mango
63.3,35.0,47.5,26.66,60.24,7.18,172.9,145.8,1.8086,16.06,mango
63.4,37.6,46.6,24.2,51.21,6.93,141.6,147.6,1.6862,12.3928,mango
60.6,38.9,43.0,30.93,51.77,6.71,137.6,142.5,1.5578,16.0125,mango
70.4,47.0,59.5,27.74,64.75,6.7,178.4,176.9,1.4979,17.9616,mango
50.9,24.6,61.2,29.81,75.81,6.87,137.8,136.7,2.0691,22.599,mango
74.7,33.4,69.6,22.96,69.76,6.91,148.5,177.7,2.2365,16.0169,orange
95.7,40.0,47.9,25.79,54.79,5.87,148.9,183.6,2.3925,14.1303,orange
93.3,44.2,64.4,25.45,62.98,7.27,138.9,201.9,2.1109,16.0284,orange
79.5,42.5,42.2,26.96,62.43,6.82,152.3,164.2,1.8706,16.8311,orange
70.6,44.1,51.7,23.71,69.57,6.76,145.8,166.4,1.6009,16.495,orange
73.1,33.9,52.8,22.91,70.71,6.05,131.2,159.8,2.1563,16.1997,orange
88.0,52.7,48.1,29.26,67.57,6.19,106.5,188.8,1.6698,19.771,orange
74.5,37.3,50.7,24.18,64.82,6.54,127.1,162.5,1.9973,15.6735,orange
66.6,39.0,49.1,20.95,53.61,7.02,162.4,154.7,1.7077,11.2313,orange
93.2,29.5,43.2,28.43,53.45,5.87,139.1,165.9,3.1593,15.1958,orange
77.7,38.4,65.3,19.51,55.23,7.02,148.4,181.4,2.0234,10.7754,orange
66.3,44.3,52.8,13.51,68.02,6.56,132.1,163.4,1.4966,9.1895,orange
82.2,46.1,57.4,26.31,62.59,6.61,110.3,185.7,1.7831,16.4674,orange
89.6,52.5,57.0,26.73,68.95,6.8,133.3,199.1,1.7067,18.4303,orange
59.9,44.2,55.7,25.24,70.02,6.81,111.4,159.8,1.3552,17.673,orange
72.0,42.2,56.1,20.09,56.19,6.42,109.6,170.3,1.7062,11.2886,orange
71.3,36.4,51.3,23.82,62.26,6.95,173.8,159.0,1.9588,14.8303,orange
81.8,34.7,72.0,23.17,61.9,5.77,128.2,188.5,2.3573,14.3422,orange
84.5,47.8,64.1,22.39,59.38,6.52,119.2,196.4,1.7678,13.2952,orange
66.7,47.6,55.2,28.24,57.72,6.76,185.3,169.5,1.4013,16.3001,orange
52.6,31.4,49.6,20.86,71.48,6.56,162.8,133.6,1.6752,14.9107,orange
90.5,45.8,53.6,24.95,62.42,5.97,129.6,189.9,1.976,15.5738,orange
58.2,45.2,60.0,27.58,62.11,7.0,152.0,163.4,1.2876,17.1299,orange
79.1,31.1,73.0,25.14,55.58,6.2,133.4,183.2,2.5434,13.9728,orange
73.0,44.3,38.5,27.72,67.4,6.67,120.6,155.8,1.6479,18.6833,orange
77.4,31.6,62.9,25.69,53.96,6.76,153.3,171.9,2.4494,13.8623,orange
99.8,20.6,68.5,25.29,65.64,6.71,130.9,188.9,4.8447,16.6004,orange
120.6,38.7,37.2,25.1,65.86,7.17,142.1,196.5,3.1163,16.5309,orange
50.5,42.1,52.8,25.84,58.7,6.68,168.6,145.4,1.1995,15.1681,orange
89.8,39.1,42.2,22.84,64.54,6.87,165.5,171.1,2.2967,14.7409,orange
72.7,62.9,60.2,20.09,63.49,6.68,124.6,195.8,1.1558,12.7551,orange
90.7,43.0,50.7,26.86,61.69,6.95,153.6,184.4,2.1093,16.5699,orange
89.4,41.2,53.4,27.49,62.1,7.26,108.4,184.0,2.1699,17.0713,orange
96.1,43.4,50.1,24.76,62.49,6.76,152.6,189.6,2.2143,15.4725,orange
79.3,36.5,63.6,22.35,63.04,7.01,144.2,179.4,2.1726,14.0894,orange
61.7,47.4,57.7,19.33,62.48,7.28,150.6,166.8,1.3017,12.0774,orange
88.9,42.9,57.8,24.26,53.17,7.24,131.7,189.6,2.0723,12.899,orange
76.8,42.5,56.9,19.95,60.78,6.55,198.4,176.2,1.8071,12.1256,orange
71.5,35.0,61.9,19.53,64.12,7.11,114.8,168.4,2.0429,12.5226,orange
67.9,27.5,51.9,23.94,62.78,6.8,167.2,147.3,2.4691,15.0295,orange
90.1,36.0,75.4,21.71,69.63,7.15,111.1,201.5,2.5028,15.1167,orange
99.1,42.3,40.2,25.04,66.96,6.93,154.1,181.6,2.3428,16.7668,orange
57.1,36.4,34.3,23.52,55.04,6.81,156.1,127.8,1.5687,12.9454,orange
84.3,42.3,33.3,22.18,60.67,6.87,141.5,159.9,1.9929,13.4566,orange
69.4,38.1,30.0,18.89,59.51,6.8,126.1,137.5,1.8215,11.2414,orange
53.0,43.4,63.1,21.44,61.97,6.82,144.0,159.5,1.2212,13.2864,orange
77.2,32.2,61.6,21.55,61.98,6.64,147.5,171.0,2.3975,13.3567,orange
62.5,41.5,69.5,20.32,66.89,6.6,190.1,173.5,1.506,13.592,orange
51.3,34.9,42.3,23.01,63.42,7.41,115.6,128.5,1.4699,14.5929,orange
63.3,27.7,63.9,20.56,71.84,6.89,124.4,154.9,2.2852,14.7703,orange
59.6,38.7,55.7,23.51,63.93,6.47,148.0,154.0,1.5401,15.0299,orange
65.3,52.3,57.0,24.72,55.36,6.59,132.8,174.6,1.2486,13.685,orange
55.1,28.3,62.5,21.52,58.26,7.12,137.2,145.9,1.947,12.5376,orange
69.1,41.0,45.9,25.28,66.83,6.41,170.0,156.0,1.6854,16.8946,orange
64.3,46.4,86.0,19.92,49.09,6.11,61.0,196.7,1.3858,9.7787,orange
80.6,58.4,71.0,20.66,51.23,6.14,123.3,210.0,1.3801,10.5841,orange
83.9,36.1,48.6,23.66,62.09,6.01,91.2,168.6,2.3241,14.6905,orange
78.9,34.9,41.9,26.06,69.61,6.18,106.5,155.7,2.2607,18.1404,orange
71.5,30.7,53.9,26.6,72.46,6.23,207.3,156.1,2.329,19.2744,orange
71.1,49.1,57.2,28.84,60.26,7.25,156.7,177.4,1.4481,17.379,orange
62.4,33.1,67.8,22.87,70.49,6.68,166.6,163.3,1.8852,16.1211,orange
62.8,37.0,41.0,23.62,62.58,6.55,137.7,140.8,1.6973,14.7814,orange
85.6,25.2,58.4,20.9,49.75,6.12,161.2,169.2,3.3968,10.3977,orange
48.6,47.1,36.7,20.24,61.94,6.64,90.5,132.4,1.0318,12.5367,orange
73.8,49.3,60.2,24.69,57.05,6.01,169.1,183.3,1.497,14.0856,orange
70.1,46.8,53.7,21.67,69.35,6.55,117.0,170.6,1.4979,15.0281,orange
84.0,27.2,78.2,27.7,61.79,7.53,125.1,189.4,3.0882,17.1158,orange
53.6,44.9,36.4,19.61,51.78,6.97,154.1,134.9,1.1938,10.1541,orange
75.2,26.6,71.4,25.46,50.0,6.62,148.9,173.2,2.8271,12.73,orange
80.1,40.5,34.6,20.98,61.83,6.98,142.4,155.2,1.9778,12.9719,orange
46.4,41.6,39.1,21.54,42.64,6.49,101.8,127.1,1.1154,9.1847,orange
58.9,42.5,34.9,25.62,57.85,6.38,142.8,136.3,1.3859,14.8212,orange
73.6,44.3,58.0,21.97,63.85,7.38,166.9,175.9,1.6614,14.0278,orange
82.7,39.9,40.9,22.45,53.54,6.24,125.1,163.5,2.0727,12.0197,orange
77.7,24.3,38.8,21.56,69.95,6.56,176.8,140.8,3.1975,15.0812,orange
83.4,44.3,57.4,29.36,71.53,6.82,115.6,185.1,1.8826,21.0012,orange
58.8,40.8,60.4,22.15,53.87,6.33,140.2,160.0,1.4412,11.9322,orange
51.2,32.8,55.5,24.15,59.62,6.96,183.0,139.5,1.561,14.3982,orange
76.3,27.4,53.1,23.39,69.96,6.58,120.9,156.8,2.7847,16.3636,orange
56.6,52.3,76.9,24.66,61.99,6.97,169.5,185.8,1.0822,15.2867,orange
62.0,49.9,56.8,22.16,50.84,6.93,195.3,168.7,1.2425,11.2661,orange
89.0,45.6,64.7,23.4,60.85,6.6,144.8,199.3,1.9518,14.2389,orange
77.8,34.6,56.7,25.18,55.18,7.38,125.2,169.1,2.2486,13.8943,orange
66.5,19.9,41.8,21.41,70.87,6.43,118.4,128.2,3.3417,15.1733,orange
64.5,46.1,61.6,27.27,66.85,7.24,176.5,172.2,1.3991,18.23,orange
84.3,42.9,47.1,27.56,59.49,7.17,175.7,174.3,1.965,16.3954,orange
78.2,37.0,53.9,25.82,63.14,7.41,180.6,169.1,2.1135,16.3027,orange
56.8,49.0,58.7,24.21,51.54,6.77,139.1,164.5,1.1592,12.4778,orange
45.8,46.8,31.7,15.03,55.97,6.38,169.1,124.3,0.9786,8.4123,orange
103.2,41.4,35.7,25.27,74.43,7.53,138.6,180.3,2.4928,18.8085,orange
56.7,40.3,65.9,22.83,62.43,6.57,115.3,162.9,1.4069,14.2528,orange
82.9,40.4,47.0,23.26,69.44,6.37,171.5,170.3,2.052,16.1517,orange
97.7,45.4,47.6,18.31,63.86,6.62,185.7,190.7,2.152,11.6928,orange
77.2,33.1,57.0,25.48,72.51,6.31,111.4,167.3,2.3323,18.4755,orange
66.0,43.4,50.4,19.65,46.01,6.91,110.9,159.8,1.5207,9.041,orange
53.6,32.6,60.0,24.36,60.49,6.46,141.1,146.2,1.6442,14.7354,orange
53.4,50.7,54.4,26.71,75.16,6.59,166.8,158.5,1.0533,20.0752,orange
80.7,44.3,57.4,22.59,69.65,7.09,108.3,182.4,1.8217,15.7339,orange
96.8,34.5,46.6,27.65,72.6,6.95,146.4,177.9,2.8058,20.0739,orange
69.1,40.6,57.3,21.76,61.95,6.71,123.5,167.0,1.702,13.4803,orange
66.7,33.2,68.3,25.8,57.7,6.77,159.6,168.2,2.009,14.8866,orange
85.5,52.0,48.2,20.09,53.78,6.7,117.7,185.7,1.6442,10.8044,orange
64.7,53.0,66.0,27.09,53.22,6.53,161.6,183.7,1.2208,14.4173,orange
79.1,45.6,54.4,26.63,68.46,6.7,135.6,179.1,1.7346,18.2309,orange
75.6,52.5,63.8,25.41,66.11,6.9,113.8,191.9,1.44,16.7986,orange
68.9,41.2,56.5,22.82,61.47,6.65,141.8,166.6,1.6723,14.0275,orange
74.8,46.1,54.6,19.79,66.07,6.87,85.7,175.5,1.6226,13.0753,orange
101.4,49.8,59.2,22.83,63.14,6.37,124.3,210.4,2.0361,14.4149,orange
84.1,40.0,69.6,27.33,69.7,6.46,149.4,193.7,2.1025,19.049,orange
91.4,40.6,57.8,24.39,69.62,6.41,90.4,189.8,2.2512,16.9803,orange
61.2,47.5,60.7,19.34,53.47,6.47,68.0,169.4,1.2884,10.3411,orange
91.4,45.2,50.6,20.63,64.19,7.21,74.5,187.2,2.0221,13.2424,orange
84.6,34.0,73.9,27.76,48.65,6.99,177.2,192.5,2.4882,13.5052,orange
52.5,22.5,62.7,25.46,63.06,6.27,137.9,137.7,2.3333,16.0551,orange
83.1,38.6,55.9,20.3,66.83,6.87,125.1,177.6,2.1528,13.5665,orange
67.3,23.2,53.5,18.7,51.49,6.54,166.5,144.0,2.9009,9.6286,orange
51.8,32.1,66.7,22.12,58.67,6.43,128.7,150.6,1.6137,12.9778,orange
76.9,33.0,47.7,18.45,62.08,6.11,147.5,157.6,2.3303,11.4538,orange
83.1,35.5,33.6,23.53,63.87,7.09,140.7,152.2,2.3408,15.0286,orange
77.3,46.6,55.9,31.35,59.77,6.15,126.8,179.8,1.6588,18.7379,orange
73.4,48.3,69.3,19.21,52.62,6.68,148.2,191.0,1.5197,10.1083,orange
70.0,44.1,74.1,23.44,61.57,6.32,161.7,188.2,1.5873,14.432,orange
112.0,45.1,53.7,27.94,48.78,7.01,134.8,210.8,2.4834,13.6291,orange
57.3,45.2,55.5,26.25,60.14,6.57,127.1,158.0,1.2677,15.7867,orange
88.1,20.0,61.2,23.55,58.47,6.65,130.4,169.3,4.405,13.7697,orange
75.2,40.1,51.8,23.56,60.93,6.66,75.7,167.1,1.8753,14.3551,orange
62.2,25.6,61.2,20.53,57.53,6.82,147.9,149.0,2.4297,11.8109,orange
74.3,44.1,54.0,23.2,49.94,6.71,106.1,172.4,1.6848,11.5861,orange
54.1,23.3,67.1,24.73,59.07,6.68,157.6,144.5,2.3219,14.608,orange
66.1,38.6,63.7,27.32,69.45,6.49,137.5,168.4,1.7124,18.9737,orange
74.3,44.4,64.7,22.14,72.09,6.07,142.9,183.4,1.6734,15.9607,orange
51.7,31.1,52.5,23.43,81.51,6.25,159.6,135.3,1.6624,19.0978,orange
82.6,47.7,78.1,21.15,75.53,6.99,114.1,208.4,1.7317,15.9746,orange
60.5,44.1,60.8,24.68,52.42,6.58,150.3,165.4,1.3719,12.9373,orange
53.2,43.0,58.0,26.35,58.73,6.43,147.5,154.2,1.2372,15.4754,orange
58.8,45.6,45.9,25.89,61.82,6.14,134.8,150.3,1.2895,16.0052,orange
107.6,37.1,53.8,20.49,61.32,6.01,114.0,198.5,2.9003,12.5645,orange
45.3,41.2,56.4,24.44,62.56,6.42,156.7,142.9,1.0995,15.2897,orange
81.5,40.1,45.5,21.97,81.26,7.06,159.7,167.1,2.0324,17.8528,orange
63.7,39.9,51.5,27.03,53.34,6.48,143.2,155.1,1.5965,14.4178,orange
69.7,34.6,53.0,23.52,56.29,6.86,110.0,157.3,2.0145,13.2394,orange
84.1,30.1,55.7,19.44,75.15,6.46,125.2,169.9,2.794,14.6092,orange
83.3,37.3,33.8,23.34,57.07,6.96,138.3,154.4,2.2332,13.3201,orange
64.8,36.9,53.4,25.38,65.15,6.56,159.3,155.1,1.7561,16.5351,orange
54.6,34.1,50.5,24.73,70.28,6.21,95.7,139.2,1.6012,17.3802,orange
84.3,46.8,54.7,22.46,65.89,6.59,124.2,185.8,1.8013,14.7989,orange
83.3,30.6,67.4,22.24,63.53,7.43,128.7,181.3,2.7222,14.1291,orange
70.7,38.6,79.6,21.04,69.51,7.42,137.7,188.9,1.8316,14.6249,orange
81.6,49.3,63.1,22.82,54.86,6.89,103.6,194.0,1.6552,12.5191,orange
68.3,47.3,40.2,21.43,58.03,6.65,133.9,155.8,1.444,12.4358,orange
80.0,56.5,87.1,21.61,75.06,6.15,168.7,223.6,1.4159,16.2205,papaya
68.4,50.1,112.8,28.07,81.08,6.61,177.4,231.3,1.3653,22.7592,papaya
83.1,44.6,94.9,27.42,81.33,5.86,211.9,222.6,1.8632,22.3007,papaya
76.3,59.9,99.8,25.98,79.36,6.08,207.7,236.0,1.2738,20.6177,papaya
92.9,54.2,88.1,26.66,70.05,6.92,185.5,235.2,1.714,18.6753,papaya
70.8,39.3,59.2,26.83,69.8,6.48,215.7,169.3,1.8015,18.7273,papaya
86.4,34.2,56.0,26.55,81.36,7.33,151.7,176.6,2.5263,21.6011,papaya
72.1,49.3,118.3,32.22,81.5,6.77,212.3,239.7,1.4625,26.2593,papaya
75.4,39.1,76.5,26.07,73.62,6.81,156.3,191.0,1.9284,19.1927,papaya
89.8,36.3,75.1,27.42,71.59,6.17,217.2,201.2,2.4738,19.63,papaya
88.8,66.3,88.9,25.99,84.34,6.45,179.6,244.0,1.3394,21.92,papaya
78.3,54.0,93.8,28.96,72.12,6.31,120.1,226.1,1.45,20.886,papaya
80.7,52.3,95.8,27.44,80.97,6.17,201.9,228.8,1.543,22.2182,papaya
61.7,53.1,113.4,26.3,73.91,6.87,204.3,228.2,1.162,19.4383,papaya
107.4,43.6,109.0,22.19,66.62,6.95,166.3,260.0,2.4633,14.783,papaya
96.0,59.1,72.0,27.61,87.9,6.76,168.9,227.1,1.6244,24.2692,papaya
95.4,53.7,100.5,26.23,75.96,6.27,175.2,249.6,1.7765,19.9243,papaya
59.5,47.4,78.9,26.85,69.31,6.73,122.2,185.8,1.2553,18.6097,papaya
75.5,48.9,82.8,24.04,63.87,5.83,109.1,207.2,1.544,15.3543,papaya
79.6,42.7,67.5,30.58,64.68,7.13,219.0,189.8,1.8642,19.7791,papaya
54.1,50.9,57.9,29.14,72.02,6.08,155.3,162.9,1.0629,20.9866,papaya
99.2,52.6,84.5,30.58,90.4,6.15,235.7,236.3,1.8859,27.6443,papaya
108.3,50.7,69.7,29.87,70.32,6.65,221.1,228.7,2.1361,21.0046,papaya
118.0,55.6,99.8,28.48,86.58,6.68,227.0,273.4,2.1223,24.658,papaya
68.3,54.2,80.5,24.14,73.95,6.57,160.5,203.0,1.2601,17.8515,papaya
86.9,57.3,89.9,31.61,65.55,6.16,131.7,234.1,1.5166,20.7204,papaya
106.2,64.4,106.9,24.68,71.21,7.05,147.4,277.5,1.6491,17.5746,papaya
80.9,60.9,61.2,26.33,64.75,5.93,166.6,203.0,1.3284,17.0487,papaya
75.9,64.5,73.4,28.77,68.15,6.01,108.8,213.8,1.1767,19.6068,papaya
55.1,46.5,87.9,28.89,67.91,6.56,165.7,189.5,1.1849,19.6192,papaya
103.1,49.9,90.0,28.43,59.77,6.09,173.9,243.0,2.0661,16.9926,papaya
84.7,61.5,102.7,26.0,87.1,7.09,141.2,248.9,1.3772,22.646,papaya
73.3,61.7,98.9,25.48,76.69,6.13,148.8,233.9,1.188,19.5406,papaya
89.5,48.2,86.6,33.34,69.51,7.22,173.4,224.3,1.8568,23.1746,papaya
87.4,61.1,89.9,26.9,76.77,7.01,190.7,238.4,1.4304,20.6511,papaya
87.7,45.6,90.3,26.6,68.32,7.09,153.3,223.6,1.9232,18.1731,papaya
81.5,59.8,61.5,25.22,53.63,7.35,188.8,202.8,1.3629,13.5255,papaya
111.0,54.7,82.5,27.61,98.65,6.63,184.1,248.2,2.0293,27.2373,papaya
82.9,41.2,89.0,27.5,76.52,6.19,181.4,213.1,2.0121,21.043,papaya
110.9,50.7,92.3,26.96,70.29,6.56,160.4,253.9,2.1874,18.9502,papaya
94.0,76.8,70.2,27.95,59.53,6.37,140.0,241.0,1.224,16.6386,papaya
90.6,57.0,64.7,31.41,63.05,6.32,230.9,212.3,1.5895,19.804,papaya
83.2,78.0,81.2,25.51,88.24,6.66,198.9,242.4,1.0667,22.51,papaya
100.6,40.6,116.5,27.11,87.02,6.48,210.2,257.7,2.4778,23.5911,papaya
86.8,62.5,71.9,25.38,81.03,6.3,177.5,221.2,1.3888,20.5654,papaya
70.1,29.7,103.8,27.74,66.08,6.5,175.1,203.6,2.3603,18.3306,papaya
69.6,55.0,110.4,25.58,87.08,6.82,194.7,235.0,1.2655,22.2751,papaya
91.8,61.3,85.7,25.69,78.6,6.98,125.0,238.8,1.4976,20.1923,papaya
70.5,63.4,74.1,23.35,80.24,5.96,146.6,208.0,1.112,18.736,papaya
84.0,47.0,93.2,27.24,78.57,6.48,156.1,224.2,1.7872,21.4025,papaya
101.9,65.4,88.1,28.07,62.94,6.54,166.4,255.4,1.5581,17.6673,papaya
89.9,49.7,71.3,31.65,65.41,6.13,153.6,210.9,1.8089,20.7023,papaya
73.4,53.4,74.5,28.17,70.92,6.55,190.0,201.3,1.3745,19.9782,papaya
107.6,50.7,92.3,25.88,80.15,6.66,182.4,250.6,2.1223,20.7428,papaya
93.8,43.6,99.9,23.6,63.96,6.81,221.8,237.3,2.1514,15.0946,papaya
101.3,70.7,79.8,23.95,73.6,6.63,254.2,251.8,1.4328,17.6272,papaya
48.7,55.5,83.9,23.76,73.59,6.25,142.1,188.1,0.8775,17.485,papaya
90.3,65.9,95.7,31.7,81.34,7.4,184.4,251.9,1.3703,25.7848,papaya
98.5,65.4,82.2,27.72,80.4,6.93,184.4,246.1,1.5061,22.2869,papaya
112.2,45.3,80.2,25.54,66.92,6.82,179.6,237.7,2.4768,17.0914,papaya
61.6,67.2,72.9,24.6,86.57,7.0,147.5,201.7,0.9167,21.2962,papaya
104.3,60.0,72.6,24.86,65.69,6.7,152.5,236.9,1.7383,16.3305,papaya
111.3,44.6,127.7,25.48,83.74,7.11,187.2,283.6,2.4955,21.337,papaya
52.7,59.5,81.9,30.29,70.6,6.62,151.6,194.1,0.8857,21.3847,papaya
92.7,44.8,106.8,26.93,76.31,6.6,184.8,244.3,2.0692,20.5503,papaya
94.9,71.1,111.9,23.38,76.81,6.85,172.6,277.9,1.3347,17.9582,papaya
79.8,63.1,82.1,32.78,76.58,7.23,184.2,225.0,1.2647,25.1029,papaya
77.2,54.3,90.9,24.15,80.4,7.2,151.4,222.4,1.4217,19.4166,papaya
95.7,67.6,86.6,25.52,78.13,6.84,184.7,249.9,1.4157,19.9388,papaya
75.2,39.2,59.2,30.28,81.27,6.81,153.6,173.6,1.9184,24.6086,papaya
81.5,47.5,60.2,28.04,78.72,6.88,184.8,189.2,1.7158,22.0731,papaya
98.0,52.5,85.8,25.83,64.88,6.99,220.2,236.3,1.8667,16.7585,papaya
113.1,77.4,78.2,23.92,77.16,7.12,187.8,268.7,1.4612,18.4567,papaya
93.6,44.3,115.3,24.58,70.49,6.51,189.7,253.2,2.1129,17.3264,papaya
87.1,37.9,81.2,24.73,66.13,7.13,204.5,206.2,2.2982,16.3539,papaya
76.7,40.6,116.2,27.02,72.68,6.74,137.9,233.5,1.8892,19.6381,papaya
68.8,64.1,77.4,27.48,76.47,6.86,231.6,210.3,1.0733,21.014,papaya
102.8,49.1,115.6,26.63,77.0,7.15,148.3,267.5,2.0937,20.5051,papaya
82.5,53.4,93.1,26.9,83.45,6.9,206.4,229.0,1.5449,22.448,papaya
103.4,62.6,94.0,24.37,85.46,6.97,202.4,260.0,1.6518,20.8266,papaya
79.7,53.4,76.8,27.73,77.69,6.44,152.9,209.9,1.4925,21.5434,papaya
74.6,57.0,94.2,30.2,79.14,7.2,210.3,225.8,1.3088,23.9003,papaya
91.7,60.4,112.1,26.59,75.76,6.88,194.9,264.2,1.5182,20.1446,papaya
83.8,50.7,82.7,26.54,81.14,6.65,236.7,217.2,1.6529,21.5346,papaya
65.7,53.3,79.6,27.21,78.9,7.04,185.8,198.6,1.2326,21.4687,papaya
114.1,57.4,81.1,29.8,74.56,7.64,176.7,252.6,1.9878,22.2189,papaya
75.0,63.7,110.9,24.76,92.22,6.13,164.6,249.6,1.1774,22.8337,papaya
99.8,47.1,98.7,30.63,70.63,6.28,127.7,245.6,2.1189,21.634,papaya
98.5,24.8,108.2,28.05,86.64,7.67,170.5,231.5,3.9718,24.3025,papaya
64.8,61.8,90.0,27.07,64.17,6.77,171.7,216.6,1.0485,17.3708,papaya
69.0,64.3,85.6,30.03,81.51,6.68,187.9,218.9,1.0731,24.4775,papaya
80.2,57.0,91.8,24.04,86.49,6.55,137.3,229.0,1.407,20.7922,papaya
71.1,57.7,102.1,28.31,59.74,7.08,172.8,230.9,1.2322,16.9124,papaya
112.6,49.4,81.0,28.08,76.11,7.64,197.3,243.0,2.2794,21.3717,papaya
81.8,60.0,106.9,24.66,80.72,6.33,200.3,248.7,1.3633,19.9056,papaya
99.2,63.5,90.9,28.15,77.02,6.56,124.2,253.6,1.5622,21.6811,papaya
93.2,55.6,46.5,27.71,78.03,6.46,201.2,195.3,1.6763,21.6221,papaya
89.2,79.9,99.1,26.55,76.09,6.89,172.6,268.2,1.1164,20.2019,papaya
85.6,39.4,64.6,29.16,66.25,7.09,174.4,189.6,2.1726,19.3185,papaya
104.8,56.6,98.7,25.57,93.94,7.25,109.1,260.1,1.8516,24.0205,papaya
71.8,43.3,99.4,27.68,70.97,6.91,224.8,214.5,1.6582,19.6445,papaya
112.6,63.8,90.3,26.67,78.47,7.61,185.3,266.7,1.7649,20.9279,papaya
64.4,39.2,93.7,25.46,69.83,6.37,134.1,197.3,1.6429,17.7787,papaya
97.5,41.7,102.6,28.26,56.79,6.27,191.3,241.8,2.3381,16.0489,papaya
62.5,48.7,77.1,26.48,67.6,7.19,190.3,188.3,1.2834,17.9005,papaya
79.9,57.7,97.7,23.32,63.42,6.65,216.7,235.3,1.3847,14.7895,papaya
86.5,49.0,103.6,22.5,83.73,6.05,170.7,239.1,1.7653,18.8393,papaya
77.2,49.1,113.2,28.97,70.15,6.47,180.4,239.5,1.5723,20.3225,papaya
82.1,53.2,67.3,23.95,70.89,6.7,160.7,202.6,1.5432,16.9782,papaya
62.8,52.6,91.5,27.7,66.49,6.34,197.9,206.9,1.1939,18.4177,papaya
69.2,69.9,69.6,27.14,75.75,6.19,156.5,208.7,0.99,20.5586,papaya
93.0,61.9,68.9,26.08,69.27,6.52,153.2,223.8,1.5024,18.0656,papaya
85.5,51.8,90.7,31.89,82.94,6.17,178.0,228.0,1.6506,26.4496,papaya
74.0,76.0,86.2,27.45,77.42,6.85,143.2,236.2,0.9737,21.2518,papaya
106.2,59.9,103.3,28.89,70.43,5.82,228.1,269.4,1.773,20.3472,papaya
65.5,45.3,79.5,27.71,81.8,6.64,237.8,190.3,1.4459,22.6668,papaya
79.2,57.6,82.9,26.42,75.06,6.81,166.4,219.7,1.375,19.8309,papaya
76.9,60.4,88.4,26.95,75.17,6.56,138.4,225.7,1.2732,20.2583,papaya
94.8,48.1,71.2,30.65,63.3,7.04,190.1,214.1,1.9709,19.4014,papaya
85.8,44.5,73.4,29.72,74.43,6.05,165.5,203.7,1.9281,22.1206,papaya
83.3,55.9,102.9,31.88,77.57,6.32,215.2,242.1,1.4902,24.7293,papaya
55.5,51.4,76.2,27.55,85.67,6.47,156.4,183.1,1.0798,23.6021,papaya
98.8,69.8,103.9,24.81,68.98,6.89,196.3,272.5,1.4155,17.1139,papaya
81.5,62.4,94.7,25.9,93.22,6.69,183.4,238.6,1.3061,24.144,papaya
86.9,48.6,60.2,24.03,79.45,7.46,159.7,195.7,1.7881,19.0918,papaya
73.0,59.3,93.5,28.92,62.84,6.28,187.2,225.8,1.231,18.1733,papaya
70.5,67.7,93.4,25.54,68.24,6.04,206.4,231.6,1.0414,17.4285,papaya
109.0,41.1,91.8,19.36,86.37,7.32,182.6,241.9,2.6521,16.7212,papaya
56.6,44.8,82.7,33.16,84.95,6.03,182.9,184.1,1.2634,28.1694,papaya
68.1,54.9,70.0,25.57,75.14,6.87,153.8,193.0,1.2404,19.2133,papaya
108.7,55.4,106.5,25.56,76.2,6.21,214.3,270.6,1.9621,19.4767,papaya
95.3,54.5,83.4,31.18,65.68,5.77,211.3,233.2,1.7486,20.479,papaya
79.8,51.9,70.9,23.98,85.57,6.45,167.7,202.6,1.5376,20.5197,papaya
104.9,51.7,92.3,29.84,67.1,6.96,176.3,248.9,2.029,20.0226,papaya
92.1,58.8,73.1,25.53,81.76,6.11,222.4,224.0,1.5663,20.8733,papaya
88.7,66.3,69.8,23.69,85.82,6.83,146.0,224.8,1.3379,20.3308,papaya
88.6,50.2,79.0,31.26,75.39,6.91,198.1,217.8,1.7649,23.5669,papaya
92.4,79.4,74.4,29.31,82.74,6.09,163.2,246.2,1.1637,24.2511,papaya
93.1,74.6,70.4,29.3,89.78,6.51,233.3,238.1,1.248,26.3055,papaya
120.1,68.3,97.9,27.92,77.14,7.23,181.9,286.3,1.7584,21.5375,papaya
81.9,61.2,83.2,28.5,73.6,6.86,217.8,226.3,1.3382,20.976,papaya
82.4,75.1,105.0,23.92,74.47,6.5,157.2,262.5,1.0972,17.8132,papaya
65.2,52.1,71.3,27.28,69.06,6.77,142.5,188.6,1.2514,18.8396,papaya
84.2,46.7,57.4,24.68,68.88,6.33,173.0,188.3,1.803,16.9996,papaya
114.8,49.7,87.4,23.53,78.54,7.05,187.9,251.9,2.3099,18.4805,papaya
100.8,45.0,114.7,28.03,73.69,7.05,164.7,260.5,2.24,20.6553,papaya
76.3,56.2,93.5,29.9,77.62,6.65,202.7,226.0,1.3577,23.2084,papaya
85.5,58.0,136.4,26.04,63.08,6.69,173.7,279.9,1.4741,16.426,papaya
64.3,57.0,90.3,26.47,74.26,6.2,117.6,211.6,1.1281,19.6566,papaya
69.5,54.9,88.8,24.15,83.24,6.06,196.6,213.2,1.2659,20.1025,papaya
57.6,32.6,109.7,30.61,89.59,6.11,226.0,199.9,1.7669,27.4235,coconut
64.9,53.6,116.4,28.28,89.15,7.08,292.0,234.9,1.2108,25.2116,coconut
91.7,47.3,80.1,28.31,98.5,6.89,218.3,219.1,1.9387,27.8853,coconut
94.8,39.0,113.5,31.2,97.26,6.49,226.4,247.3,2.4308,30.3451,coconut
61.9,35.6,76.3,28.28,89.14,6.57,269.6,173.8,1.7388,25.2088,coconut
78.1,39.3,111.9,26.18,88.39,6.5,183.2,229.3,1.9873,23.1405,coconut
62.3,41.6,97.0,29.46,91.49,6.74,206.4,200.9,1.4976,26.953,coconut
66.0,38.4,92.7,22.72,81.5,6.1,210.5,197.1,1.7187,18.5168,coconut
61.5,29.0,126.7,31.3,81.58,6.93,242.2,217.2,2.1207,25.5345,coconut
45.9,49.3,105.3,31.35,89.04,6.68,226.2,200.5,0.931,27.914,coconut
71.3,37.0,119.5,31.0,79.86,6.37,227.5,227.8,1.927,24.7566,coconut
74.0,51.1,120.1,30.9,88.56,6.26,213.4,245.2,1.4481,27.365,coconut
60.6,36.5,135.4,27.79,85.94,6.92,197.2,232.5,1.6603,23.8827,coconut
85.2,33.0,85.8,27.73,79.86,6.42,264.4,204.0,2.5818,22.1452,coconut
63.9,46.1,128.4,24.93,85.16,6.15,226.5,238.4,1.3861,21.2304,coconut
61.1,37.4,110.3,32.37,92.83,6.31,264.8,208.8,1.6337,30.0491,coconut
77.4,36.1,102.4,26.79,85.49,6.88,195.5,215.9,2.144,22.9028,coconut
48.4,25.4,87.0,28.85,85.52,5.69,213.4,160.8,1.9055,24.6725,coconut
82.7,40.3,122.1,28.64,86.97,6.32,231.2,245.1,2.0521,24.9082,coconut
64.4,31.1,91.6,24.65,87.76,7.04,234.9,187.1,2.0707,21.6328,coconut
83.9,31.4,120.4,23.64,83.01,6.42,270.2,235.7,2.672,19.6236,coconut
88.0,31.1,148.6,28.01,87.1,6.64,222.8,267.7,2.8296,24.3967,coconut
79.0,38.5,129.6,26.87,78.71,7.04,269.9,247.1,2.0519,21.1494,coconut
58.6,22.7,137.8,27.78,80.21,6.95,255.0,219.1,2.5815,22.2823,coconut
52.5,33.3,95.6,30.66,80.97,6.28,235.7,181.4,1.5766,24.8254,coconut
49.9,42.8,125.3,28.56,87.82,6.43,201.9,218.0,1.1659,25.0814,coconut
85.4,25.0,87.1,29.9,85.96,6.95,270.3,197.5,3.416,25.702,coconut
68.1,36.4,105.3,29.11,84.19,6.97,202.9,209.8,1.8709,24.5077,coconut
61.6,29.9,144.8,27.21,89.14,6.46,239.1,236.3,2.0602,24.255,coconut
68.2,31.8,97.8,25.5,87.27,6.47,237.8,197.8,2.1447,22.2538,coconut
85.1,48.2,132.2,28.66,83.26,6.63,231.7,265.5,1.7656,23.8623,coconut
80.9,21.8,130.3,28.21,78.79,7.18,224.4,233.0,3.711,22.2267,coconut
76.1,41.1,131.5,30.29,80.08,7.03,207.1,248.7,1.8516,24.2562,coconut
78.9,31.2,84.7,27.62,76.2,6.85,175.3,194.8,2.5288,21.0464,coconut
72.5,30.8,120.5,27.26,85.84,5.96,296.2,223.8,2.3539,23.4,coconut
74.2,26.1,106.9,27.43,79.83,6.36,220.3,207.2,2.8429,21.8974,coconut
73.1,41.0,131.8,25.7,82.03,6.39,234.9,245.9,1.7829,21.0817,coconut
70.0,33.5,76.9,31.62,84.23,7.21,234.6,180.4,2.0896,26.6335,coconut
80.5,32.5,117.4,30.85,91.26,6.38,283.8,230.4,2.4769,28.1537,coconut
75.1,35.9,114.5,24.97,90.57,7.13,317.3,225.5,2.0919,22.6153,coconut
57.7,33.6,70.2,30.01,84.67,6.21,246.4,161.5,1.7173,25.4095,coconut
77.4,19.0,92.3,23.39,92.59,6.25,233.7,188.7,4.0737,21.6568,coconut
73.5,31.1,73.4,30.46,72.93,6.74,195.1,178.0,2.3633,22.2145,coconut
78.6,42.2,95.5,26.26,96.26,7.28,182.3,216.3,1.8626,25.2779,coconut
68.5,22.9,121.0,28.9,89.15,6.39,169.0,212.4,2.9913,25.7644,coconut
81.4,26.3,113.9,23.18,85.62,5.22,208.2,221.6,3.0951,19.8467,coconut
69.1,31.6,113.4,25.0,79.65,5.72,156.4,214.1,2.1867,19.9125,coconut
80.1,29.2,89.2,29.17,82.37,6.65,283.2,198.5,2.7432,24.0273,coconut
63.6,34.8,132.4,26.25,88.66,5.76,256.9,230.8,1.8276,23.2732,coconut
64.6,26.3,109.6,25.9,88.79,6.07,229.9,200.5,2.4563,22.9966,coconut
78.4,31.9,110.7,31.49,89.01,6.51,284.4,221.0,2.4577,28.0292,coconut
65.4,34.6,128.8,33.53,80.63,5.28,197.2,228.8,1.8902,27.0352,coconut
100.9,40.2,90.2,30.34,79.42,6.31,207.2,231.3,2.51,24.096,coconut
77.9,45.0,114.6,25.27,86.17,5.92,162.6,237.5,1.7311,21.7752,coconut
70.3,32.9,118.5,32.41,89.62,5.75,271.0,221.7,2.1368,29.0458,coconut
81.5,50.1,99.1,24.1,85.02,6.1,207.6,230.7,1.6267,20.4898,coconut
63.3,33.5,123.0,27.24,93.89,5.97,240.6,219.8,1.8896,25.5756,coconut
82.9,41.6,119.5,28.14,85.2,6.73,280.1,244.0,1.9928,23.9753,coconut
82.5,50.5,108.0,32.81,85.0,7.1,294.8,241.0,1.6337,27.8885,coconut
87.5,36.1,107.4,30.28,89.02,6.32,238.8,231.0,2.4238,26.9553,coconut
63.8,24.0,120.5,26.84,92.32,6.2,255.4,208.3,2.6583,24.7787,coconut
52.9,35.7,125.8,25.64,76.9,6.29,203.8,214.4,1.4818,19.7172,coconut
61.5,30.1,111.3,30.51,78.29,5.95,307.3,202.9,2.0432,23.8863,coconut
66.1,32.8,132.4,26.67,83.12,5.86,233.4,231.3,2.0152,22.1681,coconut
93.3,50.9,123.2,28.54,99.0,5.68,243.2,267.4,1.833,28.2546,coconut
100.7,25.2,74.2,24.58,83.43,5.84,223.7,200.1,3.996,20.5071,coconut
74.8,37.4,81.9,29.42,84.27,7.32,288.0,194.1,2.0,24.7922,coconut
70.1,28.0,133.6,29.22,88.71,6.15,248.0,231.7,2.5036,25.9211,coconut
65.1,32.5,105.1,24.9,90.86,5.03,270.4,202.7,2.0031,22.6241,coconut
81.5,41.0,113.3,30.58,86.02,6.21,254.2,235.8,1.9878,26.3049,coconut
100.6,37.5,132.8,29.39,91.99,5.7,231.2,270.9,2.6827,27.0359,coconut
95.0,33.2,109.9,29.85,77.84,6.53,277.2,238.1,2.8614,23.2352,coconut
85.9,29.8,110.7,27.05,80.4,6.48,253.8,226.4,2.8826,21.7482,coconut
85.7,37.5,92.6,28.45,91.97,6.53,201.6,215.8,2.2853,26.1655,coconut
81.7,48.7,117.4,28.16,85.07,6.48,200.4,247.8,1.6776,23.9557,coconut
69.3,27.8,121.7,27.63,77.43,6.31,246.0,218.8,2.4928,21.3939,coconut
59.7,50.3,98.4,28.43,77.06,5.77,276.3,208.4,1.1869,21.9082,coconut
69.7,44.6,91.6,31.14,80.13,6.46,305.6,205.9,1.5628,24.9525,coconut
75.9,46.0,162.5,30.69,85.01,7.01,168.9,284.4,1.65,26.0896,coconut
49.6,37.5,108.1,25.05,87.8,7.41,241.0,195.2,1.3227,21.9939,coconut
67.9,44.4,96.3,30.46,83.03,6.38,259.6,208.6,1.5293,25.2909,coconut
58.4,26.9,124.1,30.98,87.31,6.44,251.8,209.4,2.171,27.0486,coconut
84.2,29.7,109.0,27.62,82.38,6.75,280.4,222.9,2.835,22.7534,coconut
62.3,41.1,88.3,29.27,92.34,7.25,266.2,191.7,1.5158,27.0279,coconut
74.6,37.4,119.7,29.24,99.0,6.26,200.6,231.7,1.9947,28.9476,coconut
60.2,33.8,92.9,25.88,82.64,6.85,199.4,186.9,1.7811,21.3872,coconut
92.4,15.0,141.5,27.05,87.88,6.09,252.5,248.9,6.16,23.7715,coconut
46.2,31.5,119.9,29.88,87.39,6.66,279.6,197.6,1.4667,26.1121,coconut
76.7,25.6,104.5,26.76,85.83,6.99,245.7,206.8,2.9961,22.9681,coconut
52.1,38.9,112.2,30.44,88.92,5.85,176.9,203.2,1.3393,27.0672,coconut
62.9,33.5,128.1,31.26,87.87,6.24,198.1,224.5,1.8776,27.4682,coconut
72.9,30.0,113.7,30.86,82.17,6.98,267.7,216.6,2.43,25.3577,coconut
73.6,56.1,152.4,32.95,92.9,6.81,226.1,282.1,1.3119,30.6106,coconut
73.2,43.3,132.7,27.77,86.21,7.02,244.7,249.2,1.6905,23.9405,coconut
72.1,43.4,119.8,28.44,82.69,6.92,282.6,235.3,1.6613,23.517,coconut
61.0,52.6,91.3,28.8,99.0,6.33,191.9,204.9,1.1597,28.512,coconut
67.7,41.4,107.1,27.85,84.3,7.6,223.4,216.2,1.6353,23.4776,coconut
70.4,28.8,119.6,29.36,86.53,6.57,219.1,218.8,2.4444,25.4052,coconut
72.7,27.9,93.5,23.72,86.05,4.97,254.2,194.1,2.6057,20.4111,coconut
69.1,42.7,135.9,28.51,84.22,6.36,270.9,247.7,1.6183,24.0111,coconut
80.2,18.5,90.5,24.56,87.69,6.27,180.8,189.2,4.3351,21.5367,coconut
71.3,34.4,97.3,25.59,79.93,6.9,239.8,203.0,2.0727,20.4541,coconut
72.8,17.6,98.8,29.83,88.58,6.27,274.8,189.2,4.1364,26.4234,coconut
64.6,35.8,124.9,27.5,74.45,7.05,165.8,225.3,1.8045,20.4737,coconut
55.3,41.8,93.9,29.74,77.21,6.78,237.4,191.0,1.323,22.9623,coconut
72.2,37.2,74.0,27.45,95.95,6.0,191.4,183.4,1.9409,26.3383,coconut
86.9,42.5,131.8,30.77,77.46,6.43,214.3,261.2,2.0447,23.8344,coconut
76.2,50.7,101.1,27.4,73.24,6.11,139.8,228.0,1.503,20.0678,coconut
58.6,33.9,88.6,23.11,77.61,6.59,295.7,181.1,1.7286,17.9357,coconut
81.4,57.5,94.9,28.56,95.44,6.11,225.8,233.8,1.4157,27.2577,coconut
65.3,36.7,144.3,22.58,74.25,6.54,207.7,246.3,1.7793,16.7656,coconut
80.0,42.6,96.9,24.37,79.27,6.36,253.1,219.5,1.8779,19.3181,coconut
64.8,30.1,107.5,25.79,76.25,6.42,198.3,202.4,2.1528,19.6649,coconut
74.9,48.0,101.1,25.48,83.36,7.53,194.5,224.0,1.5604,21.2401,coconut
62.7,43.3,85.3,26.64,82.38,6.32,300.4,191.3,1.448,21.946,coconut
63.1,46.8,95.1,25.39,82.12,5.53,312.3,205.0,1.3483,20.8503,coconut
48.1,35.4,84.0,24.49,96.14,7.01,216.3,167.5,1.3588,23.5447,coconut
77.2,25.0,129.1,31.85,77.81,7.0,282.7,231.3,3.088,24.7825,coconut
75.2,38.7,112.0,26.3,84.39,5.51,254.2,225.9,1.9432,22.1946,coconut
76.0,21.4,159.7,22.42,87.03,6.15,183.4,257.1,3.5514,19.5121,coconut
73.9,32.3,95.8,27.1,79.12,6.72,202.9,202.0,2.2879,21.4415,coconut
59.3,36.5,92.8,25.19,87.92,6.76,302.0,188.6,1.6247,22.147,coconut
83.5,54.0,140.7,25.79,82.6,6.5,182.9,278.2,1.5463,21.3025,coconut
83.9,37.5,131.2,29.78,87.25,6.51,331.2,252.6,2.2373,25.9831,coconut
59.0,36.1,117.7,26.88,84.35,6.03,217.1,212.8,1.6343,22.6733,coconut
77.4,34.5,87.7,25.12,72.7,5.3,303.2,199.6,2.2435,18.2622,coconut
82.2,24.3,144.9,29.12,92.84,7.52,227.8,251.4,3.3827,27.035,coconut
63.4,35.7,108.6,30.87,97.42,6.02,272.0,207.7,1.7759,30.0736,coconut
65.9,35.8,101.4,29.34,83.94,6.59,295.8,203.1,1.8408,24.628,coconut
77.5,27.3,132.9,21.87,79.61,6.42,295.6,237.7,2.8388,17.4107,coconut
48.9,25.5,109.6,25.21,94.04,6.95,216.6,184.0,1.9176,23.7075,coconut
54.8,31.1,86.7,28.12,96.34,6.56,205.7,172.6,1.7621,27.0908,coconut
56.1,35.5,110.8,27.39,83.99,6.58,236.8,202.4,1.5803,23.0049,coconut
44.9,31.3,94.4,27.18,83.69,5.18,188.0,170.6,1.4345,22.7469,coconut
85.2,26.6,49.8,25.54,84.52,6.08,249.6,161.6,3.203,21.5864,coconut
42.2,37.3,92.4,24.49,74.95,6.87,207.2,171.9,1.1314,18.3553,coconut
74.8,39.3,99.4,33.02,83.25,6.83,283.3,213.5,1.9033,27.4892,coconut
81.4,36.0,86.9,28.07,95.29,6.02,217.2,204.3,2.2611,26.7479,coconut
65.9,30.5,121.5,29.61,83.99,5.71,170.3,217.9,2.1607,24.8694,coconut
60.6,39.8,94.5,28.02,78.76,6.56,296.0,194.9,1.5226,22.0686,coconut
73.3,33.5,119.6,28.12,87.98,5.05,247.3,226.4,2.1881,24.74,coconut
70.0,25.5,85.3,27.84,81.0,5.93,241.2,180.8,2.7451,22.5504,coconut
84.0,43.3,128.2,25.2,84.6,7.38,283.8,255.5,1.94,21.3192,coconut
33.2,37.8,84.5,24.21,77.39,7.22,274.9,155.5,0.8783,18.7361,coconut
57.1,34.0,63.2,28.97,78.78,6.74,209.5,154.3,1.6794,22.8226,coconut
77.9,22.4,134.7,28.47,89.43,6.65,222.0,235.0,3.4777,25.4607,coconut
70.7,29.0,92.9,30.35,85.7,5.52,195.5,192.6,2.4379,26.01,coconut
80.5,51.1,145.1,29.84,80.34,6.13,181.4,276.7,1.5753,23.9735,coconut
73.7,22.9,121.3,25.98,85.72,6.35,263.1,217.9,3.2183,22.2701,coconut
68.1,33.0,125.8,30.83,81.36,6.14,255.7,226.9,2.0636,25.0833,coconut
86.4,49.5,91.7,27.45,82.7,6.6,170.3,227.6,1.7455,22.7012,coffee
94.2,24.8,58.7,22.26,78.05,6.28,270.4,177.7,3.7984,17.3739,coffee
86.6,55.3,57.2,22.68,81.93,6.44,163.1,199.1,1.566,18.5817,coffee
88.0,70.7,84.9,22.71,71.91,5.91,172.5,243.6,1.2447,16.3308,coffee
43.8,24.1,83.9,19.64,78.86,6.23,266.8,151.8,1.8174,15.4881,coffee
70.4,42.1,53.3,24.43,73.8,5.94,297.2,165.8,1.6722,18.0293,coffee
89.5,43.9,62.6,21.37,70.68,6.49,219.8,196.0,2.0387,15.1043,coffee
57.5,53.8,93.6,22.92,72.83,5.87,228.4,204.9,1.0688,16.6926,coffee
76.4,66.1,75.8,24.11,74.73,5.34,261.8,218.3,1.1558,18.0174,coffee
82.8,48.8,81.0,27.86,85.47,5.1,240.1,212.6,1.6967,23.8119,coffee
81.6,66.4,53.8,19.71,74.57,6.57,216.9,201.8,1.2289,14.6977,coffee
80.5,46.7,79.2,25.16,70.37,6.09,213.0,206.4,1.7238,17.7051,coffee
84.0,49.5,50.1,25.17,78.79,6.12,175.2,183.6,1.697,19.8314,coffee
77.7,48.3,42.3,21.4,78.18,6.5,238.2,168.3,1.6087,16.7305,coffee
53.1,57.2,80.2,24.5,75.05,5.24,226.8,190.5,0.9283,18.3872,coffee
82.6,40.8,90.1,27.11,77.03,5.76,214.7,213.5,2.0245,20.8828,coffee
79.3,53.2,66.4,21.09,83.86,5.81,194.9,198.9,1.4906,17.6861,coffee
53.3,32.7,62.3,23.6,82.02,6.2,198.5,148.3,1.63,19.3567,coffee
95.7,42.2,94.0,24.01,81.51,5.62,251.6,231.9,2.2678,19.5706,coffee
83.0,38.6,67.3,24.34,70.9,5.42,260.9,188.9,2.1503,17.2571,coffee
54.3,45.9,69.1,24.92,95.32,5.42,218.6,169.3,1.183,23.7537,coffee
62.7,41.8,93.7,23.42,84.31,6.36,214.9,198.2,1.5,19.7454,coffee
66.5,56.3,65.0,24.28,81.1,5.6,200.1,187.8,1.1812,19.6911,coffee
66.5,36.2,60.8,20.72,71.01,5.68,262.8,163.5,1.837,14.7133,coffee
79.4,27.7,81.4,23.41,83.69,6.15,231.1,188.5,2.8664,19.5918,coffee
60.4,31.4,60.0,21.81,74.99,5.62,242.9,151.8,1.9236,16.3553,coffee
91.9,54.9,68.0,19.93,76.83,5.22,242.5,214.8,1.674,15.3122,coffee
90.7,35.3,51.5,21.73,67.92,5.27,219.2,177.5,2.5694,14.759,coffee
84.3,49.0,72.6,23.67,70.55,5.88,189.2,205.9,1.7204,16.6992,coffee
75.7,42.1,71.0,24.09,80.63,6.1,195.1,188.8,1.7981,19.4238,coffee
89.1,53.2,83.6,19.83,84.04,5.82,269.5,225.9,1.6748,16.6651,coffee
70.9,42.7,82.0,20.66,82.11,6.07,204.6,195.6,1.6604,16.9639,coffee
64.1,72.6,77.7,24.81,81.9,5.25,215.6,214.4,0.8829,20.3194,coffee
92.9,64.0,75.5,24.27,77.61,5.28,190.3,232.4,1.4516,18.8359,coffee
79.8,41.8,69.0,25.22,75.56,6.8,187.4,190.6,1.9091,19.0562,coffee
64.7,40.5,78.5,26.42,79.73,6.39,203.1,183.7,1.5975,21.0647,coffee
68.7,76.3,54.4,24.34,82.93,6.21,289.1,199.4,0.9004,20.1852,coffee
64.0,34.2,37.1,21.96,78.03,5.64,253.0,135.3,1.8713,17.1354,coffee
105.3,44.4,86.3,23.29,85.26,5.8,211.6,236.0,2.3716,19.8571,coffee
75.1,45.2,79.4,27.15,76.71,5.9,267.9,199.7,1.6615,20.8268,coffee
77.4,45.0,68.2,29.91,72.12,6.43,224.7,190.6,1.72,21.5711,coffee
85.8,27.6,85.0,24.16,77.94,6.06,277.4,198.4,3.1087,18.8303,coffee
56.8,50.0,59.8,24.34,78.64,6.11,307.4,166.6,1.136,19.141,coffee
91.4,35.3,60.1,24.81,77.51,5.83,266.0,186.8,2.5892,19.2302,coffee
65.9,59.4,58.2,23.06,85.68,6.22,233.3,183.5,1.1094,19.7578,coffee
102.5,30.4,77.9,25.91,82.83,6.02,254.5,210.8,3.3717,21.4613,coffee
70.3,45.6,47.8,25.52,69.41,5.92,230.5,163.7,1.5417,17.7134,coffee
90.6,22.8,59.3,23.89,87.21,5.6,165.7,172.7,3.9737,20.8345,coffee
37.5,23.5,74.1,22.2,61.55,5.85,207.1,135.1,1.5957,13.6641,coffee
57.4,36.6,53.1,19.2,90.91,5.47,196.7,147.1,1.5683,17.4547,coffee
70.6,38.0,60.8,24.83,76.28,5.88,206.3,169.4,1.8579,18.9403,coffee
44.5,59.7,39.0,23.53,76.86,5.94,292.8,143.2,0.7454,18.0852,coffee
84.0,44.6,78.5,21.16,77.64,4.94,269.3,207.1,1.8834,16.4286,coffee
79.7,57.9,60.4,20.18,80.31,5.81,245.4,198.0,1.3765,16.2066,coffee
60.1,41.2,54.6,24.65,78.0,5.43,258.4,155.9,1.4587,19.227,coffee
74.8,51.1,51.9,19.0,77.2,6.1,163.8,177.8,1.4638,14.668,coffee
87.1,37.7,64.1,23.75,85.85,6.15,255.5,188.9,2.3103,20.3894,coffee
43.5,37.1,47.9,25.11,81.39,5.73,262.9,128.5,1.1725,20.437,coffee
55.9,26.8,97.2,24.37,72.25,6.12,151.6,179.9,2.0858,17.6073,coffee
70.0,48.4,36.6,22.02,82.44,6.14,256.8,155.0,1.4463,18.1533,coffee
75.4,47.6,63.7,19.88,81.14,5.81,180.2,186.7,1.584,16.1306,coffee
74.1,52.8,71.5,24.47,74.73,6.51,161.0,198.4,1.4034,18.2864,coffee
88.3,47.1,59.1,26.0,82.75,5.61,276.4,194.5,1.8747,21.515,coffee
82.2,65.3,73.0,21.57,77.05,6.49,194.8,220.5,1.2588,16.6197,coffee
85.4,46.8,58.8,24.27,76.67,5.81,204.9,191.0,1.8248,18.6078,coffee
54.2,54.9,91.4,26.95,76.51,5.56,264.6,200.5,0.9872,20.6194,coffee
77.2,41.8,54.3,23.85,63.43,5.76,219.3,173.3,1.8469,15.1281,coffee
70.4,35.9,37.1,22.01,74.84,5.46,223.7,143.4,1.961,16.4723,coffee
96.9,52.2,51.8,25.6,82.28,6.21,222.9,200.9,1.8563,21.0637,coffee
77.6,44.1,75.4,21.16,77.87,5.26,242.2,197.1,1.7596,16.4773,coffee
65.0,53.3,68.3,19.75,70.29,6.46,222.1,186.6,1.2195,13.8823,coffee
87.8,48.5,80.5,25.03,83.79,5.53,234.0,216.8,1.8103,20.9726,coffee
83.4,37.1,77.0,21.98,76.21,6.23,212.4,197.5,2.248,16.751,coffee
62.7,55.7,61.1,22.21,70.67,5.91,242.3,179.5,1.1257,15.6958,coffee
69.8,36.3,63.2,21.43,91.24,6.01,241.0,169.3,1.9229,19.5527,coffee
70.0,51.3,64.6,21.82,71.68,5.66,296.4,185.9,1.3645,15.6406,coffee
93.4,57.8,96.4,26.51,83.28,6.04,216.7,247.6,1.6159,22.0775,coffee
78.0,41.2,79.7,27.16,73.38,5.95,223.6,198.9,1.8932,19.93,coffee
85.9,56.6,96.5,27.49,78.81,5.32,238.4,239.0,1.5177,21.6649,coffee
67.6,49.0,81.8,25.73,72.59,5.51,263.8,198.4,1.3796,18.6774,coffee
80.0,53.5,69.1,24.17,70.56,5.68,191.8,202.6,1.4953,17.0544,coffee
94.6,36.6,55.7,19.42,81.13,5.6,233.6,186.9,2.5847,15.7554,coffee
69.6,47.1,72.8,22.53,80.43,6.4,142.2,189.5,1.4777,18.1209,coffee
76.7,30.9,69.1,28.39,84.87,5.9,220.5,176.7,2.4822,24.0946,coffee
54.6,62.1,68.7,21.91,77.79,5.59,267.5,185.4,0.8792,17.0438,coffee
63.5,24.9,67.1,26.79,91.32,5.7,204.6,155.5,2.5502,24.4646,coffee
70.0,41.5,41.3,23.14,79.61,5.7,236.2,152.8,1.6867,18.4218,coffee
59.1,35.7,87.7,16.3,81.4,5.78,211.5,182.5,1.6555,13.2682,coffee
94.8,51.7,69.3,24.6,69.85,5.47,199.9,215.8,1.8337,17.1831,coffee
62.4,64.2,50.2,26.17,74.32,5.57,264.0,176.8,0.972,19.4495,coffee
86.8,51.5,76.7,22.88,81.12,6.21,193.4,215.0,1.6854,18.5603,coffee
77.8,74.6,58.0,26.08,77.49,5.97,240.3,210.4,1.0429,20.2094,coffee
75.5,31.2,77.9,18.83,79.13,5.84,240.8,184.6,2.4199,14.9002,coffee
97.3,32.0,82.3,19.54,73.1,5.9,200.2,211.6,3.0406,14.2837,coffee
41.1,36.1,84.3,23.51,78.73,5.88,235.4,161.5,1.1385,18.5094,coffee
72.1,46.2,67.7,24.19,78.71,5.82,197.3,186.0,1.5606,19.0399,coffee
58.8,34.7,64.2,26.39,70.92,6.11,248.3,157.7,1.6945,18.7158,coffee
45.6,37.5,61.2,24.6,81.86,6.08,184.0,144.3,1.216,20.1376,coffee
57.1,51.2,59.9,20.02,67.8,5.27,218.1,168.2,1.1152,13.5736,coffee
75.3,32.6,69.8,23.53,79.11,5.85,221.2,177.7,2.3098,18.6146,coffee
64.1,33.7,67.1,24.5,88.59,5.3,269.0,164.9,1.9021,21.7045,coffee
88.4,41.0,58.4,18.31,82.08,6.15,234.9,187.8,2.1561,15.0288,coffee
71.8,42.0,54.0,22.89,82.05,6.21,263.4,167.8,1.7095,18.7812,coffee
70.1,55.1,68.5,22.16,72.62,5.66,249.4,193.7,1.2722,16.0926,coffee
70.2,36.0,63.9,21.36,88.61,5.85,249.2,170.1,1.95,18.9271,coffee
73.5,37.8,54.0,24.25,86.26,5.06,218.4,165.3,1.9444,20.9181,coffee
68.7,50.8,81.6,20.13,72.94,6.29,265.7,201.1,1.3524,14.6828,coffee
62.2,53.0,94.8,24.04,75.15,6.18,217.5,210.0,1.1736,18.0661,coffee
89.8,59.3,83.5,24.4,85.53,6.36,169.5,232.6,1.5143,20.8693,coffee
65.6,49.7,59.9,25.71,88.78,6.49,222.5,175.2,1.3199,22.8253,coffee
69.2,46.3,69.3,20.19,70.41,5.41,245.9,184.8,1.4946,14.2158,coffee
81.4,50.8,91.6,19.24,71.98,6.26,173.8,223.8,1.6024,13.849,coffee
79.8,42.3,53.6,23.7,77.14,6.49,199.0,175.7,1.8865,18.2822,coffee
61.6,42.3,81.0,22.28,64.97,5.3,186.9,184.9,1.4563,14.4753,coffee
86.3,27.3,49.7,30.26,78.11,5.83,257.5,163.3,3.1612,23.6361,coffee
83.1,53.9,93.6,24.15,85.11,5.75,288.6,230.6,1.5417,20.5541,coffee
77.7,47.1,64.0,23.15,69.37,6.24,222.7,188.8,1.6497,16.0592,coffee
68.5,52.8,101.2,22.57,78.76,4.94,248.6,222.5,1.2973,17.7761,coffee
68.9,16.8,94.2,19.95,74.51,6.63,247.7,179.9,4.1012,14.8647,coffee
72.0,44.5,68.5,24.41,87.84,5.85,284.4,185.0,1.618,21.4417,coffee
56.5,36.4,59.9,22.8,74.58,6.27,207.2,152.8,1.5522,17.0042,coffee
74.4,60.0,72.7,22.8,87.11,5.88,222.3,207.1,1.24,19.8611,coffee
88.4,51.1,67.5,23.24,74.42,6.1,218.1,207.0,1.7299,17.2952,coffee
88.1,47.3,64.4,23.55,82.63,4.97,232.6,199.8,1.8626,19.4594,coffee
69.3,40.7,46.8,18.65,79.51,5.75,317.7,156.8,1.7027,14.8286,coffee
91.0,49.0,62.8,25.09,77.17,6.24,231.1,202.8,1.8571,19.362,coffee
103.6,35.7,54.5,20.88,73.26,6.02,200.1,193.8,2.902,15.2967,coffee
70.3,44.0,77.7,22.65,79.94,5.25,189.6,192.0,1.5977,18.1064,coffee
85.4,39.2,83.9,26.21,75.36,5.92,273.8,208.5,2.1786,19.7519,coffee
41.1,67.7,80.4,27.45,73.86,5.57,199.9,189.2,0.6071,20.2746,coffee
56.1,59.7,74.8,18.75,86.84,5.54,253.2,190.6,0.9397,16.2825,coffee
76.4,55.6,58.1,23.08,81.29,5.29,206.2,190.1,1.3741,18.7617,coffee
59.9,30.1,72.9,23.68,81.86,6.15,185.7,162.9,1.99,19.3844,coffee
105.6,53.6,81.1,19.23,75.65,6.35,251.2,240.3,1.9701,14.5475,coffee
84.0,46.9,61.8,25.01,76.88,6.75,207.9,192.7,1.791,19.2277,coffee
89.5,57.2,71.7,23.29,76.51,5.31,244.9,218.4,1.5647,17.8192,coffee
74.6,48.2,68.0,23.49,80.02,6.21,247.5,190.8,1.5477,18.7967,coffee
60.0,44.9,93.3,20.71,81.85,6.23,249.1,198.2,1.3363,16.9511,coffee
67.2,47.3,81.9,24.03,77.82,5.67,220.6,196.4,1.4207,18.7001,coffee
78.8,26.9,78.5,25.1,73.24,5.53,254.0,184.2,2.9294,18.3832,coffee
65.4,37.3,46.0,23.32,82.56,5.47,197.7,148.7,1.7534,19.253,coffee
85.1,48.7,72.4,21.72,78.2,5.69,144.1,206.2,1.7474,16.985,coffee
85.7,56.4,67.8,21.91,69.35,5.98,254.7,209.9,1.5195,15.1946,coffee
75.1,39.5,67.7,23.55,65.19,6.44,235.8,182.3,1.9013,15.3522,coffee
47.6,44.6,48.1,23.12,79.79,6.34,208.6,140.3,1.0673,18.4474,coffee
100.7,29.0,54.8,25.26,73.02,5.25,178.5,184.5,3.4724,18.4449,coffee
71.8,59.6,69.0,21.8,80.59,5.58,158.7,200.4,1.2047,17.5686,coffee
115.6,56.1,85.6,19.95,73.35,6.42,231.8,257.3,2.0606,14.6333,coffee
84.8,51.5,61.7,23.9,78.8,5.61,287.7,198.0,1.6466,18.8332,coffee
71.9,49.1,64.4,21.81,75.73,5.88,225.2,185.4,1.4644,16.5167,coffee
79.2,50.3,103.5,21.38,56.87,6.51,133.8,233.0,1.5746,12.1588,grapes
84.6,52.3,108.8,21.78,49.62,7.22,154.9,245.7,1.6176,10.8072,grapes
119.9,58.6,67.4,26.14,64.32,6.83,124.8,245.9,2.0461,16.8132,grapes
97.0,53.9,93.1,28.16,52.46,6.4,150.2,244.0,1.7996,14.7727,grapes
70.1,63.1,133.4,28.11,55.45,7.14,137.9,266.6,1.1109,15.587,grapes
85.4,59.3,149.6,21.99,69.39,6.42,153.2,294.3,1.4401,15.2589,grapes
90.3,51.2,96.1,27.97,77.02,6.17,165.4,237.6,1.7637,21.5425,grapes
68.1,36.4,118.7,19.67,53.99,6.8,139.4,223.2,1.8709,10.6198,grapes
97.1,70.0,137.0,24.39,56.1,7.56,127.6,304.1,1.3871,13.6828,grapes
71.9,48.1,104.6,26.46,58.48,6.07,127.4,224.6,1.4948,15.4738,grapes
60.8,58.6,128.5,18.76,57.62,6.27,113.2,247.9,1.0375,10.8095,grapes
86.2,35.8,114.3,31.28,77.47,7.1,112.4,236.3,2.4078,24.2326,grapes
83.7,54.9,138.8,28.98,57.76,6.54,147.6,277.4,1.5246,16.7388,grapes
85.0,56.0,89.4,26.94,58.9,7.04,100.9,230.4,1.5179,15.8677,grapes
72.8,56.5,92.9,22.1,74.93,6.47,165.4,222.2,1.2885,16.5595,grapes
75.0,85.1,120.6,24.8,66.61,6.86,121.2,280.7,0.8813,16.5193,grapes
103.1,48.7,116.9,27.37,69.89,7.5,196.6,268.7,2.117,19.1289,grapes
92.1,63.2,113.9,21.63,54.75,6.32,107.7,269.2,1.4573,11.8424,grapes
69.7,60.2,126.5,24.46,57.76,7.21,131.3,256.4,1.1578,14.1281,grapes
53.8,48.2,96.4,27.73,53.68,7.07,116.2,198.4,1.1162,14.8855,grapes
70.4,63.1,87.6,20.52,68.41,6.2,105.2,221.1,1.1157,14.0377,grapes
87.5,53.4,105.0,26.0,71.8,7.02,151.6,245.9,1.6386,18.668,grapes
74.9,63.8,107.2,19.74,57.2,6.83,97.4,245.9,1.174,11.2913,grapes
73.6,74.6,109.3,22.17,59.09,6.84,108.1,257.5,0.9866,13.1003,grapes
75.6,56.5,140.4,23.49,59.44,6.93,139.7,272.5,1.3381,13.9625,grapes
83.8,52.2,130.4,26.54,49.62,6.66,143.6,266.4,1.6054,13.1691,grapes
97.6,65.5,125.7,22.9,56.61,6.83,90.2,288.8,1.4901,12.9637,grapes
85.0,69.0,119.4,25.38,68.19,6.9,139.5,273.4,1.2319,17.3066,grapes
86.0,46.2,106.3,22.94,55.0,7.1,128.2,238.5,1.8615,12.617,grapes
81.4,50.5,97.9,23.41,62.74,6.19,102.1,229.8,1.6119,14.6874,grapes
77.0,61.8,91.1,28.75,51.54,7.32,105.3,229.9,1.246,14.8177,grapes
99.3,53.7,101.1,21.55,60.85,6.34,74.2,254.1,1.8492,13.1132,grapes
96.9,45.5,114.1,27.28,57.49,7.1,167.9,256.5,2.1297,15.6833,grapes
117.7,60.4,91.9,25.0,52.23,6.83,150.4,270.0,1.9487,13.0575,grapes
94.8,61.7,118.4,23.27,68.32,6.29,92.8,274.9,1.5365,15.8981,grapes
77.0,51.7,111.1,21.35,68.77,7.01,145.0,239.8,1.4894,14.6824,grapes
70.5,55.6,107.1,21.56,54.24,6.42,110.6,233.2,1.268,11.6941,grapes
100.2,49.2,138.2,22.78,60.27,7.23,147.9,287.6,2.0366,13.7295,grapes
72.0,44.0,65.8,24.55,62.35,6.52,112.6,181.8,1.6364,15.3069,grapes
98.0,50.0,107.3,26.81,47.48,6.2,115.9,255.3,1.96,12.7294,grapes
72.8,55.7,68.0,24.1,50.82,7.41,117.8,196.5,1.307,12.2476,grapes
90.6,40.2,119.8,24.3,72.29,6.87,108.6,250.6,2.2537,17.5665,grapes
68.0,50.8,130.2,24.75,53.48,7.15,160.0,249.0,1.3386,13.2363,grapes
97.5,55.9,88.0,26.43,72.07,6.46,147.5,241.4,1.7442,19.0481,grapes
65.3,66.9,90.5,26.93,51.24,6.04,127.7,222.7,0.9761,13.7989,grapes
89.4,51.9,81.0,20.84,67.27,7.47,150.6,222.3,1.7225,14.0191,grapes
81.8,42.5,116.3,24.15,59.51,6.8,84.3,240.6,1.9247,14.3717,grapes
86.6,52.9,108.2,28.68,60.63,7.0,94.3,247.7,1.6371,17.3887,grapes
78.7,49.3,109.4,21.05,76.85,7.06,136.9,237.4,1.5963,16.1769,grapes
78.3,60.5,107.6,25.22,51.97,6.67,143.4,246.4,1.2942,13.1068,grapes
87.5,51.6,95.5,24.49,66.76,6.89,132.0,234.6,1.6957,16.3495,grapes
69.0,27.9,137.6,23.3,66.43,7.44,77.9,234.5,2.4731,15.4782,grapes
68.9,91.9,120.4,29.77,88.84,6.79,98.4,281.2,0.7497,26.4477,grapes
79.3,56.4,91.3,25.11,53.38,7.18,135.4,227.0,1.406,13.4037,grapes
78.6,55.9,101.0,29.53,56.99,6.0,185.7,235.5,1.4061,16.8291,grapes
68.9,39.6,97.6,25.02,68.53,7.25,155.4,206.1,1.7399,17.1462,grapes
99.8,40.4,143.1,26.38,60.4,6.19,164.4,283.3,2.4703,15.9335,grapes
79.6,54.1,129.2,23.27,58.3,7.2,133.5,262.9,1.4713,13.5664,grapes
81.4,58.4,112.5,23.3,69.66,6.96,133.3,252.3,1.3938,16.2308,grapes
63.8,62.0,149.1,26.23,59.87,6.76,99.2,274.9,1.029,15.7039,grapes
118.1,57.4,144.0,26.28,54.87,6.76,148.8,319.5,2.0575,14.4198,grapes
123.8,43.1,110.4,26.79,67.81,6.7,123.2,277.3,2.8724,18.1663,grapes
72.5,30.0,106.8,26.13,65.0,6.47,142.3,209.3,2.4167,16.9845,grapes
104.6,54.0,107.8,20.99,59.5,6.72,125.8,266.4,1.937,12.489,grapes
83.5,49.7,95.9,22.58,59.12,7.68,132.0,229.1,1.6801,13.3493,grapes
110.7,42.4,149.7,27.55,54.68,7.32,122.8,302.8,2.6108,15.0643,grapes
90.4,63.3,94.9,19.12,67.8,6.45,130.6,248.6,1.4281,12.9634,grapes
86.6,39.2,132.4,25.88,59.12,6.91,150.0,258.2,2.2092,15.3003,grapes
45.0,61.2,128.8,24.66,55.84,6.84,93.3,235.0,0.7353,13.7701,grapes
70.9,40.9,108.9,27.55,51.72,6.74,87.7,220.7,1.7335,14.2489,grapes
85.3,56.3,151.2,26.25,65.14,6.4,135.6,292.8,1.5151,17.0992,grapes
88.2,64.3,83.8,23.01,57.93,6.98,161.0,236.3,1.3717,13.3297,grapes
65.6,51.6,113.4,22.87,45.9,7.14,167.3,230.6,1.2713,10.4973,grapes
73.3,71.9,105.2,23.43,52.37,6.47,94.4,250.4,1.0195,12.2703,grapes
93.9,74.2,134.2,26.74,60.13,7.58,114.9,302.3,1.2655,16.0788,grapes
62.9,57.4,122.1,18.09,60.36,7.41,88.0,242.4,1.0958,10.9191,grapes
87.1,60.4,80.5,25.47,60.05,7.02,111.2,228.0,1.4421,15.2947,grapes
104.8,65.6,139.8,22.35,58.94,6.31,153.1,310.2,1.5976,13.1731,grapes
91.2,60.4,124.7,25.57,50.19,6.96,124.7,276.3,1.5099,12.8336,grapes
90.4,59.4,94.3,26.03,55.0,6.91,115.7,244.1,1.5219,14.3165,grapes
52.7,49.8,108.0,20.01,71.47,7.01,138.6,210.5,1.0582,14.3011,grapes
71.8,38.1,89.0,24.32,70.29,7.44,105.1,198.9,1.8845,17.0945,grapes
117.9,41.1,111.6,25.47,66.62,6.73,164.8,270.6,2.8686,16.9681,grapes
75.4,78.8,118.0,25.26,65.92,7.62,125.2,272.2,0.9569,16.6514,grapes
105.2,58.2,108.3,24.63,69.24,6.96,115.0,271.7,1.8076,17.0538,grapes
75.2,52.5,106.0,21.34,53.03,6.68,139.7,233.7,1.4324,11.3166,grapes
80.6,67.6,82.7,21.79,62.26,7.76,148.5,230.9,1.1923,13.5665,grapes
93.2,47.5,121.7,20.87,53.04,7.13,164.9,262.4,1.9621,11.0694,grapes
86.6,60.8,76.5,26.66,53.18,6.62,119.8,223.9,1.4243,14.1778,grapes
91.1,55.8,115.6,24.65,64.94,6.83,152.2,262.5,1.6326,16.0077,grapes
71.9,59.6,79.0,24.84,69.57,7.05,127.5,210.5,1.2064,17.2812,grapes
66.8,51.6,116.0,19.88,60.45,6.74,109.7,234.4,1.2946,12.0175,grapes
70.8,45.4,114.9,24.9,75.19,6.85,105.6,231.1,1.5595,18.7223,grapes
76.5,46.8,123.1,26.9,63.69,6.47,97.6,246.4,1.6346,17.1326,grapes
81.3,47.2,132.2,19.47,55.79,6.13,106.5,260.7,1.7225,10.8623,grapes
101.6,55.0,136.0,23.39,53.31,6.84,152.9,292.6,1.8473,12.4692,grapes
86.4,39.4,82.8,20.29,70.15,6.86,142.7,208.6,2.1929,14.2334,grapes
92.8,42.5,113.8,23.74,63.03,7.01,94.0,249.1,2.1835,14.9633,grapes
87.3,56.4,155.2,22.3,67.41,6.57,81.3,298.9,1.5479,15.0324,grapes
67.2,53.7,117.4,26.14,40.74,6.26,97.2,238.3,1.2514,10.6494,grapes
85.3,56.9,98.4,25.51,63.96,6.41,105.6,240.6,1.4991,16.3162,grapes
87.1,54.5,113.4,28.87,57.91,7.22,117.4,255.0,1.5982,16.7186,grapes
97.2,80.2,107.3,24.84,50.85,6.53,154.3,284.7,1.212,12.6311,grapes
67.9,56.3,91.5,26.02,61.5,6.62,111.3,215.7,1.206,16.0023,grapes
52.4,51.2,132.4,23.33,70.73,6.68,167.0,236.0,1.0234,16.5013,grapes
87.8,56.0,126.7,21.69,80.13,6.55,83.0,270.5,1.5679,17.3802,grapes
90.7,65.2,88.3,27.5,63.94,6.52,116.3,244.2,1.3911,17.5835,grapes
82.1,54.5,113.1,28.73,56.33,6.45,144.6,249.7,1.5064,16.1836,grapes
85.4,61.8,103.7,27.12,55.84,7.36,146.2,250.9,1.3819,15.1438,grapes
99.1,59.0,83.0,25.39,69.71,7.07,116.6,241.1,1.6797,17.6994,grapes
77.7,52.1,86.7,22.08,54.03,7.3,150.0,216.5,1.4914,11.9298,grapes
80.5,56.1,89.7,28.42,66.98,7.38,145.3,226.3,1.4349,19.0357,grapes
86.3,71.0,113.8,26.74,64.35,5.86,107.9,271.1,1.2155,17.2072,grapes
65.5,57.4,105.8,31.07,63.46,6.94,132.9,228.7,1.1411,19.717,grapes
82.6,45.1,95.8,21.54,49.46,6.57,142.6,223.5,1.8315,10.6537,grapes
84.0,51.8,107.2,27.59,59.14,7.25,109.7,243.0,1.6216,16.3167,grapes
111.2,33.9,130.0,26.65,50.33,6.5,167.4,275.1,3.2802,13.4129,grapes
80.2,56.4,122.1,23.97,57.29,6.38,104.1,258.7,1.422,13.7324,grapes
88.2,68.1,135.0,29.09,69.34,6.23,128.6,291.3,1.2952,20.171,grapes
99.7,41.6,110.4,26.21,71.85,6.68,93.8,251.7,2.3966,18.8319,grapes
71.6,56.5,147.1,22.19,63.71,7.17,127.6,275.2,1.2673,14.1372,grapes
107.0,64.9,122.0,24.64,57.44,6.9,98.3,293.9,1.6487,14.1532,grapes
113.2,65.9,105.2,22.15,74.7,6.32,117.6,284.3,1.7178,16.5461,grapes
84.5,67.8,116.9,23.59,57.33,7.66,85.3,269.2,1.2463,13.5241,grapes
76.4,36.3,90.0,27.11,52.91,7.06,145.0,202.7,2.1047,14.3439,grapes
111.0,60.0,108.9,27.97,67.57,7.11,133.9,279.9,1.85,18.8993,grapes
97.7,39.9,123.6,25.66,65.66,7.31,152.2,261.2,2.4486,16.8484,grapes
86.3,45.0,127.2,22.75,57.66,6.14,116.3,258.5,1.9178,13.1176,grapes
107.8,63.2,106.8,26.14,62.8,6.44,153.3,277.8,1.7057,16.4159,grapes
106.1,56.6,169.7,27.17,65.54,7.13,126.0,332.4,1.8746,17.8072,grapes
79.6,62.3,111.6,19.08,63.63,6.48,127.8,253.5,1.2777,12.1406,grapes
89.0,45.7,81.4,25.35,65.67,6.69,177.9,216.1,1.9475,16.6473,grapes
94.2,69.7,139.3,24.43,57.95,6.77,112.9,303.2,1.3515,14.1572,grapes
85.5,61.9,127.1,27.86,66.21,6.29,155.7,274.5,1.3813,18.4461,grapes
62.7,63.9,119.6,26.16,62.14,6.66,137.0,246.2,0.9812,16.2558,grapes
70.0,44.2,105.7,26.45,58.23,7.17,110.7,219.9,1.5837,15.4018,grapes
63.3,66.7,122.9,23.55,60.03,7.09,92.1,252.9,0.949,14.1371,grapes
92.9,51.8,147.4,25.0,61.22,7.25,99.2,292.1,1.7934,15.305,grapes
66.1,48.9,119.0,27.83,50.44,7.2,153.3,234.0,1.3517,14.0375,grapes
88.1,61.3,85.6,24.81,56.91,6.96,168.4,235.0,1.4372,14.1194,grapes
114.3,60.8,45.9,25.52,62.52,6.93,127.3,221.0,1.8799,15.9551,grapes
107.8,46.5,122.7,20.39,51.19,6.9,128.6,277.0,2.3183,10.4376,grapes
55.6,75.6,95.3,24.79,57.04,6.55,144.4,226.5,0.7354,14.1402,grapes
64.5,73.1,113.0,18.96,81.08,6.39,126.8,250.6,0.8824,15.3728,grapes
72.6,61.1,98.8,23.45,52.97,6.52,152.5,232.5,1.1882,12.4215,grapes
66.3,59.3,97.4,25.19,58.93,6.67,132.3,223.0,1.118,14.8445,grapes
58.5,58.3,99.7,27.3,55.33,6.54,128.4,216.5,1.0034,15.1051,grapes
84.8,39.5,101.5,22.0,61.07,6.97,107.5,225.8,2.1468,13.4354,grapes
96.3,56.1,130.5,26.12,55.48,6.88,101.4,282.9,1.7166,14.4914,grapes
100.3,56.0,126.5,29.41,60.05,6.92,46.0,282.8,1.7911,17.6607,grapes
79.8,33.9,57.9,31.56,40.19,6.6,107.5,171.6,2.354,12.684,watermelon
63.2,41.0,54.7,32.14,49.45,6.72,109.7,158.9,1.5415,15.8932,watermelon
60.2,46.8,54.4,28.64,54.13,6.01,157.3,161.4,1.2863,15.5028,watermelon
41.6,48.6,52.5,30.79,61.5,7.13,102.7,142.7,0.856,18.9359,watermelon
57.3,41.9,57.3,25.87,70.24,6.68,88.4,156.5,1.3675,18.1711,watermelon
55.7,41.5,42.0,31.33,66.94,7.06,119.6,139.2,1.3422,20.9723,watermelon
55.5,45.0,63.1,28.28,48.21,7.09,120.9,163.6,1.2333,13.6338,watermelon
69.0,43.7,46.2,25.42,56.28,7.13,108.4,158.9,1.5789,14.3064,watermelon
66.5,29.7,52.5,28.92,60.76,6.34,105.2,148.7,2.2391,17.5718,watermelon
48.7,29.8,58.3,27.98,57.38,6.52,130.9,136.8,1.6342,16.0549,watermelon
49.4,23.1,45.7,37.13,57.31,6.36,91.2,118.2,2.1385,21.2792,watermelon
49.4,46.1,35.3,30.52,42.77,6.96,102.5,130.8,1.0716,13.0534,watermelon
86.7,36.8,51.2,34.53,48.47,6.73,98.5,174.7,2.356,16.7367,watermelon
82.9,46.6,40.7,32.96,55.97,7.03,134.1,170.2,1.779,18.4477,watermelon
54.8,43.2,62.1,29.13,29.07,7.05,116.3,160.1,1.2685,8.4681,watermelon
41.3,32.0,43.5,27.45,66.41,5.91,86.6,116.8,1.2906,18.2295,watermelon
66.5,39.0,69.9,22.91,46.27,7.14,88.8,175.4,1.7051,10.6005,watermelon
65.6,36.4,54.9,25.95,66.87,6.98,151.2,156.9,1.8022,17.3528,watermelon
68.8,35.1,55.6,31.32,65.99,6.45,133.8,159.5,1.9601,20.6681,watermelon
73.9,47.3,35.2,27.94,54.56,6.74,128.5,156.4,1.5624,15.2441,watermelon
70.4,60.1,56.4,30.32,70.01,6.55,110.3,186.9,1.1714,21.227,watermelon
51.6,48.9,54.2,21.89,67.43,6.85,143.2,154.7,1.0552,14.7604,watermelon
68.5,39.8,42.0,30.59,56.91,6.45,85.7,150.3,1.7211,17.4088,watermelon
75.2,50.1,55.9,32.84,55.78,6.79,126.6,181.2,1.501,18.3182,watermelon
56.3,53.7,51.0,22.78,70.97,6.63,100.2,161.0,1.0484,16.167,watermelon
68.6,28.9,52.8,30.3,62.32,6.43,104.5,150.3,2.3737,18.883,watermelon
58.4,49.8,55.3,33.7,70.45,6.68,126.0,163.5,1.1727,23.7417,watermelon
89.0,46.2,50.3,34.88,36.11,7.68,106.8,185.5,1.9264,12.5952,watermelon
49.1,49.5,57.5,27.24,60.98,6.33,100.4,156.1,0.9919,16.611,watermelon
78.9,46.5,54.1,31.73,44.23,6.5,99.1,179.5,1.6968,14.0342,watermelon
45.0,38.2,59.7,34.0,59.74,6.33,66.3,142.9,1.178,20.3116,watermelon
86.5,56.3,49.7,30.4,67.14,6.37,126.8,192.5,1.5364,20.4106,watermelon
51.3,42.7,44.4,33.5,77.39,6.93,87.9,138.4,1.2014,25.9257,watermelon
67.3,36.5,47.9,28.87,50.62,6.89,150.9,151.7,1.8438,14.614,watermelon
45.4,44.0,69.4,30.38,54.74,6.6,103.7,158.8,1.0318,16.63,watermelon
48.8,47.8,64.6,26.82,59.04,7.01,138.8,161.2,1.0209,15.8345,watermelon
75.8,40.8,67.1,28.42,50.25,6.92,70.2,183.7,1.8578,14.2811,watermelon
77.3,43.1,67.8,30.52,69.79,6.54,126.1,188.2,1.7935,21.2999,watermelon
67.9,40.7,50.3,26.56,59.3,5.99,131.7,158.9,1.6683,15.7501,watermelon
73.9,34.7,58.0,28.22,61.22,6.93,138.7,166.6,2.1297,17.2763,watermelon
77.5,33.4,55.8,31.66,66.2,6.67,76.4,166.7,2.3204,20.9589,watermelon
56.8,28.8,61.6,36.18,59.28,6.61,94.5,147.2,1.9722,21.4475,watermelon
48.2,52.1,52.1,21.83,51.82,6.41,122.7,152.4,0.9251,11.3123,watermelon
64.8,38.2,55.9,35.92,59.37,6.9,113.3,158.9,1.6963,21.3257,watermelon
58.1,12.6,55.7,28.09,51.44,6.74,116.5,126.4,4.6111,14.4495,watermelon
69.7,43.2,60.3,32.38,61.08,6.51,102.1,173.2,1.6134,19.7777,watermelon
71.6,43.0,61.6,33.06,69.97,6.11,144.1,176.2,1.6651,23.1321,watermelon
56.8,25.1,55.9,34.48,48.25,7.03,167.4,137.8,2.2629,16.6366,watermelon
73.4,33.3,56.2,26.45,44.68,6.84,112.3,162.9,2.2042,11.8179,watermelon
72.8,33.0,57.3,28.21,60.49,6.7,120.0,163.1,2.2061,17.0642,watermelon
73.7,34.1,71.5,28.81,52.32,5.54,111.2,179.3,2.1613,15.0734,watermelon
60.1,49.7,37.7,27.75,60.32,6.58,138.2,147.5,1.2093,16.7388,watermelon
74.4,38.8,45.3,33.62,63.2,6.5,128.2,158.5,1.9175,21.2478,watermelon
71.2,36.6,61.7,28.73,38.56,6.35,86.5,169.5,1.9454,11.0783,watermelon
72.7,49.0,57.7,23.34,66.9,6.9,96.5,179.4,1.4837,15.6145,watermelon
85.1,44.0,57.6,26.78,48.3,6.89,87.8,186.7,1.9341,12.9347,watermelon
68.9,26.1,61.7,23.48,59.78,6.77,169.3,156.7,2.6398,14.0363,watermelon
57.7,35.1,57.1,28.2,53.41,7.02,124.0,149.9,1.6439,15.0616,watermelon
51.7,42.6,49.4,31.35,54.48,6.19,96.9,143.7,1.2136,17.0795,watermelon
78.5,32.5,61.3,26.71,76.94,6.42,95.1,172.3,2.4154,20.5507,watermelon
69.3,56.2,55.2,27.59,63.19,6.63,127.7,180.7,1.2331,17.4341,watermelon
85.0,40.9,50.5,28.04,69.05,6.35,129.9,176.4,2.0782,19.3616,watermelon
40.6,34.0,61.9,29.49,61.51,6.89,127.6,136.5,1.1941,18.1393,watermelon
75.9,31.0,61.5,30.81,66.2,6.39,100.6,168.4,2.4484,20.3962,watermelon
61.9,47.4,57.1,31.83,64.17,7.12,116.7,166.4,1.3059,20.4253,watermelon
60.8,34.8,72.2,36.89,62.54,6.23,112.4,167.8,1.7471,23.071,watermelon
55.8,43.0,68.3,29.43,71.07,7.45,89.4,167.1,1.2977,20.9159,watermelon
75.8,30.8,65.0,31.58,61.57,7.41,89.6,171.6,2.461,19.4438,watermelon
72.4,40.6,80.7,23.44,82.85,6.56,119.1,193.7,1.7833,19.42,watermelon
51.3,34.9,53.5,27.67,69.61,7.06,114.3,139.7,1.4699,19.2611,watermelon
67.0,37.5,50.4,28.05,48.6,6.44,122.2,154.9,1.7867,13.6323,watermelon
73.5,33.6,63.6,25.44,58.23,7.01,127.4,170.7,2.1875,14.8137,watermelon
67.1,48.2,52.5,27.12,63.97,6.53,143.0,167.8,1.3921,17.3487,watermelon
78.3,36.1,55.1,28.62,60.44,6.09,92.9,169.5,2.169,17.2979,watermelon
61.5,38.9,45.1,27.23,66.87,5.19,123.9,145.5,1.581,18.2087,watermelon
37.9,39.2,61.1,38.11,67.97,6.49,126.5,138.2,0.9668,25.9034,watermelon
67.2,52.9,40.3,30.79,46.4,6.71,103.1,160.4,1.2703,14.2866,watermelon
67.2,47.1,54.0,36.0,72.81,7.13,112.7,168.3,1.4268,26.2116,watermelon
68.7,46.3,54.8,34.22,55.03,6.61,103.7,169.8,1.4838,18.8313,watermelon
78.3,27.4,50.6,26.76,54.04,7.0,156.4,156.3,2.8577,14.4611,watermelon
41.6,34.7,37.4,29.13,54.01,6.42,112.3,113.7,1.1988,15.7331,watermelon
62.1,49.5,37.4,27.48,68.09,6.47,119.9,149.0,1.2545,18.7111,watermelon
53.9,30.6,47.5,28.43,57.33,7.02,104.2,132.0,1.7614,16.2989,watermelon
50.5,40.7,60.4,25.58,53.36,5.61,99.4,151.6,1.2408,13.6495,watermelon
64.1,31.5,57.9,27.45,55.76,6.61,81.4,153.5,2.0349,15.3061,watermelon
73.4,32.3,54.8,30.26,42.05,6.44,134.2,160.5,2.2724,12.7243,watermelon
68.6,53.4,46.2,30.17,51.58,7.14,126.9,168.2,1.2846,15.5617,watermelon
56.7,45.8,58.4,29.89,47.6,6.39,103.4,160.9,1.238,14.2276,watermelon
63.3,47.9,37.0,28.79,57.31,6.81,90.2,148.2,1.3215,16.4995,watermelon
76.2,46.3,31.0,32.01,66.64,6.97,114.0,153.5,1.6458,21.3315,watermelon
73.2,38.9,52.6,28.1,65.54,6.0,99.1,164.7,1.8817,18.4167,watermelon
58.4,34.5,49.5,33.87,72.57,6.54,105.1,142.4,1.6928,24.5795,watermelon
57.6,36.8,65.1,22.53,70.34,6.43,82.2,159.5,1.5652,15.8476,watermelon
44.4,38.5,56.6,31.3,54.71,6.98,114.8,139.5,1.1532,17.1242,watermelon
59.8,54.2,71.5,30.71,60.19,6.87,115.2,185.5,1.1033,18.4843,watermelon
44.2,29.3,49.5,26.64,59.67,6.51,134.1,123.0,1.5085,15.8961,watermelon
89.8,35.6,59.9,27.76,38.49,6.18,106.7,185.3,2.5225,10.6848,watermelon
54.7,32.7,52.5,30.63,47.83,7.02,102.7,139.9,1.6728,14.6503,watermelon
78.3,48.5,68.8,32.21,58.33,6.57,75.8,195.6,1.6144,18.7881,watermelon
86.8,54.8,53.0,22.88,58.27,5.95,134.2,194.6,1.5839,13.3322,watermelon
67.6,42.5,63.5,31.2,65.12,5.99,129.6,173.6,1.5906,20.3174,watermelon
63.8,43.1,44.2,27.4,64.64,6.78,110.6,151.1,1.4803,17.7114,watermelon
49.1,40.7,50.8,32.94,42.29,6.09,80.8,140.6,1.2064,13.9303,watermelon
58.9,43.5,54.2,22.56,65.19,7.34,83.3,156.6,1.354,14.7069,watermelon
84.2,46.2,67.6,37.56,61.79,6.23,98.0,198.0,1.8225,23.2083,watermelon
69.2,43.4,33.0,25.9,66.23,6.6,131.2,145.6,1.5945,17.1536,watermelon
65.3,44.0,51.7,34.0,70.67,6.66,116.4,161.0,1.4841,24.0278,watermelon
80.7,46.2,51.3,28.76,58.57,6.31,77.1,178.2,1.7468,16.8447,watermelon
73.4,25.8,34.2,26.13,72.46,5.7,118.9,133.4,2.845,18.9338,watermelon
63.2,40.0,50.4,29.93,51.11,6.68,91.5,153.6,1.58,15.2972,watermelon
67.6,42.4,39.6,32.6,50.54,6.3,98.5,149.6,1.5943,16.476,watermelon
55.8,43.3,31.7,23.57,64.29,6.65,131.4,130.8,1.2887,15.1532,watermelon
58.3,38.6,52.4,31.46,56.31,6.55,126.8,149.3,1.5104,17.7151,watermelon
62.5,41.3,52.0,28.96,62.62,6.71,134.0,155.8,1.5133,18.1348,watermelon
71.7,34.2,52.6,31.02,79.93,7.22,109.5,158.5,2.0965,24.7943,watermelon
50.0,25.8,57.5,29.04,63.93,6.38,129.4,133.3,1.938,18.5653,watermelon
65.9,47.9,46.2,27.0,62.12,6.41,97.1,160.0,1.3758,16.7724,watermelon
60.3,30.9,72.9,25.1,51.31,5.93,104.3,164.1,1.9515,12.8788,watermelon
54.2,38.7,54.7,31.35,43.0,6.52,102.8,147.6,1.4005,13.4805,watermelon
60.4,34.0,67.9,31.34,59.27,6.76,110.5,162.3,1.7765,18.5752,watermelon
37.1,52.7,38.2,31.32,70.67,6.41,81.7,128.0,0.704,22.1338,watermelon
55.9,39.4,46.7,30.5,56.77,6.77,105.0,142.0,1.4188,17.3148,watermelon
51.8,37.5,61.9,32.31,64.01,6.53,141.9,151.2,1.3813,20.6816,watermelon
61.6,46.0,52.7,33.92,74.26,6.08,86.0,160.3,1.3391,25.189,watermelon
37.6,57.3,44.3,22.43,74.02,6.72,80.8,139.2,0.6562,16.6027,watermelon
67.3,43.2,36.6,20.8,64.29,6.52,82.5,147.1,1.5579,13.3723,watermelon
75.9,37.0,62.3,35.01,61.7,6.65,168.6,175.2,2.0514,21.6012,watermelon
63.6,45.6,61.5,24.31,44.81,6.37,120.2,170.7,1.3947,10.8933,watermelon
71.0,27.4,57.4,25.2,53.7,6.34,104.1,155.8,2.5912,13.5324,watermelon
58.8,40.4,50.0,27.99,57.19,6.66,111.5,149.2,1.4554,16.0075,watermelon
46.3,56.0,43.9,23.21,51.48,6.51,115.0,146.2,0.8268,11.9485,watermelon
65.0,41.3,54.5,27.66,62.48,7.29,95.9,160.8,1.5738,17.282,watermelon
73.2,40.9,41.8,25.68,79.12,6.92,98.6,155.9,1.7897,20.318,watermelon
49.1,40.2,47.5,28.18,75.18,6.82,106.5,136.8,1.2214,21.1857,watermelon
59.4,36.8,67.6,29.98,62.44,6.53,94.1,163.8,1.6141,18.7195,watermelon
62.0,42.5,36.5,27.8,67.79,5.79,101.3,141.0,1.4588,18.8456,watermelon
99.2,46.2,61.8,27.62,52.71,6.28,117.8,207.2,2.1472,14.5585,watermelon
67.7,37.3,69.9,29.9,74.64,6.34,88.1,174.9,1.815,22.3174,watermelon
42.1,20.1,63.2,32.66,44.38,6.49,167.4,125.4,2.0945,14.4945,watermelon
39.2,43.7,59.0,34.61,69.13,6.59,126.6,141.9,0.897,23.9259,watermelon
73.8,57.1,50.4,28.24,64.96,6.86,82.1,181.3,1.2925,18.3447,watermelon
94.8,37.0,48.5,35.39,52.44,6.71,55.5,180.3,2.5622,18.5585,watermelon
61.6,28.2,32.5,32.07,57.91,7.06,94.9,122.3,2.1844,18.5717,watermelon
60.9,45.4,55.4,24.69,48.66,6.48,125.1,161.7,1.3414,12.0142,watermelon
70.2,54.0,51.0,24.59,49.08,6.7,120.8,175.2,1.3,12.0688,watermelon
55.4,44.2,48.0,26.98,44.09,6.74,107.6,147.6,1.2534,11.8955,watermelon
34.5,53.8,54.8,34.06,67.68,6.7,96.8,143.1,0.6413,23.0518,watermelon
77.4,46.3,55.6,27.25,72.05,7.11,90.1,179.3,1.6717,19.6336,watermelon
57.6,45.7,48.6,22.38,38.38,6.92,101.1,151.9,1.2604,8.5894,watermelon
77.6,35.9,71.1,28.2,78.38,6.07,87.7,184.6,2.1616,22.1032,watermelon
55.2,27.5,56.3,29.8,55.94,6.74,66.6,139.0,2.0073,16.6701,muskmelon
76.0,40.3,51.0,28.97,66.25,6.83,70.0,167.3,1.8859,19.1926,muskmelon
50.7,28.3,39.3,28.18,66.96,6.76,110.5,118.3,1.7915,18.8693,muskmelon
67.3,20.8,53.0,32.41,54.17,6.02,143.3,141.1,3.2356,17.5565,muskmelon
69.2,34.7,35.8,29.98,74.74,6.71,112.5,139.7,1.9942,22.4071,muskmelon
47.0,46.6,39.6,27.66,70.83,6.88,132.3,133.2,1.0086,19.5916,muskmelon
49.9,12.6,42.9,30.54,35.16,6.14,86.3,105.4,3.9603,10.7379,muskmelon
72.8,32.7,55.4,27.56,44.7,6.09,82.3,160.9,2.2263,12.3193,muskmelon
48.9,40.4,64.0,28.12,32.45,6.27,104.1,153.3,1.2104,9.1249,muskmelon
59.3,20.4,44.1,24.76,51.75,7.0,114.1,123.8,2.9069,12.8133,muskmelon
84.5,33.3,63.2,28.42,42.89,5.9,68.8,181.0,2.5375,12.1893,muskmelon
71.8,25.9,50.5,31.73,46.86,7.03,90.7,148.2,2.7722,14.8687,muskmelon
61.0,26.9,52.4,30.13,65.91,6.86,94.5,140.3,2.2677,19.8587,muskmelon
70.1,31.8,49.4,36.35,37.45,6.6,81.4,151.3,2.2044,13.6131,muskmelon
59.3,26.0,48.0,39.14,56.3,6.11,83.8,133.3,2.2808,22.0358,muskmelon
72.2,25.3,54.4,28.38,56.24,6.38,111.9,151.9,2.8538,15.9609,muskmelon
35.4,34.5,57.4,27.08,54.18,7.01,104.4,127.3,1.0261,14.6719,muskmelon
58.3,52.8,41.2,33.95,56.31,7.2,111.0,152.3,1.1042,19.1172,muskmelon
35.0,41.1,48.1,31.17,32.68,6.29,101.7,124.2,0.8516,10.1864,muskmelon
61.9,43.1,66.7,33.98,46.9,7.16,77.5,171.7,1.4362,15.9366,muskmelon
57.2,41.4,51.8,31.4,70.43,6.97,103.5,150.4,1.3816,22.115,muskmelon
76.3,29.4,52.9,29.32,43.03,6.7,76.0,158.6,2.5952,12.6164,muskmelon
68.5,37.5,61.7,29.34,71.67,6.4,88.8,167.7,1.8267,21.028,muskmelon
53.7,43.8,45.0,31.51,40.93,6.47,74.3,142.5,1.226,12.897,muskmelon
55.1,41.6,49.7,29.26,39.73,7.43,82.8,146.4,1.3245,11.625,muskmelon
64.6,36.6,58.2,34.27,45.48,6.77,96.8,159.4,1.765,15.586,muskmelon
53.1,39.2,62.4,25.44,66.29,7.23,85.9,154.7,1.3546,16.8642,muskmelon
59.6,54.7,26.3,34.25,49.54,6.8,77.3,140.6,1.0896,16.9674,muskmelon
75.8,41.7,42.6,23.44,58.45,6.52,117.8,160.1,1.8177,13.7007,muskmelon
50.1,32.5,40.0,30.51,55.74,6.93,92.6,122.6,1.5415,17.0063,muskmelon
54.6,34.4,48.8,28.84,54.46,7.56,84.4,137.8,1.5872,15.7063,muskmelon
56.3,26.6,40.8,24.69,67.74,6.44,73.4,123.7,2.1165,16.725,muskmelon
97.9,53.8,56.6,22.79,62.72,7.07,57.6,208.3,1.8197,14.2939,muskmelon
67.3,47.8,51.7,26.16,43.57,6.78,90.6,166.8,1.4079,11.3979,muskmelon
73.6,35.7,58.9,30.16,52.24,6.12,67.4,168.2,2.0616,15.7556,muskmelon
69.2,52.4,59.5,27.89,72.43,6.11,109.2,181.1,1.3206,20.2007,muskmelon
70.0,40.1,56.8,26.36,58.2,6.52,95.6,166.9,1.7456,15.3415,muskmelon
65.7,31.6,46.6,34.73,39.92,6.84,126.2,143.9,2.0791,13.8642,muskmelon
64.4,42.3,51.0,25.69,40.63,7.05,99.5,157.7,1.5225,10.4378,muskmelon
42.6,38.2,45.4,32.38,63.9,6.07,80.5,126.2,1.1152,20.6908,muskmelon
64.3,41.7,36.4,26.89,62.02,6.96,57.4,142.4,1.542,16.6772,muskmelon
58.7,24.0,59.5,26.07,45.79,6.65,111.1,142.2,2.4458,11.9375,muskmelon
66.5,28.5,49.2,27.89,62.48,6.7,69.0,144.2,2.3333,17.4257,muskmelon
59.1,46.9,35.0,32.17,70.99,6.94,86.8,141.0,1.2601,22.8375,muskmelon
69.2,48.5,55.4,25.2,69.58,7.4,128.5,173.1,1.4268,17.5342,muskmelon
71.3,46.3,47.8,31.01,71.04,6.82,107.2,165.4,1.54,22.0295,muskmelon
25.1,52.7,29.4,26.64,60.55,6.16,102.8,107.2,0.4763,16.1305,muskmelon
54.8,39.6,36.3,27.27,53.22,6.63,113.9,130.7,1.3838,14.5131,muskmelon
37.7,39.1,43.0,31.4,50.98,7.04,113.1,119.8,0.9642,16.0077,muskmelon
62.9,27.7,52.1,37.61,54.83,7.05,126.6,142.7,2.2708,20.6216,muskmelon
56.4,30.4,57.9,26.81,46.24,6.97,83.0,144.7,1.8553,12.3969,muskmelon
76.3,19.1,57.5,32.52,51.41,6.5,87.5,152.9,3.9948,16.7185,muskmelon
62.5,32.4,56.0,28.91,67.75,6.15,76.6,150.9,1.929,19.5865,muskmelon
54.2,18.5,49.7,28.34,38.91,6.94,94.3,122.4,2.9297,11.0271,muskmelon
71.3,43.6,67.2,33.75,39.59,6.21,92.4,182.1,1.6353,13.3616,muskmelon
56.2,38.1,57.0,27.05,63.31,6.98,59.9,151.3,1.4751,17.1254,muskmelon
54.0,18.8,52.2,25.96,51.5,6.98,81.9,125.0,2.8723,13.3694,muskmelon
64.7,33.5,55.7,31.61,35.74,6.51,123.8,153.9,1.9313,11.2974,muskmelon
79.4,50.7,46.0,35.58,54.39,6.66,99.9,176.1,1.5661,19.352,muskmelon
70.2,34.0,49.4,32.62,52.96,6.78,109.3,153.6,2.0647,17.2756,muskmelon
66.8,27.0,29.2,25.08,50.69,6.45,92.6,123.0,2.4741,12.7131,muskmelon
93.0,20.7,46.1,27.85,61.86,6.15,57.3,159.8,4.4928,17.228,muskmelon
51.2,21.0,67.6,33.43,41.67,6.68,92.4,139.8,2.4381,13.9303,muskmelon
50.9,39.3,51.5,35.53,55.13,6.73,115.8,141.7,1.2952,19.5877,muskmelon
61.7,31.5,51.1,30.8,52.89,7.24,71.3,144.3,1.9587,16.2901,muskmelon
78.2,32.2,60.0,27.97,55.38,6.39,109.9,170.4,2.4286,15.4898,muskmelon
48.7,31.6,53.6,35.76,37.68,7.13,61.0,133.9,1.5411,13.4744,muskmelon
81.1,33.9,42.1,29.74,49.77,6.24,95.4,157.1,2.3923,14.8016,muskmelon
42.7,25.2,50.2,27.88,55.2,6.16,105.9,118.1,1.6944,15.3898,muskmelon
58.5,37.5,38.6,27.29,60.41,6.58,88.8,134.6,1.56,16.4859,muskmelon
62.1,23.6,51.8,25.82,73.46,6.32,144.4,137.5,2.6314,18.9674,muskmelon
49.4,29.0,41.6,39.92,63.06,6.16,85.1,120.0,1.7034,25.1736,muskmelon
52.5,43.1,59.3,34.97,59.61,7.48,83.4,154.9,1.2181,20.8456,muskmelon
69.6,38.0,44.9,27.7,67.71,6.52,99.1,152.5,1.8316,18.7557,muskmelon
77.3,40.5,41.8,36.06,51.96,7.62,79.9,159.6,1.9086,18.7368,muskmelon
34.6,52.2,48.9,31.87,70.54,6.3,66.2,135.7,0.6628,22.4811,muskmelon
62.2,34.5,53.7,31.66,66.19,6.02,73.0,150.4,1.8029,20.9558,muskmelon
58.6,35.2,37.9,27.49,50.54,7.22,110.2,131.7,1.6648,13.8934,muskmelon
61.3,32.9,44.8,28.2,74.24,6.41,88.9,139.0,1.8632,20.9357,muskmelon
56.2,31.5,51.1,29.85,59.47,6.76,129.0,138.8,1.7841,17.7518,muskmelon
44.5,26.9,63.4,23.12,76.93,6.16,86.2,134.8,1.6543,17.7862,muskmelon
78.5,35.7,24.7,28.3,58.03,6.68,109.2,138.9,2.1989,16.4225,muskmelon
73.9,37.8,56.2,30.02,49.38,6.15,105.2,167.9,1.955,14.8239,muskmelon
58.8,38.3,46.2,34.58,47.32,6.67,85.9,143.3,1.5352,16.3633,muskmelon
54.1,35.5,45.1,27.84,51.44,6.51,77.4,134.7,1.5239,14.3209,muskmelon
52.7,42.4,43.2,32.84,49.29,6.79,60.4,138.3,1.2429,16.1868,muskmelon
29.0,35.2,46.4,22.79,67.71,6.95,106.1,110.6,0.8239,15.4311,muskmelon
64.2,31.7,56.2,34.08,54.71,6.8,119.0,152.1,2.0252,18.6452,muskmelon
69.4,27.6,44.6,26.85,38.86,6.88,63.2,141.6,2.5145,10.4339,muskmelon
61.7,22.6,66.6,30.46,57.13,6.66,87.6,150.9,2.7301,17.4018,muskmelon
59.0,46.7,56.2,31.42,56.26,6.53,81.7,161.9,1.2634,17.6769,muskmelon
61.6,29.4,52.0,30.74,50.31,6.89,106.0,143.0,2.0952,15.4653,muskmelon
49.8,27.6,48.3,29.63,57.68,6.66,88.4,125.7,1.8043,17.0906,muskmelon
54.0,31.7,61.9,25.65,54.56,6.67,121.5,147.6,1.7035,13.9946,muskmelon
58.0,32.8,63.4,26.89,61.34,6.86,87.3,154.2,1.7683,16.4943,muskmelon
68.4,48.1,38.4,33.49,60.75,6.29,70.3,154.9,1.422,20.3452,muskmelon
76.5,32.4,43.0,27.91,58.65,7.27,85.6,151.9,2.3611,16.3692,muskmelon
57.3,56.1,56.3,29.64,42.01,6.6,87.8,169.7,1.0214,12.4518,muskmelon
47.5,35.5,59.4,24.78,76.19,6.75,105.5,142.4,1.338,18.8799,muskmelon
60.4,51.5,47.0,33.01,39.44,6.68,87.5,158.9,1.1728,13.0191,muskmelon
84.1,42.2,42.6,25.38,53.71,6.96,103.8,168.9,1.9929,13.6316,muskmelon
48.5,37.9,50.8,33.21,44.06,6.84,79.2,137.2,1.2797,14.6323,muskmelon
70.6,47.6,64.8,26.28,58.96,6.68,89.1,183.0,1.4832,15.4947,muskmelon
76.0,44.0,50.4,33.55,56.38,7.28,79.3,170.4,1.7273,18.9155,muskmelon
55.7,40.1,37.4,30.04,53.31,5.42,78.1,133.2,1.389,16.0143,muskmelon
51.6,53.5,51.1,28.04,70.18,7.2,120.5,156.2,0.9645,19.6785,muskmelon
66.9,31.0,57.8,35.6,66.08,7.07,80.7,155.7,2.1581,23.5245,muskmelon
64.2,27.0,49.0,29.76,51.73,5.97,88.0,140.2,2.3778,15.3948,muskmelon
68.3,29.6,62.6,28.73,63.04,7.07,115.9,160.5,2.3074,18.1114,muskmelon
84.9,49.0,58.7,33.18,70.65,7.12,110.0,192.6,1.7327,23.4417,muskmelon
62.0,46.6,49.4,24.82,66.01,6.92,127.8,158.0,1.3305,16.3837,muskmelon
45.7,30.8,50.4,21.15,53.64,6.08,104.7,126.9,1.4838,11.3449,muskmelon
60.8,16.2,31.6,34.05,39.1,6.97,83.0,108.6,3.7531,13.3135,muskmelon
62.9,33.4,62.1,27.07,58.25,7.1,136.1,158.4,1.8832,15.7683,muskmelon
75.2,26.9,46.7,33.03,61.69,6.47,106.6,148.8,2.7955,20.3762,muskmelon
57.6,31.0,46.0,30.16,47.3,6.88,91.9,134.6,1.8581,14.2657,muskmelon
55.1,26.6,44.5,25.93,55.23,6.56,96.1,126.2,2.0714,14.3211,muskmelon
43.5,22.1,54.6,32.13,54.17,7.05,98.6,120.2,1.9683,17.4048,muskmelon
66.6,50.1,38.7,28.56,68.88,6.57,90.3,155.4,1.3293,19.6721,muskmelon
100.2,29.5,40.2,26.23,73.54,6.47,67.5,169.9,3.3966,19.2895,muskmelon
57.3,46.3,49.5,26.32,66.75,6.68,127.5,153.1,1.2376,17.5686,muskmelon
65.4,33.2,43.7,23.94,54.14,6.16,94.6,142.3,1.9699,12.9611,muskmelon
53.4,26.0,53.4,31.41,66.48,6.64,98.7,132.8,2.0538,20.8814,muskmelon
44.6,39.1,44.1,26.73,61.49,6.84,136.6,127.8,1.1407,16.4363,muskmelon
65.2,31.9,66.0,29.88,54.25,7.05,81.3,163.1,2.0439,16.2099,muskmelon
60.3,33.3,56.9,29.36,75.92,6.8,108.1,150.5,1.8108,22.2901,muskmelon
31.4,36.2,56.8,26.7,47.62,6.13,79.2,124.4,0.8674,12.7145,muskmelon
79.3,28.5,44.0,24.67,61.04,7.24,101.4,151.8,2.7825,15.0586,muskmelon
65.0,22.0,74.1,38.87,63.4,7.27,99.0,161.1,2.9545,24.6436,muskmelon
60.9,34.6,45.6,29.83,52.13,6.75,110.8,141.1,1.7601,15.5504,muskmelon
54.9,42.7,42.9,36.38,60.59,6.4,119.2,140.5,1.2857,22.0426,muskmelon
64.9,27.8,57.1,34.08,64.45,6.49,83.4,149.8,2.3345,21.9646,muskmelon
65.4,36.2,52.0,28.88,57.45,6.62,123.3,153.6,1.8066,16.5916,muskmelon
64.8,47.0,41.8,30.63,59.72,6.81,124.7,153.6,1.3787,18.2922,muskmelon
72.8,34.3,72.0,30.53,56.05,6.58,90.0,179.1,2.1224,17.1121,muskmelon
75.5,35.7,59.8,36.45,62.98,6.36,94.9,171.0,2.1148,22.9562,muskmelon
84.1,35.4,50.0,32.9,52.71,7.11,85.1,169.5,2.3757,17.3416,muskmelon
50.0,29.5,74.0,27.17,51.88,6.8,88.9,153.5,1.6949,14.0958,muskmelon
53.1,27.1,58.1,31.23,55.21,6.28,70.9,138.3,1.9594,17.2421,muskmelon
64.3,27.1,49.9,32.82,66.84,6.82,110.6,141.3,2.3727,21.9369,muskmelon
50.7,37.9,72.8,25.89,37.53,6.76,54.0,161.4,1.3377,9.7165,muskmelon
52.6,41.1,56.6,31.73,45.91,6.41,81.1,150.3,1.2798,14.5672,muskmelon
65.7,41.4,56.2,34.71,77.76,7.18,94.1,163.3,1.587,26.9905,muskmelon
70.8,32.0,46.1,27.0,57.75,6.75,121.0,148.9,2.2125,15.5925,muskmelon
75.3,43.7,50.5,27.48,50.93,6.61,84.1,169.5,1.7231,13.9956,muskmelon
57.7,37.5,45.9,34.06,62.95,6.67,103.6,141.1,1.5387,21.4408,muskmelon
65.6,35.6,64.4,28.76,47.15,6.88,93.4,165.6,1.8427,13.5603,muskmelon
62.9,8.3,33.9,26.56,33.97,6.67,113.9,105.1,7.5783,9.0224,muskmelon
60.2,28.5,63.7,33.09,58.55,6.67,102.5,152.4,2.1123,19.3742,muskmelon
50.2,22.8,41.2,32.02,47.69,7.13,111.6,114.2,2.2018,15.2703,muskmelon
48.4,44.1,53.1,10.76,79.91,6.35,160.3,145.6,1.0975,8.5983,apple
42.8,40.9,64.8,18.51,82.24,5.82,122.4,148.5,1.0465,15.2226,apple
59.4,39.5,66.3,12.65,52.49,6.01,143.0,165.2,1.5038,6.64,apple
49.1,30.1,58.9,12.98,52.54,6.21,119.9,138.1,1.6312,6.8197,apple
55.4,41.2,65.2,11.21,58.44,6.74,109.5,161.8,1.3447,6.5511,apple
58.8,41.5,33.9,13.79,63.03,6.01,114.9,134.2,1.4169,8.6918,apple
69.9,40.8,52.7,13.95,74.69,5.51,166.8,163.4,1.7132,10.4193,apple
64.4,43.2,24.2,12.19,67.02,6.38,140.4,131.8,1.4907,8.1697,apple
46.8,45.6,37.5,11.84,52.37,5.9,175.6,129.9,1.0263,6.2006,apple
41.3,31.2,49.5,15.96,57.11,5.69,154.6,122.0,1.3237,9.1148,apple
75.5,38.3,48.3,12.58,61.66,6.21,185.0,162.1,1.9713,7.7568,apple
36.0,44.1,55.4,13.18,50.09,6.59,162.9,135.5,0.8163,6.6019,apple
49.6,37.9,54.8,8.44,62.11,5.97,161.3,142.3,1.3087,5.2421,apple
62.7,47.7,56.3,20.81,52.49,6.4,136.6,166.7,1.3145,10.9232,apple
74.7,40.7,56.7,17.83,48.79,6.47,224.3,172.1,1.8354,8.6993,apple
52.7,24.4,58.3,13.52,54.42,6.52,143.2,135.4,2.1598,7.3576,apple
55.3,46.7,45.4,12.3,65.29,5.91,84.7,147.4,1.1842,8.0307,apple
44.5,39.1,47.8,15.03,65.23,5.75,147.5,131.4,1.1381,9.8041,apple
56.5,25.8,54.6,14.95,62.77,5.81,112.5,136.9,2.1899,9.3841,apple
41.2,38.0,54.8,11.17,69.93,6.52,168.5,134.0,1.0842,7.8112,apple
46.0,29.9,44.2,7.35,69.08,6.47,160.3,120.1,1.5385,5.0774,apple
64.2,46.0,65.8,13.42,63.64,5.82,134.6,176.0,1.3957,8.5405,apple
49.8,39.7,62.2,10.31,62.53,7.05,115.1,151.7,1.2544,6.4468,apple
66.0,32.6,46.4,15.51,63.04,5.77,144.1,145.0,2.0245,9.7775,apple
53.2,46.5,52.9,15.53,60.82,6.6,122.0,152.6,1.1441,9.4453,apple
38.6,43.7,75.1,12.08,44.61,6.81,162.1,157.4,0.8833,5.3889,apple
69.0,38.1,56.6,13.4,71.08,6.24,155.6,163.7,1.811,9.5247,apple
39.2,30.0,59.0,20.29,65.18,5.89,222.2,128.2,1.3067,13.225,apple
47.8,33.3,48.9,17.33,52.27,5.9,127.5,130.0,1.4354,9.0584,apple
52.6,33.1,51.9,13.64,73.42,6.1,131.5,137.6,1.5891,10.0145,apple
67.1,46.0,70.1,21.88,57.28,6.63,135.7,183.2,1.4587,12.5329,apple
48.7,26.6,56.1,11.41,61.14,5.72,136.9,131.4,1.8308,6.9761,apple
43.9,39.6,54.3,12.56,70.19,5.46,168.8,137.8,1.1086,8.8159,apple
57.0,38.0,55.1,14.67,63.76,6.34,132.3,150.1,1.5,9.3536,apple
52.4,48.3,80.5,10.41,72.68,6.43,195.2,181.2,1.0849,7.566,apple
49.4,41.9,55.4,20.37,59.18,6.99,156.3,146.7,1.179,12.055,apple
57.6,44.3,46.7,15.55,75.53,5.65,126.4,148.6,1.3002,11.7449,apple
40.6,35.8,48.4,12.63,55.78,6.15,119.2,124.8,1.1341,7.045,apple
34.3,30.2,62.8,16.34,72.54,6.66,169.1,127.3,1.1358,11.853,apple
80.7,37.4,40.7,15.44,43.88,6.25,140.8,158.8,2.1578,6.7751,apple
56.3,46.2,59.5,14.09,53.2,6.12,140.3,162.0,1.2186,7.4959,apple
57.1,46.2,47.8,11.37,64.38,6.52,123.2,151.1,1.2359,7.32,apple
45.6,36.6,36.4,10.69,58.8,5.96,138.3,118.6,1.2459,6.2857,apple
65.8,33.1,45.2,21.56,61.4,6.54,122.1,144.1,1.9879,13.2378,apple
48.6,31.5,55.3,10.94,62.33,5.7,178.1,135.4,1.5429,6.8189,apple
21.6,38.9,69.0,20.09,52.47,5.59,160.1,129.5,0.5553,10.5412,apple
48.2,41.1,64.1,12.47,53.07,6.09,135.1,153.4,1.1727,6.6178,apple
51.6,51.8,52.1,17.37,63.86,5.17,134.7,155.5,0.9961,11.0925,apple
53.0,41.0,64.7,16.4,56.67,6.23,142.6,158.7,1.2927,9.2939,apple
52.6,44.9,51.4,17.0,72.73,5.51,139.8,148.9,1.1715,12.3641,apple
47.3,33.8,40.3,17.2,60.46,6.31,113.2,121.4,1.3994,10.3991,apple
46.1,40.3,55.2,10.17,67.75,6.27,86.8,141.6,1.1439,6.8902,apple
51.4,41.1,39.9,12.97,65.54,6.17,117.7,132.4,1.2506,8.5005,apple
35.3,38.9,62.9,10.9,57.19,6.37,136.4,137.1,0.9075,6.2337,apple
31.5,39.8,63.1,15.57,46.16,6.28,119.3,134.4,0.7915,7.1871,apple
56.2,41.0,46.2,11.03,71.48,6.08,162.9,143.4,1.3707,7.8842,apple
56.4,43.8,56.5,9.06,54.17,6.93,133.6,156.7,1.2877,4.9078,apple
65.6,49.4,56.4,14.29,58.77,6.36,192.5,171.4,1.3279,8.3982,apple
51.9,21.9,63.7,8.37,60.79,6.51,124.3,137.5,2.3699,5.0881,apple
40.7,48.9,42.5,15.78,61.59,6.63,143.9,132.1,0.8323,9.7189,apple
31.7,26.3,61.0,11.23,69.7,6.47,131.9,119.0,1.2053,7.8273,apple
44.3,42.5,41.8,12.48,62.05,7.03,152.3,128.6,1.0424,7.7438,apple
60.1,58.8,62.8,8.16,60.98,6.27,169.8,181.7,1.0221,4.976,apple
72.3,39.7,65.6,19.95,70.15,6.2,157.0,177.6,1.8212,13.9949,apple
55.6,41.4,48.3,10.61,66.81,5.94,83.1,145.3,1.343,7.0885,apple
40.4,37.5,67.2,13.91,56.12,6.1,154.0,145.1,1.0773,7.8063,apple
44.4,45.3,39.3,9.62,52.82,5.91,111.7,129.0,0.9801,5.0813,apple
44.8,42.9,66.0,12.49,55.41,6.47,131.3,153.7,1.0443,6.9207,apple
50.1,34.6,69.4,20.26,61.61,5.84,159.3,154.1,1.448,12.4822,apple
68.5,39.1,58.5,15.89,52.03,6.23,108.6,166.1,1.7519,8.2676,apple
69.4,31.1,53.0,12.83,62.73,6.42,172.4,153.5,2.2315,8.0483,apple
52.9,39.0,58.1,14.9,60.97,6.26,130.1,150.0,1.3564,9.0845,apple
57.2,36.6,49.0,13.32,41.66,5.84,200.8,142.8,1.5628,5.5491,apple
45.4,41.1,81.2,14.72,50.75,6.48,141.9,167.7,1.1046,7.4704,apple
34.5,34.3,49.1,17.23,38.91,6.17,187.7,117.9,1.0058,6.7042,apple
76.5,38.3,68.2,14.01,59.25,5.05,173.5,183.0,1.9974,8.3009,apple
27.1,40.1,47.6,15.66,70.59,5.81,122.9,114.8,0.6758,11.0544,apple
33.0,40.6,71.0,15.71,46.87,6.76,103.6,144.6,0.8128,7.3633,apple
76.6,42.2,75.1,14.02,51.42,6.79,143.2,193.9,1.8152,7.2091,apple
55.2,38.6,58.9,12.79,60.69,6.41,123.7,152.7,1.4301,7.7623,apple
41.5,33.7,57.9,13.42,53.49,6.51,184.2,133.1,1.2315,7.1784,apple
63.2,40.7,45.4,17.1,53.45,5.89,133.1,149.3,1.5528,9.14,apple
64.3,38.6,44.2,17.35,66.33,6.1,131.6,147.1,1.6658,11.5083,apple
39.0,48.2,58.0,11.59,58.04,6.69,100.9,145.2,0.8091,6.7268,apple
48.6,49.2,69.6,14.22,50.11,6.37,151.7,167.4,0.9878,7.1256,apple
65.5,29.0,49.5,12.74,45.3,6.23,107.1,144.0,2.2586,5.7712,apple
45.2,44.9,77.1,17.4,79.67,6.13,152.4,167.2,1.0067,13.8626,apple
58.4,46.5,48.9,13.59,71.03,6.67,156.2,153.8,1.2559,9.653,apple
72.1,29.2,57.3,21.6,58.39,6.65,119.0,158.6,2.4692,12.6122,apple
26.3,44.6,57.3,15.65,62.7,6.46,166.8,128.2,0.5897,9.8126,apple
50.9,47.2,54.0,18.55,58.09,6.23,132.3,152.1,1.0784,10.7757,apple
58.1,32.4,34.6,11.96,66.08,6.06,98.8,125.1,1.7932,7.9032,apple
33.5,38.1,48.8,15.04,55.17,6.48,183.3,120.4,0.8793,8.2976,apple
48.6,41.5,57.0,16.85,57.65,5.76,114.1,147.1,1.1711,9.714,apple
67.5,44.6,54.0,11.9,65.64,5.84,154.2,166.1,1.5135,7.8112,apple
46.5,32.1,61.4,15.06,73.63,5.62,151.9,140.0,1.4486,11.0887,apple
37.2,49.3,62.6,18.16,67.93,6.69,150.9,149.1,0.7546,12.3361,apple
68.6,23.8,52.6,14.02,71.87,5.91,150.4,145.0,2.8824,10.0762,apple
60.3,50.6,45.4,12.44,59.5,6.36,112.8,156.3,1.1917,7.4018,apple
54.2,44.4,70.5,20.41,57.02,6.15,187.4,169.1,1.2207,11.6378,apple
53.8,35.0,41.4,11.48,46.49,7.36,166.8,130.2,1.5371,5.3371,apple
67.3,46.9,49.0,15.47,62.58,6.38,153.3,163.2,1.435,9.6811,apple
58.5,31.6,46.5,12.88,65.03,5.46,102.7,136.6,1.8513,8.3759,apple
62.7,40.9,62.5,12.19,59.6,6.67,112.6,166.1,1.533,7.2652,apple
46.7,41.9,68.2,17.22,55.79,6.05,158.4,156.8,1.1146,9.607,apple
32.0,41.9,53.3,14.38,71.95,6.12,83.9,127.2,0.7637,10.3464,apple
62.5,33.3,57.3,16.22,67.05,5.93,149.5,153.1,1.8769,10.8755,apple
68.2,36.0,59.3,8.23,72.5,6.28,102.7,163.5,1.8944,5.9668,apple
52.3,41.0,73.0,16.51,54.37,6.27,115.7,166.3,1.2756,8.9765,apple
65.7,34.2,37.3,12.84,56.33,5.94,100.5,137.2,1.9211,7.2328,apple
51.0,42.2,62.4,9.36,71.63,6.0,146.9,155.6,1.2085,6.7046,apple
53.9,35.1,58.8,20.65,61.62,6.24,171.3,147.8,1.5356,12.7245,apple
76.0,48.0,51.3,16.8,57.45,5.26,149.7,175.3,1.5833,9.6516,apple
51.5,52.5,58.3,15.68,58.0,5.62,152.8,162.3,0.981,9.0944,apple
50.8,37.6,62.4,18.75,61.91,6.87,144.7,150.8,1.3511,11.6081,apple
32.6,47.4,60.8,15.74,70.02,6.33,159.1,140.8,0.6878,11.0211,apple
63.3,38.3,76.6,12.6,60.72,5.99,153.1,178.2,1.6527,7.6507,apple
46.5,32.5,56.3,14.48,68.32,5.52,64.0,135.3,1.4308,9.8927,apple
56.8,36.6,55.3,12.96,65.74,6.18,165.4,148.7,1.5519,8.5199,apple
51.2,40.7,53.2,13.5,54.97,6.59,162.4,145.1,1.258,7.421,apple
49.7,25.7,60.5,11.23,54.97,7.26,129.9,135.9,1.9339,6.1731,apple
53.6,45.0,54.7,12.09,58.4,6.96,84.7,153.3,1.1911,7.0606,apple
54.5,40.7,55.1,17.68,51.31,5.85,146.8,150.3,1.3391,9.0716,apple
69.1,48.0,55.2,16.0,57.89,6.0,149.1,172.3,1.4396,9.2624,apple
73.2,44.9,53.7,13.49,74.11,5.61,127.7,171.8,1.6303,9.9974,apple
62.8,41.0,48.9,11.92,61.75,5.86,145.2,152.7,1.5317,7.3606,apple
70.3,37.2,59.2,13.78,55.87,6.11,170.0,166.7,1.8898,7.6989,apple
65.2,52.2,52.1,9.95,77.33,6.05,207.1,169.5,1.249,7.6943,apple
60.9,57.4,61.1,15.38,54.56,7.02,144.1,179.4,1.061,8.3913,apple
72.5,37.3,56.1,17.84,54.3,5.67,149.3,165.9,1.9437,9.6871,apple
39.3,48.3,51.1,22.1,71.84,6.18,116.9,138.7,0.8137,15.8766,apple
46.8,34.3,70.6,11.69,67.29,5.37,126.0,151.7,1.3644,7.8662,apple
45.1,35.3,54.0,17.71,60.96,6.33,136.2,134.4,1.2776,10.796,apple
51.4,36.9,61.2,12.88,68.66,5.66,173.0,149.5,1.393,8.8434,apple
63.2,45.5,48.0,11.61,64.4,6.64,162.9,156.7,1.389,7.4768,apple
41.6,31.4,34.7,11.61,52.51,6.08,194.0,107.7,1.3248,6.0964,apple
61.0,52.4,49.3,15.42,42.82,5.64,98.3,162.7,1.1641,6.6028,apple
48.0,47.5,33.6,12.21,57.46,5.36,102.9,129.1,1.0105,7.0159,apple
50.8,45.3,52.6,13.18,70.68,5.81,170.9,148.7,1.1214,9.3156,apple
57.4,37.6,69.7,13.68,58.57,6.3,180.6,164.7,1.5266,8.0124,apple
75.2,46.6,45.9,12.78,65.68,6.37,140.9,167.7,1.6137,8.3939,apple
46.5,16.7,33.9,12.56,63.48,6.0,20.0,97.1,2.7844,7.9731,apple
54.0,43.5,70.0,7.71,48.45,6.57,119.2,167.5,1.2414,3.7355,apple
42.1,41.3,50.2,15.26,58.75,5.75,149.4,133.6,1.0194,8.9652,apple
46.3,24.9,54.8,15.2,64.87,5.03,114.8,126.0,1.8594,9.8602,apple
42.0,43.3,62.9,12.61,55.7,6.31,145.2,148.2,0.97,7.0238,apple
57.9,44.7,60.2,16.08,59.1,6.72,193.2,162.8,1.2953,9.5033,apple
60.1,25.2,62.5,19.19,65.13,6.72,179.9,147.8,2.3849,12.4984,apple
63.2,30.5,64.0,15.07,62.58,5.68,162.6,157.7,2.0721,9.4308,apple
46.0,56.5,37.5,18.99,70.38,5.98,138.2,140.0,0.8142,13.3652,apple
54.1,24.2,40.4,27.7,77.26,6.42,218.8,118.7,2.2355,21.401,jute
69.1,24.7,36.3,30.76,84.16,6.16,220.2,130.1,2.7976,25.8876,jute
60.3,31.4,35.5,28.06,83.71,6.45,178.8,127.2,1.9204,23.489,jute
60.7,17.8,24.7,28.18,91.98,6.16,120.8,103.2,3.4101,25.92,jute
41.4,30.0,33.4,27.39,88.99,5.88,178.3,104.8,1.38,24.3744,jute
51.4,38.5,25.5,26.93,78.82,7.39,174.7,115.4,1.3351,21.2262,jute
69.0,34.0,38.9,29.89,74.41,6.62,188.5,141.9,2.0294,22.2411,jute
46.8,27.9,31.6,30.21,87.03,7.64,180.5,106.3,1.6774,26.2918,jute
63.2,25.8,30.8,29.57,78.08,6.26,213.9,119.8,2.4496,23.0883,jute
65.0,34.8,22.7,27.46,79.99,6.43,240.8,122.5,1.8678,21.9653,jute
65.7,31.8,43.2,28.5,75.64,6.29,247.7,140.7,2.066,21.5574,jute
66.7,28.5,32.9,32.99,86.07,6.34,239.3,128.1,2.3404,28.3945,jute
67.5,26.5,35.7,25.45,78.12,6.95,178.6,129.7,2.5472,19.8815,jute
52.5,30.5,29.1,33.71,81.79,6.83,212.1,112.1,1.7213,27.5714,jute
42.4,28.2,21.8,29.25,81.88,6.95,264.8,92.4,1.5035,23.9499,jute
49.5,34.7,30.7,28.55,83.1,7.14,154.5,114.9,1.4265,23.725,jute
68.8,37.4,32.0,31.38,85.97,7.04,257.2,138.2,1.8396,26.9774,jute
45.6,21.8,37.3,23.83,80.54,6.2,175.1,104.7,2.0917,19.1927,jute
47.5,22.6,32.2,32.45,77.55,6.39,220.3,102.3,2.1018,25.165,jute
47.4,38.1,29.3,33.64,70.84,6.65,224.4,114.8,1.2441,23.8306,jute
37.8,31.0,23.0,31.72,82.62,8.09,216.6,91.8,1.2194,26.2071,jute
46.2,23.2,35.4,23.74,81.06,6.91,288.0,104.8,1.9914,19.2436,jute
72.0,35.9,28.6,30.91,77.74,6.64,199.5,136.5,2.0056,24.0294,jute
51.4,32.1,45.6,33.11,82.38,6.87,152.6,129.1,1.6012,27.276,jute
39.0,43.2,36.2,32.86,87.14,6.36,222.5,118.4,0.9028,28.6342,jute
53.9,28.6,39.5,25.48,88.67,6.7,204.0,122.0,1.8846,22.5931,jute
66.1,36.7,33.0,31.54,72.79,6.98,229.4,135.8,1.8011,22.958,jute
38.0,21.3,36.6,33.49,79.83,6.59,240.9,95.9,1.784,26.7351,jute
71.4,38.4,27.9,29.07,87.77,6.3,208.8,137.7,1.8594,25.5147,jute
42.7,35.7,25.6,25.37,91.58,6.57,225.3,104.0,1.1961,23.2338,jute
55.3,39.6,35.1,31.07,77.1,6.47,215.0,130.0,1.3965,23.955,jute
55.1,36.7,39.6,31.63,90.27,6.06,272.7,131.4,1.5014,28.5524,jute
53.3,29.4,19.4,28.65,73.9,6.37,197.0,102.1,1.8129,21.1724,jute
59.2,23.0,31.0,26.02,88.89,6.04,186.0,113.2,2.5739,23.1292,jute
69.3,26.4,49.7,31.45,80.31,6.11,240.8,145.4,2.625,25.2575,jute
59.5,19.4,38.8,27.08,91.38,6.14,177.5,117.7,3.067,24.7457,jute
52.7,24.5,47.3,29.99,79.22,6.98,223.7,124.5,2.151,23.7581,jute
65.5,32.6,29.9,32.9,80.14,7.2,204.1,128.0,2.0092,26.3661,jute
62.5,29.7,31.3,24.85,81.2,5.99,206.5,123.5,2.1044,20.1782,jute
52.0,28.7,42.7,31.27,72.78,7.23,295.3,123.4,1.8118,22.7583,jute
60.5,25.2,40.0,28.48,71.43,6.15,253.2,125.7,2.4008,20.3433,jute
51.0,19.4,34.2,28.55,85.06,6.9,245.8,104.6,2.6289,24.2846,jute
49.6,31.1,24.9,30.29,87.93,6.7,228.6,105.6,1.5949,26.634,jute
69.7,32.3,44.3,27.07,85.65,6.85,185.8,146.3,2.1579,23.1855,jute
65.4,24.1,55.1,26.06,74.48,6.13,219.2,144.6,2.7137,19.4095,jute
69.2,26.8,22.4,24.54,84.88,5.88,230.4,118.4,2.5821,20.8296,jute
67.6,39.3,46.2,32.08,76.06,6.28,217.0,153.1,1.7201,24.4,jute
49.4,37.0,31.3,28.07,84.45,6.77,213.3,117.7,1.3351,23.7051,jute
72.0,21.1,32.3,30.42,88.79,7.38,196.1,125.4,3.4123,27.0099,jute
56.4,29.5,37.2,27.79,84.2,6.19,219.6,123.1,1.9119,23.3992,jute
71.2,38.7,25.4,26.1,90.81,6.56,191.6,135.3,1.8398,23.7014,jute
58.5,28.7,34.7,30.63,81.1,6.3,234.6,121.9,2.0383,24.8409,jute
63.8,28.4,22.1,29.82,80.7,6.59,139.4,114.3,2.2465,24.0647,jute
64.1,36.6,38.8,28.41,82.4,5.83,257.6,139.5,1.7514,23.4098,jute
69.8,35.9,52.9,29.75,73.94,7.2,164.1,158.6,1.9443,21.9972,jute
40.4,35.6,29.9,26.6,79.58,6.61,172.6,105.9,1.1348,21.1683,jute
41.1,28.4,33.7,31.65,80.11,6.97,224.3,103.2,1.4472,25.3548,jute
68.1,34.0,34.0,32.23,80.3,6.51,228.9,136.1,2.0029,25.8807,jute
64.3,39.0,42.9,30.9,83.61,6.68,282.7,146.2,1.6487,25.8355,jute
50.7,29.7,38.2,28.07,73.12,7.05,220.4,118.6,1.7071,20.5248,jute
64.4,27.6,42.4,29.15,75.13,6.65,208.6,134.4,2.3333,21.9004,jute
43.1,37.4,31.0,32.92,88.79,6.67,216.7,111.5,1.1524,29.2297,jute
99.2,42.3,38.5,32.2,69.96,6.28,265.7,180.0,2.3452,22.5271,jute
75.7,42.7,8.1,33.98,85.7,6.39,294.9,126.5,1.7728,29.1209,jute
67.5,27.8,40.3,27.05,79.76,6.19,203.5,135.6,2.4281,21.5751,jute
60.9,28.4,25.3,26.82,82.96,6.3,229.0,114.6,2.1444,22.2499,jute
52.6,23.8,32.4,29.34,91.35,7.1,207.4,108.8,2.2101,26.8021,jute
44.3,30.7,41.0,30.02,81.21,7.32,206.7,116.0,1.443,24.3792,jute
58.6,23.6,22.7,28.64,85.75,6.1,275.8,104.9,2.4831,24.5588,jute
49.7,26.8,43.7,28.03,82.35,6.76,177.6,120.2,1.8545,23.0827,jute
50.4,34.2,34.0,32.17,81.34,6.47,128.3,118.6,1.4737,26.1671,jute
43.0,32.3,46.6,28.77,80.6,7.16,221.1,121.9,1.3313,23.1886,jute
63.0,19.1,27.8,25.96,86.21,6.65,252.0,109.9,3.2984,22.3801,jute
55.5,39.4,20.5,26.25,77.61,6.6,217.7,115.4,1.4086,20.3726,jute
66.4,23.5,34.8,29.62,75.21,6.3,227.6,124.7,2.8255,22.2772,jute
65.5,24.2,39.7,36.51,82.45,5.99,236.3,129.4,2.7066,30.1025,jute
62.8,22.6,40.4,26.56,83.16,6.9,213.9,125.8,2.7788,22.0873,jute
91.9,26.0,25.9,28.21,71.06,6.74,229.5,143.8,3.5346,20.046,jute
69.9,24.6,22.0,35.01,81.94,6.75,228.9,116.5,2.8415,28.6872,jute
44.9,24.8,32.5,27.79,74.64,6.36,141.4,102.2,1.8105,20.7425,jute
65.5,15.2,39.1,30.14,85.76,6.54,214.0,119.8,4.3092,25.8481,jute
59.4,30.8,38.7,33.69,71.18,6.92,155.0,128.9,1.9286,23.9805,jute
43.9,31.4,47.6,26.62,93.55,6.99,208.7,122.9,1.3981,24.903,jute
42.9,43.5,32.0,28.23,79.97,6.13,192.7,118.4,0.9862,22.5755,jute
65.4,32.9,20.2,27.79,76.81,6.35,246.2,118.5,1.9878,21.3455,jute
68.4,27.0,44.6,25.21,80.3,6.04,218.6,140.0,2.5333,20.2436,jute
47.4,22.8,36.6,32.92,85.34,6.68,226.6,106.8,2.0789,28.0939,jute
71.6,29.4,37.3,27.54,87.34,6.95,203.3,138.3,2.4354,24.0534,jute
63.4,32.7,41.1,26.81,80.35,6.49,246.8,137.2,1.9388,21.5418,jute
74.4,27.0,45.1,27.89,73.37,6.33,154.1,146.5,2.7556,20.4629,jute
73.1,30.4,34.8,31.32,74.73,6.47,178.7,138.3,2.4046,23.4054,jute
58.1,41.4,44.4,29.28,83.72,7.52,255.0,143.9,1.4034,24.5132,jute
79.6,27.7,39.4,27.02,87.92,7.08,194.8,146.7,2.8736,23.756,jute
46.5,18.7,29.8,30.02,88.7,6.89,134.9,95.0,2.4866,26.6277,jute
88.7,35.2,33.1,31.03,83.01,6.73,260.8,157.0,2.5199,25.758,jute
49.5,31.9,39.9,28.94,87.8,6.59,247.7,121.3,1.5517,25.4093,jute
59.4,19.7,29.3,28.41,93.47,6.24,234.9,108.4,3.0152,26.5548,jute
53.2,32.6,42.1,31.54,89.14,6.18,213.3,127.9,1.6319,28.1148,jute
55.5,24.0,36.3,28.55,87.53,6.37,268.1,115.8,2.3125,24.9898,jute
95.1,32.6,38.1,33.02,77.16,6.22,254.1,165.8,2.9172,25.4782,jute
54.4,41.4,46.5,27.11,87.78,6.36,264.2,142.3,1.314,23.7972,jute
70.2,28.9,37.9,27.05,84.77,6.56,234.3,137.0,2.4291,22.9303,jute
57.2,36.5,35.6,26.74,85.9,6.59,214.3,129.3,1.5671,22.9697,jute
71.2,22.6,34.3,28.4,89.57,6.35,196.0,128.1,3.1504,25.4379,jute
53.5,20.9,33.9,29.01,84.15,6.8,165.6,108.3,2.5598,24.4119,jute
63.1,42.1,37.5,25.69,81.38,6.52,227.6,142.7,1.4988,20.9065,jute
67.5,31.8,45.9,29.24,75.58,6.69,230.5,145.2,2.1226,22.0996,jute
51.3,33.8,30.1,30.41,80.22,6.3,197.8,115.2,1.5178,24.3949,jute
93.1,36.9,29.5,25.34,83.28,6.88,231.5,159.5,2.523,21.1032,jute
68.2,26.8,45.3,27.7,83.67,6.39,198.4,140.3,2.5448,23.1766,jute
57.3,35.0,30.5,30.42,83.46,7.24,240.4,122.8,1.6371,25.3885,jute
51.6,34.0,36.7,26.28,87.76,6.51,179.1,122.3,1.5176,23.0633,jute
61.1,22.2,30.3,28.21,87.19,6.56,173.1,113.6,2.7523,24.5963,jute
45.4,39.1,21.6,31.72,81.63,6.84,201.6,106.1,1.1611,25.893,jute
81.4,37.8,36.6,33.49,76.92,6.92,239.0,155.8,2.1534,25.7605,jute
65.2,22.3,43.9,30.1,84.3,6.97,169.4,131.4,2.9238,25.3743,jute
58.9,31.2,34.5,28.58,95.48,7.31,246.7,124.6,1.8878,27.2882,jute
72.6,28.6,23.1,27.75,83.93,6.86,152.5,124.3,2.5385,23.2906,jute
51.3,38.5,35.9,31.28,80.22,6.57,201.4,125.7,1.3325,25.0928,jute
46.1,21.5,29.0,31.83,85.22,6.39,160.5,96.6,2.1442,27.1255,jute
58.4,51.6,14.0,26.11,85.57,6.55,118.7,124.0,1.1318,22.3423,jute
61.5,29.0,34.4,31.28,85.51,7.19,222.8,124.9,2.1207,26.7475,jute
66.4,34.4,39.1,27.48,90.24,6.05,203.8,139.9,1.9302,24.798,jute
42.3,38.3,44.4,26.85,84.32,6.27,161.1,125.0,1.1044,22.6399,jute
54.5,28.8,49.1,28.62,89.95,6.51,191.9,132.4,1.8924,25.7437,jute
23.0,29.3,40.2,31.48,83.38,6.27,225.5,92.5,0.785,26.248,jute
45.8,27.0,42.5,29.77,91.07,6.44,197.1,115.3,1.6963,27.1115,jute
68.6,24.7,24.7,29.71,89.24,7.32,203.0,118.0,2.7773,26.5132,jute
71.5,31.6,48.0,29.88,87.53,6.48,196.1,151.1,2.2627,26.154,jute
46.3,29.2,45.1,30.17,86.74,6.76,189.6,120.6,1.5856,26.1695,jute
56.1,26.9,32.1,28.71,95.81,5.94,189.2,115.1,2.0855,27.5071,jute
60.3,27.3,40.5,30.58,88.46,6.16,188.1,128.1,2.2088,27.0511,jute
72.9,33.5,39.6,27.35,76.9,6.97,183.6,146.0,2.1761,21.0322,jute
78.3,25.2,46.8,30.63,83.48,7.27,174.4,150.3,3.1071,25.5699,jute
61.8,28.5,33.8,31.14,80.41,6.69,196.7,124.1,2.1684,25.0397,jute
56.9,35.4,29.0,30.75,94.39,6.48,187.6,121.3,1.6073,29.0249,jute
42.7,31.5,31.1,30.88,89.51,6.8,172.5,105.3,1.3556,27.6407,jute
61.3,23.7,42.2,30.16,94.19,5.56,236.8,127.2,2.5865,28.4077,jute
84.9,29.9,19.6,31.93,77.44,6.69,253.1,134.4,2.8395,24.7266,jute
75.5,32.6,11.0,23.32,88.61,6.18,210.0,119.1,2.316,20.6639,jute
62.1,35.9,42.2,31.13,73.81,6.92,212.3,140.2,1.7298,22.9771,jute
63.6,25.5,37.2,33.94,72.45,5.72,185.8,126.3,2.4941,24.5895,jute
51.7,26.6,35.1,27.45,79.62,6.35,247.3,113.4,1.9436,21.8557,jute
55.7,25.8,24.6,27.17,91.07,6.58,270.8,106.1,2.1589,24.7437,jute
61.8,26.1,21.3,32.22,76.04,6.3,204.3,109.2,2.3678,24.5001,jute
61.8,32.4,29.9,26.68,81.9,6.45,191.7,124.1,1.9074,21.8509,jute
72.1,33.6,37.9,27.33,89.13,6.96,222.0,143.6,2.1458,24.3592,jute
71.5,36.3,30.3,29.42,87.08,6.59,214.5,138.1,1.9697,25.6189,jute
66.2,29.5,42.2,27.0,95.3,6.23,192.5,137.9,2.2441,25.731,jute
48.0,21.6,27.4,31.19,82.02,6.98,226.5,97.0,2.2222,25.582,jute
