date,temperature,humidity,rainfall,wind_speed,pressure,label,event_source
2005-07-24,26.7,91.0,11.8,18.9,1004.1,Low Risk,Mumbai Deluge 2005
2005-07-25,26.3,93.0,26.7,23.0,1003.1,Low Risk,Mumbai Deluge 2005
2005-07-26,26.3,93.0,69.6,27.8,1001.7,Flood Risk,Mumbai Deluge 2005
2005-07-27,26.5,92.0,59.4,24.8,1001.3,Flood Risk,Mumbai Deluge 2005
2005-07-28,27.0,90.0,45.0,25.4,1003.0,Flood Risk,Mumbai Deluge 2005
2005-07-29,25.7,92.0,32.7,26.9,1002.4,Low Risk,Mumbai Deluge 2005
2005-07-30,27.2,91.0,42.2,28.1,1001.2,Flood Risk,Mumbai Deluge 2005
2005-07-31,26.1,92.0,53.8,25.2,1001.3,Flood Risk,Mumbai Deluge 2005
2017-08-27,28.2,90.0,21.8,21.0,1001.6,Low Risk,Mumbai Floods 2017
2017-08-28,27.1,91.0,58.9,20.2,999.5,Flood Risk,Mumbai Floods 2017
2017-08-29,26.6,87.0,66.6,31.0,998.0,Flood Risk,Mumbai Floods 2017
2017-08-30,28.0,88.0,43.0,29.6,1001.9,Flood Risk,Mumbai Floods 2017
2017-08-31,29.0,86.0,7.5,26.2,1005.9,Low Risk,Mumbai Floods 2017
2017-09-01,27.7,89.0,7.5,23.7,1007.3,Low Risk,Mumbai Floods 2017
2017-09-02,28.1,88.0,4.8,19.2,1006.9,Low Risk,Mumbai Floods 2017
2019-07-01,26.8,93.0,36.6,15.5,1002.6,Flood Risk,Mumbai Floods 2019
2019-07-02,28.2,90.0,26.3,18.8,1002.8,Low Risk,Mumbai Floods 2019
2019-07-03,27.4,92.0,15.2,17.8,1003.2,Low Risk,Mumbai Floods 2019
2019-07-04,27.7,91.0,21.5,21.5,1002.7,Low Risk,Mumbai Floods 2019
2019-07-05,27.8,92.0,15.9,24.6,1001.6,Low Risk,Mumbai Floods 2019
2019-07-06,27.2,92.0,20.2,25.4,1001.2,Low Risk,Mumbai Floods 2019
2018-08-07,26.5,90.0,17.4,19.7,1009.0,Low Risk,Kerala Great Floods 2018
2018-08-08,25.6,93.0,32.5,20.1,1008.6,Low Risk,Kerala Great Floods 2018
2018-08-09,27.3,90.0,17.1,16.8,1010.3,Low Risk,Kerala Great Floods 2018
2018-08-10,26.8,91.0,13.4,19.9,1011.6,Low Risk,Kerala Great Floods 2018
2018-08-11,26.0,91.0,11.6,17.9,1010.8,Low Risk,Kerala Great Floods 2018
2018-08-12,26.3,92.0,21.5,22.8,1009.4,Low Risk,Kerala Great Floods 2018
2018-08-13,27.5,94.0,22.4,18.9,1009.0,Low Risk,Kerala Great Floods 2018
2018-08-14,26.2,93.0,46.0,27.5,1008.6,Flood Risk,Kerala Great Floods 2018
2018-08-15,24.9,92.0,104.9,32.0,1008.7,Flood Risk,Kerala Great Floods 2018
2018-08-16,26.3,92.0,59.2,31.5,1009.3,Flood Risk,Kerala Great Floods 2018
2018-08-17,26.0,91.0,26.5,25.5,1008.3,Low Risk,Kerala Great Floods 2018
2018-08-18,26.4,90.0,19.5,24.2,1008.4,Low Risk,Kerala Great Floods 2018
2018-08-19,26.5,91.0,14.0,23.3,1008.6,Low Risk,Kerala Great Floods 2018
2018-08-20,26.6,90.0,6.5,23.2,1009.2,Low Risk,Kerala Great Floods 2018
2018-08-07,23.2,97.0,62.2,21.0,939.6,Flood Risk,Idukki Kerala Floods 2018
2018-08-08,22.3,98.0,67.9,17.0,939.2,Flood Risk,Idukki Kerala Floods 2018
2018-08-09,23.5,98.0,61.5,15.5,941.0,Flood Risk,Idukki Kerala Floods 2018
2018-08-10,22.8,98.0,19.9,14.9,942.1,Low Risk,Idukki Kerala Floods 2018
2018-08-11,21.8,100.0,22.7,14.0,941.3,Low Risk,Idukki Kerala Floods 2018
2018-08-12,23.6,98.0,59.7,18.4,940.0,Flood Risk,Idukki Kerala Floods 2018
2018-08-13,23.3,98.0,69.4,16.7,940.0,Flood Risk,Idukki Kerala Floods 2018
2018-08-14,23.6,99.0,94.3,23.8,939.2,Flood Risk,Idukki Kerala Floods 2018
2018-08-15,21.4,100.0,200.7,25.2,939.0,Flood Risk,Idukki Kerala Floods 2018
2018-08-16,22.0,100.0,144.6,22.7,939.8,Flood Risk,Idukki Kerala Floods 2018
2018-08-17,22.8,99.0,75.4,20.8,938.9,Flood Risk,Idukki Kerala Floods 2018
2018-08-18,23.5,99.0,59.4,19.3,939.0,Flood Risk,Idukki Kerala Floods 2018
2018-08-19,23.6,97.0,40.3,20.0,939.3,Flood Risk,Idukki Kerala Floods 2018
2018-08-20,23.9,97.0,21.9,16.9,940.0,Low Risk,Idukki Kerala Floods 2018
2019-08-06,28.0,89.0,21.2,20.3,1008.7,Low Risk,Kerala Floods 2019
2019-08-07,27.3,90.0,36.9,22.9,1008.2,Flood Risk,Kerala Floods 2019
2019-08-08,26.2,92.0,34.5,25.9,1008.1,Low Risk,Kerala Floods 2019
2019-08-09,26.3,92.0,44.3,19.4,1009.1,Flood Risk,Kerala Floods 2019
2019-08-10,25.6,94.0,40.6,20.1,1009.4,Flood Risk,Kerala Floods 2019
2019-08-11,27.6,92.0,9.5,19.0,1008.9,Low Risk,Kerala Floods 2019
2019-08-12,26.8,92.0,22.6,20.2,1008.9,Low Risk,Kerala Floods 2019
2019-08-13,25.8,93.0,43.0,21.2,1008.9,Flood Risk,Kerala Floods 2019
2019-08-14,26.0,92.0,48.9,22.8,1010.4,Flood Risk,Kerala Floods 2019
2019-08-15,27.6,90.0,5.7,20.0,1010.4,Low Risk,Kerala Floods 2019
2019-08-16,27.6,90.0,18.0,18.1,1009.7,Low Risk,Kerala Floods 2019
2015-11-28,28.5,78.0,0.4,19.0,1011.6,Low Risk,Chennai Floods 2015
2015-11-29,27.5,90.0,17.5,16.1,1012.1,Low Risk,Chennai Floods 2015
2015-11-30,26.6,91.0,12.5,24.5,1012.4,Low Risk,Chennai Floods 2015
2015-12-01,25.5,93.0,48.8,27.5,1010.7,Flood Risk,Chennai Floods 2015
2015-12-02,24.8,94.0,57.9,17.4,1011.0,Flood Risk,Chennai Floods 2015
2015-12-03,26.4,88.0,22.9,23.7,1010.7,Low Risk,Chennai Floods 2015
2015-12-04,27.9,86.0,9.3,26.2,1010.6,Low Risk,Chennai Floods 2015
2015-12-05,28.2,85.0,10.2,24.5,1010.8,Low Risk,Chennai Floods 2015
2015-12-06,26.6,88.0,19.8,19.7,1011.4,Low Risk,Chennai Floods 2015
2019-08-02,24.2,92.0,30.5,28.0,944.8,Low Risk,Kolhapur Floods 2019
2019-08-03,23.3,92.0,62.8,27.3,944.8,Flood Risk,Kolhapur Floods 2019
2019-08-04,23.3,92.0,99.1,32.0,943.8,Flood Risk,Kolhapur Floods 2019
2019-08-05,23.7,93.0,55.3,29.8,943.0,Flood Risk,Kolhapur Floods 2019
2019-08-06,24.0,92.0,32.5,32.0,942.6,Low Risk,Kolhapur Floods 2019
2019-08-07,24.0,92.0,32.5,36.6,941.6,Low Risk,Kolhapur Floods 2019
2019-08-08,24.1,93.0,16.3,32.5,940.8,Low Risk,Kolhapur Floods 2019
2019-08-09,24.0,92.0,19.5,31.4,941.8,Low Risk,Kolhapur Floods 2019
2019-08-10,23.6,91.0,14.6,28.6,943.4,Low Risk,Kolhapur Floods 2019
2019-08-11,25.6,88.0,9.1,29.6,944.8,Low Risk,Kolhapur Floods 2019
2019-08-12,25.9,88.0,4.0,25.6,945.0,Low Risk,Kolhapur Floods 2019
2021-07-20,26.6,94.0,60.3,15.4,1006.0,Flood Risk,Mahad Konkan Deluge 2021
2021-07-21,26.1,94.0,74.6,15.7,1005.0,Flood Risk,Mahad Konkan Deluge 2021
2021-07-22,26.5,93.0,63.0,15.8,1002.3,Flood Risk,Mahad Konkan Deluge 2021
2021-07-23,25.5,95.0,64.7,8.3,1002.4,Flood Risk,Mahad Konkan Deluge 2021
2021-07-24,27.6,91.0,29.3,17.8,1003.3,Low Risk,Mahad Konkan Deluge 2021
2021-07-25,28.8,90.0,20.3,14.8,1004.2,Low Risk,Mahad Konkan Deluge 2021
2021-07-26,28.7,90.0,22.7,17.8,1004.8,Low Risk,Mahad Konkan Deluge 2021
2022-06-13,25.6,94.0,19.6,10.1,997.6,Low Risk,Assam Brahmaputra Floods 2022
2022-06-14,27.5,92.0,10.5,11.5,997.0,Low Risk,Assam Brahmaputra Floods 2022
2022-06-15,27.1,95.0,28.1,9.6,996.8,Low Risk,Assam Brahmaputra Floods 2022
2022-06-16,25.6,96.0,31.3,16.2,996.8,Low Risk,Assam Brahmaputra Floods 2022
2022-06-17,26.7,95.0,55.2,8.7,996.7,Flood Risk,Assam Brahmaputra Floods 2022
2022-06-18,28.5,92.0,14.2,7.4,996.9,Low Risk,Assam Brahmaputra Floods 2022
2022-06-19,29.7,90.0,13.2,6.4,996.2,Low Risk,Assam Brahmaputra Floods 2022
2022-06-20,28.4,91.0,6.7,8.1,995.0,Low Risk,Assam Brahmaputra Floods 2022
2022-06-21,29.9,88.0,3.7,7.6,995.0,Low Risk,Assam Brahmaputra Floods 2022
2022-06-22,31.5,85.0,22.6,12.4,997.4,Low Risk,Assam Brahmaputra Floods 2022
2022-06-23,30.6,86.0,12.1,11.1,998.1,Low Risk,Assam Brahmaputra Floods 2022
2022-06-24,30.6,87.0,12.7,6.3,997.3,Low Risk,Assam Brahmaputra Floods 2022
2022-06-25,30.8,87.0,16.5,7.4,996.7,Low Risk,Assam Brahmaputra Floods 2022
2023-07-08,29.6,91.0,34.4,21.9,977.7,Low Risk,Delhi Yamuna Floods 2023
2023-07-09,30.8,91.0,29.7,16.5,977.0,Low Risk,Delhi Yamuna Floods 2023
2023-07-10,31.0,90.0,34.1,13.0,977.0,Low Risk,Delhi Yamuna Floods 2023
2023-07-11,33.3,84.0,2.9,11.6,976.9,Low Risk,Delhi Yamuna Floods 2023
2023-07-12,33.5,86.0,9.6,15.0,976.6,Low Risk,Delhi Yamuna Floods 2023
2023-07-13,33.2,82.0,5.2,14.7,976.8,Low Risk,Delhi Yamuna Floods 2023
2023-07-14,33.8,83.0,21.1,14.4,977.7,Low Risk,Delhi Yamuna Floods 2023
2023-07-20,26.0,96.0,48.7,23.2,991.5,Flood Risk,Junagadh Flash Floods 2023
2023-07-21,29.4,90.0,4.9,18.4,993.6,Low Risk,Junagadh Flash Floods 2023
2023-07-22,26.4,95.0,52.1,18.4,994.1,Flood Risk,Junagadh Flash Floods 2023
2023-07-23,26.3,96.0,144.4,22.6,991.6,Flood Risk,Junagadh Flash Floods 2023
2023-07-24,28.7,89.0,13.8,21.1,992.4,Low Risk,Junagadh Flash Floods 2023
2023-07-25,29.3,87.0,6.8,20.8,994.9,Low Risk,Junagadh Flash Floods 2023
2013-06-14,30.1,75.0,0.5,7.4,931.2,Low Risk,Kedarnath Cloudburst 2013
2013-06-15,28.8,78.0,10.2,8.3,931.4,Low Risk,Kedarnath Cloudburst 2013
2013-06-16,26.2,93.0,79.9,7.4,929.7,Flood Risk,Kedarnath Cloudburst 2013
2013-06-17,25.7,89.0,108.0,4.6,927.1,Flood Risk,Kedarnath Cloudburst 2013
2013-06-18,27.2,84.0,1.8,5.8,928.9,Low Risk,Kedarnath Cloudburst 2013
2024-07-27,25.2,86.0,5.3,18.0,927.5,Low Risk,Wayanad Deluge 2024
2024-07-28,24.9,84.0,5.2,14.8,926.2,Low Risk,Wayanad Deluge 2024
2024-07-29,24.5,93.0,29.1,13.2,924.7,Low Risk,Wayanad Deluge 2024
2024-07-30,22.4,100.0,55.3,12.2,927.0,Flood Risk,Wayanad Deluge 2024
2024-07-31,25.1,96.0,45.0,12.4,928.1,Flood Risk,Wayanad Deluge 2024
2024-08-01,23.7,95.0,18.6,9.5,928.2,Low Risk,Wayanad Deluge 2024
2024-08-02,26.2,88.0,4.9,16.5,928.4,Low Risk,Wayanad Deluge 2024
2021-05-16,39.5,41.0,0.3,25.3,999.5,Low Risk,Cyclone Tauktae 2021 (Gujarat)
2021-05-17,31.2,76.0,118.6,108.9,992.9,Cyclone Risk,Cyclone Tauktae 2021 (Gujarat)
2021-05-18,30.5,82.0,89.9,95.0,989.0,Cyclone Risk,Cyclone Tauktae 2021 (Gujarat)
2021-05-19,34.9,74.0,0.9,23.2,1003.0,Low Risk,Cyclone Tauktae 2021 (Gujarat)
2023-06-13,30.3,79.0,14.7,50.3,995.9,Cyclone Risk,Cyclone Biparjoy 2023 (Kutch)
2023-06-14,31.9,74.0,5.2,60.5,996.4,Cyclone Risk,Cyclone Biparjoy 2023 (Kutch)
2023-06-15,29.6,83.0,26.3,63.0,988.9,Cyclone Risk,Cyclone Biparjoy 2023 (Kutch)
2023-06-16,29.2,87.0,99.0,83.0,990.5,Cyclone Risk,Cyclone Biparjoy 2023 (Kutch)
2023-06-17,30.4,83.0,2.0,39.4,1000.9,Cyclone Risk,Cyclone Biparjoy 2023 (Kutch)
2020-05-19,32.4,83.0,5.5,17.3,999.1,Low Risk,Cyclone Amphan 2020 (Bengal)
2020-05-20,28.2,91.0,99.1,68.9,986.4,Cyclone Risk,Cyclone Amphan 2020 (Bengal)
2020-05-21,29.3,81.0,8.4,37.5,995.7,Cyclone Risk,Cyclone Amphan 2020 (Bengal)
2020-05-22,33.1,80.0,0.0,18.4,1001.6,Low Risk,Cyclone Amphan 2020 (Bengal)
2019-05-02,31.7,85.0,62.8,38.0,1001.9,Cyclone Risk,Cyclone Fani 2019 (Puri)
2019-05-03,29.0,86.0,149.2,91.4,990.9,Cyclone Risk,Cyclone Fani 2019 (Puri)
2019-05-04,30.9,89.0,0.0,26.7,1004.0,Low Risk,Cyclone Fani 2019 (Puri)
2019-05-05,30.9,88.0,0.3,19.4,1005.7,Low Risk,Cyclone Fani 2019 (Puri)
2014-10-11,29.8,71.0,1.7,36.4,995.7,Cyclone Risk,Cyclone Hudhud 2014 (Vizag)
2014-10-12,26.7,85.0,171.2,70.2,982.4,Cyclone Risk,Cyclone Hudhud 2014 (Vizag)
2014-10-13,30.0,79.0,8.6,50.2,1000.1,Cyclone Risk,Cyclone Hudhud 2014 (Vizag)
2014-10-14,29.7,85.0,2.6,15.9,1006.4,Low Risk,Cyclone Hudhud 2014 (Vizag)
2020-11-24,26.9,88.0,10.9,27.1,1008.6,Low Risk,Cyclone Nivar 2020 (Puducherry)
2020-11-25,25.0,91.0,179.5,48.6,1002.6,Cyclone Risk,Cyclone Nivar 2020 (Puducherry)
2020-11-26,29.2,83.0,83.9,41.7,1003.0,Cyclone Risk,Cyclone Nivar 2020 (Puducherry)
2020-11-27,28.7,83.0,1.1,23.7,1008.8,Low Risk,Cyclone Nivar 2020 (Puducherry)
2023-12-03,26.1,92.0,54.0,34.4,1005.3,Cyclone Risk,Cyclone Michaung 2023 (Chennai/AP)
2023-12-04,25.2,90.0,255.8,50.1,998.6,Cyclone Risk,Cyclone Michaung 2023 (Chennai/AP)
2023-12-05,31.0,80.0,14.3,26.0,1004.8,Low Risk,Cyclone Michaung 2023 (Chennai/AP)
2023-12-06,30.1,89.0,17.1,15.6,1008.1,Low Risk,Cyclone Michaung 2023 (Chennai/AP)
2021-05-25,31.3,87.0,40.9,40.4,993.6,Cyclone Risk,Cyclone Yaas 2021 (Balasore)
2021-05-26,30.5,86.0,72.1,63.1,981.5,Cyclone Risk,Cyclone Yaas 2021 (Balasore)
2021-05-27,31.9,75.0,3.2,38.8,995.5,Cyclone Risk,Cyclone Yaas 2021 (Balasore)
2021-05-28,31.8,84.0,1.7,27.3,1002.4,Low Risk,Cyclone Yaas 2021 (Balasore)
2017-11-29,29.1,84.0,7.2,19.1,1004.0,Low Risk,Cyclone Ockhi 2017 (Kerala)
2017-11-30,25.7,90.0,67.7,37.6,999.5,Cyclone Risk,Cyclone Ockhi 2017 (Kerala)
2017-12-01,25.0,95.0,38.6,23.7,1003.2,Low Risk,Cyclone Ockhi 2017 (Kerala)
2017-12-02,28.2,90.0,11.1,15.2,1005.6,Low Risk,Cyclone Ockhi 2017 (Kerala)
2017-12-03,29.6,85.0,1.4,8.6,1006.5,Low Risk,Cyclone Ockhi 2017 (Kerala)
2016-12-11,29.5,66.0,6.7,28.1,1006.1,Low Risk,Cyclone Vardah 2016 (Chennai)
2016-12-12,24.4,88.0,146.3,65.2,997.5,Cyclone Risk,Cyclone Vardah 2016 (Chennai)
2016-12-13,28.4,83.0,8.9,36.2,1007.3,Cyclone Risk,Cyclone Vardah 2016 (Chennai)
2016-12-14,28.7,82.0,0.0,12.5,1010.2,Low Risk,Cyclone Vardah 2016 (Chennai)
2013-10-11,29.5,83.0,13.4,27.7,1005.0,Low Risk,Cyclone Phailin 2013 (Odisha)
2013-10-12,26.9,90.0,137.7,67.7,987.2,Cyclone Risk,Cyclone Phailin 2013 (Odisha)
2013-10-13,29.8,82.0,26.1,51.3,995.7,Cyclone Risk,Cyclone Phailin 2013 (Odisha)
2013-10-14,29.8,87.0,0.9,18.6,1004.1,Low Risk,Cyclone Phailin 2013 (Odisha)
2016-04-15,40.3,24.0,0.0,10.9,939.2,Drought Risk,Marathwada Latur 2016
2016-04-16,40.5,25.0,0.2,14.8,938.7,Drought Risk,Marathwada Latur 2016
2016-04-17,40.3,22.0,0.0,14.6,938.4,Drought Risk,Marathwada Latur 2016
2016-04-18,38.3,30.0,0.5,18.3,939.1,Drought Risk,Marathwada Latur 2016
2016-04-19,37.9,34.0,0.0,9.5,939.6,Low Risk,Marathwada Latur 2016
2016-04-20,39.8,27.0,0.0,9.8,940.6,Drought Risk,Marathwada Latur 2016
2016-04-21,40.6,24.0,0.0,12.6,939.3,Drought Risk,Marathwada Latur 2016
2016-04-22,40.6,20.0,0.0,20.7,938.8,Drought Risk,Marathwada Latur 2016
2016-04-23,39.7,24.0,0.0,16.1,937.5,Drought Risk,Marathwada Latur 2016
2016-04-24,39.9,22.0,0.0,16.0,936.8,Drought Risk,Marathwada Latur 2016
2016-04-25,40.4,24.0,0.0,14.8,937.5,Drought Risk,Marathwada Latur 2016
2016-04-26,40.9,20.0,0.0,16.6,939.3,Drought Risk,Marathwada Latur 2016
2016-04-27,40.3,27.0,0.5,15.3,938.9,Drought Risk,Marathwada Latur 2016
2016-04-28,39.7,28.0,1.6,10.0,938.6,Drought Risk,Marathwada Latur 2016
2016-04-29,38.8,32.0,1.9,16.2,939.0,Drought Risk,Marathwada Latur 2016
2016-04-30,39.4,34.0,1.6,16.3,939.1,Drought Risk,Marathwada Latur 2016
2016-05-01,38.9,33.0,0.3,9.4,938.3,Drought Risk,Marathwada Latur 2016
2016-05-02,39.0,27.0,0.0,11.4,938.5,Drought Risk,Marathwada Latur 2016
2016-05-03,40.0,30.0,1.7,12.9,938.1,Drought Risk,Marathwada Latur 2016
2016-05-04,38.8,40.0,2.1,13.4,938.4,Low Risk,Marathwada Latur 2016
2016-05-05,38.3,44.0,1.6,12.6,938.7,Drought Risk,Marathwada Latur 2016
2016-05-06,35.5,51.0,1.3,18.5,939.2,Low Risk,Marathwada Latur 2016
2016-05-07,36.9,40.0,0.0,11.9,938.3,Low Risk,Marathwada Latur 2016
2016-05-08,36.3,40.0,0.0,14.4,939.5,Low Risk,Marathwada Latur 2016
2016-05-09,36.8,41.0,1.1,9.2,939.7,Low Risk,Marathwada Latur 2016
2016-05-10,36.2,48.0,1.7,11.8,939.9,Low Risk,Marathwada Latur 2016
2016-05-11,37.2,42.0,1.1,13.1,939.2,Low Risk,Marathwada Latur 2016
2016-05-12,37.7,42.0,0.2,11.8,937.3,Low Risk,Marathwada Latur 2016
2016-05-13,39.4,38.0,0.0,14.6,937.2,Drought Risk,Marathwada Latur 2016
2016-05-14,39.5,36.0,0.0,13.0,938.2,Drought Risk,Marathwada Latur 2016
2016-05-15,39.6,32.0,0.0,10.7,938.2,Drought Risk,Marathwada Latur 2016
2016-05-16,39.2,37.0,0.0,12.8,936.3,Drought Risk,Marathwada Latur 2016
2016-05-17,40.7,34.0,0.0,14.8,934.3,Drought Risk,Marathwada Latur 2016
2016-05-18,40.6,36.0,0.0,18.6,932.7,Drought Risk,Marathwada Latur 2016
2016-05-19,40.1,42.0,0.0,23.0,931.8,Drought Risk,Marathwada Latur 2016
2016-05-20,39.8,41.0,0.0,23.8,932.7,Drought Risk,Marathwada Latur 2016
2016-05-21,40.1,41.0,0.0,24.2,935.0,Drought Risk,Marathwada Latur 2016
2016-05-22,40.0,38.0,0.0,24.1,936.7,Drought Risk,Marathwada Latur 2016
2016-05-23,38.4,43.0,0.0,24.1,937.6,Drought Risk,Marathwada Latur 2016
2016-05-24,38.6,41.0,0.0,23.9,937.3,Drought Risk,Marathwada Latur 2016
2016-05-25,38.5,42.0,0.0,21.1,936.8,Drought Risk,Marathwada Latur 2016
2016-05-26,38.2,44.0,0.0,19.9,937.3,Drought Risk,Marathwada Latur 2016
2016-05-27,38.4,42.0,0.0,19.6,938.0,Drought Risk,Marathwada Latur 2016
2016-05-28,38.4,41.0,0.0,18.8,937.7,Drought Risk,Marathwada Latur 2016
2016-05-29,38.4,39.0,0.0,19.1,937.0,Drought Risk,Marathwada Latur 2016
2016-05-30,37.3,41.0,0.0,18.1,936.6,Low Risk,Marathwada Latur 2016
2016-05-31,36.7,38.0,0.0,18.4,937.4,Low Risk,Marathwada Latur 2016
2016-06-01,38.0,40.0,0.1,17.8,937.7,Drought Risk,Marathwada Latur 2016
2016-06-02,37.8,45.0,0.4,17.7,937.4,Low Risk,Marathwada Latur 2016
2016-06-03,38.8,49.0,0.4,17.6,936.6,Low Risk,Marathwada Latur 2016
2016-06-04,36.8,57.0,1.8,20.3,936.3,Low Risk,Marathwada Latur 2016
2016-06-05,35.0,60.0,1.5,21.2,936.5,Low Risk,Marathwada Latur 2016
2016-06-06,32.8,73.0,7.5,14.7,936.1,Low Risk,Marathwada Latur 2016
2016-06-07,34.6,63.0,0.5,12.7,935.8,Low Risk,Marathwada Latur 2016
2016-06-08,33.3,60.0,1.7,13.3,935.6,Low Risk,Marathwada Latur 2016
2016-06-09,34.2,62.0,4.1,17.1,935.8,Low Risk,Marathwada Latur 2016
2016-06-10,32.0,65.0,0.2,18.4,936.1,Low Risk,Marathwada Latur 2016
2016-06-11,31.8,67.0,6.5,18.8,936.6,Low Risk,Marathwada Latur 2016
2016-06-12,33.1,65.0,1.1,20.3,936.8,Low Risk,Marathwada Latur 2016
2016-06-13,34.2,57.0,0.0,19.8,937.0,Low Risk,Marathwada Latur 2016
2016-06-14,34.5,55.0,0.0,22.7,936.4,Low Risk,Marathwada Latur 2016
2016-06-15,34.8,56.0,0.0,22.4,935.2,Low Risk,Marathwada Latur 2016
2019-05-01,39.7,24.0,0.0,23.2,949.4,Drought Risk,Marathwada Beed 2019
2019-05-02,39.1,26.0,0.0,23.0,949.2,Drought Risk,Marathwada Beed 2019
2019-05-03,37.6,28.0,0.0,21.7,950.4,Low Risk,Marathwada Beed 2019
2019-05-04,37.0,34.0,0.0,18.5,952.8,Low Risk,Marathwada Beed 2019
2019-05-05,38.3,34.0,0.0,21.1,954.4,Drought Risk,Marathwada Beed 2019
2019-05-06,38.5,28.0,0.0,23.9,952.8,Drought Risk,Marathwada Beed 2019
2019-05-07,39.1,25.0,0.0,30.7,951.8,Drought Risk,Marathwada Beed 2019
2019-05-08,38.4,32.0,0.0,29.0,952.5,Drought Risk,Marathwada Beed 2019
2019-05-09,37.3,36.0,0.0,24.8,952.2,Low Risk,Marathwada Beed 2019
2019-05-10,38.3,34.0,0.0,24.5,952.1,Drought Risk,Marathwada Beed 2019
2019-05-11,38.4,32.0,0.0,20.3,953.2,Drought Risk,Marathwada Beed 2019
2019-05-12,39.3,26.0,0.0,19.1,952.3,Drought Risk,Marathwada Beed 2019
2019-05-13,39.4,34.0,0.0,21.3,951.5,Drought Risk,Marathwada Beed 2019
2019-05-14,40.0,29.0,0.0,21.9,951.5,Drought Risk,Marathwada Beed 2019
2019-05-15,39.4,25.0,0.0,21.2,952.4,Drought Risk,Marathwada Beed 2019
2019-05-16,39.7,25.0,0.0,21.8,953.3,Drought Risk,Marathwada Beed 2019
2019-05-17,39.0,26.0,0.0,27.2,953.3,Drought Risk,Marathwada Beed 2019
2019-05-18,39.4,26.0,0.0,23.7,952.6,Drought Risk,Marathwada Beed 2019
2019-05-19,39.8,23.0,0.0,20.3,952.5,Drought Risk,Marathwada Beed 2019
2019-05-20,40.2,22.0,0.0,18.4,952.5,Drought Risk,Marathwada Beed 2019
2019-05-21,40.4,24.0,0.0,19.5,951.9,Drought Risk,Marathwada Beed 2019
2019-05-22,40.0,26.0,0.0,20.1,951.5,Drought Risk,Marathwada Beed 2019
2019-05-23,41.0,27.0,0.0,21.2,950.9,Drought Risk,Marathwada Beed 2019
2019-05-24,40.2,30.0,0.0,24.2,951.8,Drought Risk,Marathwada Beed 2019
2019-05-25,39.6,29.0,0.0,21.1,951.1,Drought Risk,Marathwada Beed 2019
2019-05-26,40.8,32.0,0.0,22.4,949.9,Drought Risk,Marathwada Beed 2019
2019-05-27,40.7,36.0,0.0,24.8,949.9,Drought Risk,Marathwada Beed 2019
2019-05-28,40.7,26.0,0.0,27.8,949.6,Drought Risk,Marathwada Beed 2019
2019-05-29,40.9,25.0,0.0,25.7,948.9,Drought Risk,Marathwada Beed 2019
2019-05-30,40.0,25.0,0.0,27.6,948.4,Drought Risk,Marathwada Beed 2019
2019-05-31,40.4,26.0,0.0,25.4,948.6,Drought Risk,Marathwada Beed 2019
2019-06-01,40.0,34.0,0.0,23.1,949.9,Drought Risk,Marathwada Beed 2019
2019-06-02,40.6,37.0,0.0,35.1,949.5,Drought Risk,Marathwada Beed 2019
2019-06-03,40.0,41.0,0.0,25.5,949.6,Drought Risk,Marathwada Beed 2019
2019-06-04,39.8,40.0,0.0,25.1,949.3,Drought Risk,Marathwada Beed 2019
2019-06-05,39.6,36.0,0.0,22.6,949.2,Drought Risk,Marathwada Beed 2019
2019-06-06,39.4,37.0,0.4,26.9,949.5,Drought Risk,Marathwada Beed 2019
2019-06-07,40.0,40.0,0.0,22.4,949.5,Drought Risk,Marathwada Beed 2019
2019-06-08,38.0,43.0,0.0,19.5,949.7,Drought Risk,Marathwada Beed 2019
2019-06-09,36.6,54.0,3.1,25.5,948.6,Low Risk,Marathwada Beed 2019
2019-06-10,35.8,58.0,6.3,25.7,947.5,Low Risk,Marathwada Beed 2019
2019-06-11,37.2,53.0,0.0,32.8,946.6,Low Risk,Marathwada Beed 2019
2019-06-12,34.7,56.0,2.2,35.4,946.7,Low Risk,Marathwada Beed 2019
2019-06-13,35.0,60.0,0.3,28.0,948.3,Low Risk,Marathwada Beed 2019
2019-06-14,34.5,57.0,0.9,28.0,948.6,Low Risk,Marathwada Beed 2019
2019-06-15,35.9,55.0,0.7,27.3,949.5,Low Risk,Marathwada Beed 2019
2019-05-01,42.3,17.0,0.0,20.1,971.9,Drought Risk,Bundelkhand Jhansi 2019
2019-05-02,41.4,20.0,0.0,13.0,971.9,Drought Risk,Bundelkhand Jhansi 2019
2019-05-03,39.5,32.0,0.0,23.6,973.7,Drought Risk,Bundelkhand Jhansi 2019
2019-05-04,38.1,35.0,0.0,12.3,977.0,Drought Risk,Bundelkhand Jhansi 2019
2019-05-05,39.5,24.0,0.0,18.5,978.0,Drought Risk,Bundelkhand Jhansi 2019
2019-05-06,41.5,18.0,0.0,20.2,976.0,Drought Risk,Bundelkhand Jhansi 2019
2019-05-07,42.0,16.0,0.0,23.5,974.8,Drought Risk,Bundelkhand Jhansi 2019
2019-05-08,42.3,16.0,0.0,25.1,974.8,Drought Risk,Bundelkhand Jhansi 2019
2019-05-09,41.6,16.0,0.0,26.4,974.4,Drought Risk,Bundelkhand Jhansi 2019
2019-05-10,41.8,17.0,0.0,21.4,974.9,Drought Risk,Bundelkhand Jhansi 2019
2019-05-11,39.8,24.0,0.0,19.4,976.4,Drought Risk,Bundelkhand Jhansi 2019
2019-05-12,38.8,28.0,0.0,15.9,976.1,Drought Risk,Bundelkhand Jhansi 2019
2019-05-13,39.8,33.0,0.0,25.9,975.2,Drought Risk,Bundelkhand Jhansi 2019
2019-05-14,37.6,35.0,0.0,16.7,975.3,Low Risk,Bundelkhand Jhansi 2019
2019-05-15,39.9,35.0,0.0,21.4,976.3,Drought Risk,Bundelkhand Jhansi 2019
2019-05-16,39.5,32.0,0.0,17.2,976.7,Drought Risk,Bundelkhand Jhansi 2019
2019-05-17,39.5,30.0,0.0,21.6,976.7,Drought Risk,Bundelkhand Jhansi 2019
2019-05-18,36.5,36.0,0.0,27.1,977.2,Low Risk,Bundelkhand Jhansi 2019
2019-05-19,38.2,35.0,0.0,14.0,977.6,Drought Risk,Bundelkhand Jhansi 2019
2019-05-20,40.5,26.0,0.0,14.2,977.9,Drought Risk,Bundelkhand Jhansi 2019
2019-05-21,41.7,26.0,0.0,13.8,976.5,Drought Risk,Bundelkhand Jhansi 2019
2019-05-22,40.3,30.0,0.0,14.9,974.8,Drought Risk,Bundelkhand Jhansi 2019
2019-05-23,41.2,31.0,0.0,10.5,973.9,Drought Risk,Bundelkhand Jhansi 2019
2019-05-24,42.1,30.0,0.0,18.6,974.1,Drought Risk,Bundelkhand Jhansi 2019
2019-05-25,40.1,31.0,0.0,18.4,974.9,Drought Risk,Bundelkhand Jhansi 2019
2019-05-26,41.7,26.0,0.0,16.9,974.0,Drought Risk,Bundelkhand Jhansi 2019
2019-05-27,42.7,24.0,0.0,13.5,973.4,Drought Risk,Bundelkhand Jhansi 2019
2019-05-28,42.6,21.0,0.0,15.5,973.1,Drought Risk,Bundelkhand Jhansi 2019
2019-05-29,43.7,19.0,0.0,11.5,972.2,Drought Risk,Bundelkhand Jhansi 2019
2019-05-30,43.6,19.0,0.0,18.0,971.3,Drought Risk,Bundelkhand Jhansi 2019
2019-05-31,43.8,19.0,0.0,18.3,971.4,Drought Risk,Bundelkhand Jhansi 2019
2019-06-01,44.6,21.0,0.0,14.6,971.5,Drought Risk,Bundelkhand Jhansi 2019
2019-06-02,45.0,22.0,0.0,18.5,970.9,Drought Risk,Bundelkhand Jhansi 2019
2019-06-03,44.6,30.0,0.0,17.0,971.0,Drought Risk,Bundelkhand Jhansi 2019
2019-06-04,43.5,33.0,0.0,18.0,971.3,Drought Risk,Bundelkhand Jhansi 2019
2019-06-05,45.1,24.0,0.0,23.0,971.2,Drought Risk,Bundelkhand Jhansi 2019
2019-06-06,44.7,24.0,0.0,14.9,971.4,Drought Risk,Bundelkhand Jhansi 2019
2019-06-07,43.0,31.0,0.0,17.2,973.3,Drought Risk,Bundelkhand Jhansi 2019
2019-06-08,42.6,29.0,0.0,12.8,972.9,Drought Risk,Bundelkhand Jhansi 2019
2019-06-09,45.3,22.0,0.0,16.0,970.6,Drought Risk,Bundelkhand Jhansi 2019
2019-06-10,45.9,18.0,0.0,12.9,968.0,Drought Risk,Bundelkhand Jhansi 2019
2019-06-11,45.4,17.0,0.0,16.8,967.9,Drought Risk,Bundelkhand Jhansi 2019
2019-06-12,42.3,34.0,0.0,18.0,969.4,Drought Risk,Bundelkhand Jhansi 2019
2019-06-13,38.8,45.0,1.2,13.4,971.4,Drought Risk,Bundelkhand Jhansi 2019
2019-06-14,39.2,44.0,0.0,17.7,970.6,Drought Risk,Bundelkhand Jhansi 2019
2019-06-15,42.7,39.0,0.0,25.4,970.6,Drought Risk,Bundelkhand Jhansi 2019
2018-05-01,37.4,48.0,0.0,20.6,989.6,Low Risk,Bundelkhand Banda 2018
2018-05-02,38.7,52.0,4.5,25.2,989.9,Low Risk,Bundelkhand Banda 2018
2018-05-03,37.0,58.0,5.0,28.7,992.0,Low Risk,Bundelkhand Banda 2018
2018-05-04,37.8,52.0,0.6,17.4,991.2,Low Risk,Bundelkhand Banda 2018
2018-05-05,40.7,50.0,0.1,16.1,990.5,Low Risk,Bundelkhand Banda 2018
2018-05-06,41.6,44.0,3.2,14.1,990.3,Low Risk,Bundelkhand Banda 2018
2018-05-07,40.0,39.0,0.1,20.1,989.0,Drought Risk,Bundelkhand Banda 2018
2018-05-08,41.0,32.0,0.0,22.9,988.0,Drought Risk,Bundelkhand Banda 2018
2018-05-09,39.7,29.0,0.0,18.0,991.1,Drought Risk,Bundelkhand Banda 2018
2018-05-10,40.9,26.0,0.0,18.4,992.4,Drought Risk,Bundelkhand Banda 2018
2018-05-11,42.9,26.0,0.0,21.0,990.1,Drought Risk,Bundelkhand Banda 2018
2018-05-12,42.6,29.0,1.4,17.9,989.1,Drought Risk,Bundelkhand Banda 2018
2018-05-13,42.0,44.0,3.7,31.6,988.6,Low Risk,Bundelkhand Banda 2018
2018-05-14,38.7,48.0,1.6,16.8,989.9,Low Risk,Bundelkhand Banda 2018
2018-05-15,39.8,45.0,0.0,11.7,989.0,Drought Risk,Bundelkhand Banda 2018
2018-05-16,41.5,44.0,0.1,14.0,987.6,Drought Risk,Bundelkhand Banda 2018
2018-05-17,41.4,43.0,0.0,17.3,988.0,Drought Risk,Bundelkhand Banda 2018
2018-05-18,41.9,43.0,0.0,22.1,987.1,Drought Risk,Bundelkhand Banda 2018
2018-05-19,41.8,41.0,0.1,15.4,987.2,Drought Risk,Bundelkhand Banda 2018
2018-05-20,41.7,35.0,0.0,13.0,987.9,Drought Risk,Bundelkhand Banda 2018
2018-05-21,42.6,30.0,0.0,15.6,988.2,Drought Risk,Bundelkhand Banda 2018
2018-05-22,44.1,22.0,0.0,14.1,987.8,Drought Risk,Bundelkhand Banda 2018
2018-05-23,43.9,27.0,0.0,20.2,986.6,Drought Risk,Bundelkhand Banda 2018
2018-05-24,43.8,39.0,0.0,30.3,985.1,Drought Risk,Bundelkhand Banda 2018
2018-05-25,42.9,36.0,0.0,18.9,986.2,Drought Risk,Bundelkhand Banda 2018
2018-05-26,43.7,23.0,0.0,13.0,985.7,Drought Risk,Bundelkhand Banda 2018
2018-05-27,44.3,26.0,0.0,22.5,984.8,Drought Risk,Bundelkhand Banda 2018
2018-05-28,45.0,30.0,0.0,23.0,982.8,Drought Risk,Bundelkhand Banda 2018
2018-05-29,43.7,36.0,0.0,21.1,983.1,Drought Risk,Bundelkhand Banda 2018
2018-05-30,42.6,44.0,0.8,17.9,983.9,Drought Risk,Bundelkhand Banda 2018
2018-05-31,39.9,44.0,2.0,17.4,986.5,Drought Risk,Bundelkhand Banda 2018
2018-06-01,40.0,47.0,0.9,17.1,987.8,Low Risk,Bundelkhand Banda 2018
2018-06-02,40.3,50.0,0.9,18.4,987.8,Low Risk,Bundelkhand Banda 2018
2018-06-03,39.7,48.0,0.1,19.9,985.3,Low Risk,Bundelkhand Banda 2018
2018-06-04,39.3,46.0,1.5,18.3,984.9,Low Risk,Bundelkhand Banda 2018
2018-06-05,41.0,44.0,0.0,21.4,986.2,Drought Risk,Bundelkhand Banda 2018
2018-06-06,41.9,40.0,0.0,19.4,986.7,Drought Risk,Bundelkhand Banda 2018
2018-06-07,40.9,47.0,0.2,10.9,984.0,Low Risk,Bundelkhand Banda 2018
2018-06-08,40.8,49.0,1.3,19.6,981.4,Low Risk,Bundelkhand Banda 2018
2018-06-09,37.7,60.0,6.3,11.7,980.3,Low Risk,Bundelkhand Banda 2018
2018-06-10,37.1,63.0,7.2,16.7,981.0,Low Risk,Bundelkhand Banda 2018
2018-06-11,39.8,52.0,0.7,17.0,979.5,Low Risk,Bundelkhand Banda 2018
2018-06-12,42.9,38.0,0.0,23.4,977.9,Drought Risk,Bundelkhand Banda 2018
2018-06-13,42.0,37.0,1.4,26.7,978.4,Drought Risk,Bundelkhand Banda 2018
2018-06-14,41.4,31.0,0.0,31.7,980.4,Drought Risk,Bundelkhand Banda 2018
2018-06-15,40.8,31.0,0.0,26.3,982.7,Drought Risk,Bundelkhand Banda 2018
2018-05-01,43.1,31.0,0.0,35.3,979.6,Drought Risk,Thar Desert Barmer 2018
2018-05-02,42.3,36.0,0.0,28.5,980.1,Drought Risk,Thar Desert Barmer 2018
2018-05-03,40.6,41.0,0.0,25.5,980.7,Drought Risk,Thar Desert Barmer 2018
2018-05-04,42.0,33.0,0.0,27.4,981.4,Drought Risk,Thar Desert Barmer 2018
2018-05-05,42.2,21.0,0.0,26.3,981.8,Drought Risk,Thar Desert Barmer 2018
2018-05-06,40.0,24.0,0.0,33.9,982.6,Drought Risk,Thar Desert Barmer 2018
2018-05-07,38.7,42.0,0.0,24.9,981.8,Drought Risk,Thar Desert Barmer 2018
2018-05-08,38.4,40.0,0.1,28.3,981.3,Drought Risk,Thar Desert Barmer 2018
2018-05-09,40.3,39.0,0.0,25.9,982.1,Drought Risk,Thar Desert Barmer 2018
2018-05-10,41.7,35.0,0.0,24.2,983.6,Drought Risk,Thar Desert Barmer 2018
2018-05-11,42.2,30.0,0.0,27.7,982.1,Drought Risk,Thar Desert Barmer 2018
2018-05-12,40.3,35.0,0.0,28.8,981.4,Drought Risk,Thar Desert Barmer 2018
2018-05-13,41.8,36.0,0.0,28.6,981.1,Drought Risk,Thar Desert Barmer 2018
2018-05-14,42.2,32.0,0.0,25.7,981.3,Drought Risk,Thar Desert Barmer 2018
2018-05-15,42.0,32.0,0.1,24.6,980.4,Drought Risk,Thar Desert Barmer 2018
2018-05-16,42.1,35.0,0.0,27.7,979.6,Drought Risk,Thar Desert Barmer 2018
2018-05-17,41.7,31.0,0.1,21.3,979.2,Drought Risk,Thar Desert Barmer 2018
2018-05-18,41.6,21.0,0.0,27.4,978.8,Drought Risk,Thar Desert Barmer 2018
2018-05-19,41.8,24.0,0.0,22.2,979.0,Drought Risk,Thar Desert Barmer 2018
2018-05-20,42.0,18.0,0.0,19.8,979.7,Drought Risk,Thar Desert Barmer 2018
2018-05-21,43.1,15.0,0.0,21.7,979.3,Drought Risk,Thar Desert Barmer 2018
2018-05-22,43.0,15.0,0.0,22.9,980.0,Drought Risk,Thar Desert Barmer 2018
2018-05-23,42.7,13.0,0.0,20.6,980.5,Drought Risk,Thar Desert Barmer 2018
2018-05-24,41.8,12.0,0.0,25.2,979.6,Drought Risk,Thar Desert Barmer 2018
2018-05-25,41.7,32.0,0.0,26.8,979.5,Drought Risk,Thar Desert Barmer 2018
2018-05-26,44.2,19.0,0.0,24.9,978.4,Drought Risk,Thar Desert Barmer 2018
2018-05-27,44.1,24.0,0.0,28.8,978.0,Drought Risk,Thar Desert Barmer 2018
2018-05-28,43.7,30.0,0.0,26.3,976.1,Drought Risk,Thar Desert Barmer 2018
2018-05-29,41.9,40.0,0.0,29.5,974.6,Drought Risk,Thar Desert Barmer 2018
2018-05-30,41.8,46.0,0.0,28.3,975.1,Low Risk,Thar Desert Barmer 2018
2018-05-31,43.8,32.0,0.0,25.6,977.0,Drought Risk,Thar Desert Barmer 2018
2018-06-01,42.4,30.0,0.0,29.0,978.9,Drought Risk,Thar Desert Barmer 2018
2018-06-02,42.8,33.0,0.0,30.1,979.5,Drought Risk,Thar Desert Barmer 2018
2018-06-03,42.2,39.0,0.0,30.6,978.4,Drought Risk,Thar Desert Barmer 2018
2018-06-04,42.1,46.0,0.0,31.1,976.7,Low Risk,Thar Desert Barmer 2018
2018-06-05,42.9,45.0,0.0,28.6,978.0,Drought Risk,Thar Desert Barmer 2018
2018-06-06,42.5,43.0,0.0,27.7,979.3,Drought Risk,Thar Desert Barmer 2018
2018-06-07,42.6,46.0,0.0,34.7,976.1,Low Risk,Thar Desert Barmer 2018
2018-06-08,40.6,52.0,0.0,34.2,973.4,Low Risk,Thar Desert Barmer 2018
2018-06-09,40.5,54.0,0.0,31.1,971.6,Low Risk,Thar Desert Barmer 2018
2018-06-10,40.1,49.0,0.0,35.2,972.7,Low Risk,Thar Desert Barmer 2018
2018-06-11,42.4,51.0,0.0,37.4,973.2,Low Risk,Thar Desert Barmer 2018
2018-06-12,40.5,54.0,0.0,41.6,972.3,Low Risk,Thar Desert Barmer 2018
2018-06-13,39.4,54.0,0.0,42.9,972.7,Low Risk,Thar Desert Barmer 2018
2018-06-14,38.4,53.0,0.0,49.4,973.9,Low Risk,Thar Desert Barmer 2018
2018-06-15,38.0,54.0,0.0,47.5,974.6,Low Risk,Thar Desert Barmer 2018
2019-05-15,35.7,44.0,0.7,27.5,979.0,Low Risk,Thar Desert Jaisalmer 2019
2019-05-16,36.3,47.0,0.0,42.4,980.3,Low Risk,Thar Desert Jaisalmer 2019
2019-05-17,32.3,55.0,1.7,23.4,980.5,Low Risk,Thar Desert Jaisalmer 2019
2019-05-18,37.4,37.0,0.0,17.4,980.2,Low Risk,Thar Desert Jaisalmer 2019
2019-05-19,38.7,34.0,0.0,24.1,980.0,Drought Risk,Thar Desert Jaisalmer 2019
2019-05-20,38.0,42.0,0.0,23.1,980.7,Drought Risk,Thar Desert Jaisalmer 2019
2019-05-21,39.5,33.0,0.3,23.6,979.7,Drought Risk,Thar Desert Jaisalmer 2019
2019-05-22,39.9,30.0,0.0,23.7,978.0,Drought Risk,Thar Desert Jaisalmer 2019
2019-05-23,39.4,32.0,0.0,20.9,977.0,Drought Risk,Thar Desert Jaisalmer 2019
2019-05-24,38.8,32.0,0.0,19.3,978.7,Drought Risk,Thar Desert Jaisalmer 2019
2019-05-25,40.5,25.0,0.0,18.1,978.3,Drought Risk,Thar Desert Jaisalmer 2019
2019-05-26,41.4,22.0,0.0,21.6,976.4,Drought Risk,Thar Desert Jaisalmer 2019
2019-05-27,42.0,26.0,0.0,20.2,976.4,Drought Risk,Thar Desert Jaisalmer 2019
2019-05-28,42.1,25.0,0.0,21.3,976.3,Drought Risk,Thar Desert Jaisalmer 2019
2019-05-29,43.6,27.0,0.0,24.2,975.1,Drought Risk,Thar Desert Jaisalmer 2019
2019-05-30,43.0,31.0,0.0,26.0,974.3,Drought Risk,Thar Desert Jaisalmer 2019
2019-05-31,44.2,29.0,0.0,41.9,974.2,Drought Risk,Thar Desert Jaisalmer 2019
2019-06-01,43.9,29.0,0.0,27.0,974.9,Drought Risk,Thar Desert Jaisalmer 2019
2019-06-02,45.1,27.0,0.0,27.3,974.7,Drought Risk,Thar Desert Jaisalmer 2019
2019-06-03,45.0,29.0,0.0,28.3,974.1,Drought Risk,Thar Desert Jaisalmer 2019
2019-06-04,42.6,40.0,0.0,35.6,974.3,Drought Risk,Thar Desert Jaisalmer 2019
2019-06-05,41.8,40.0,0.2,28.1,975.2,Drought Risk,Thar Desert Jaisalmer 2019
2019-06-06,43.0,30.0,0.0,21.6,975.4,Drought Risk,Thar Desert Jaisalmer 2019
2019-06-07,43.5,16.0,0.0,16.6,976.4,Drought Risk,Thar Desert Jaisalmer 2019
2019-06-08,44.1,18.0,0.0,15.5,975.5,Drought Risk,Thar Desert Jaisalmer 2019
2019-06-09,44.4,26.0,0.0,25.7,973.5,Drought Risk,Thar Desert Jaisalmer 2019
2019-06-10,43.2,29.0,0.0,25.3,972.1,Drought Risk,Thar Desert Jaisalmer 2019
2019-06-11,41.8,45.0,0.0,34.3,970.7,Drought Risk,Thar Desert Jaisalmer 2019
2019-06-12,43.8,38.0,0.0,28.4,970.8,Drought Risk,Thar Desert Jaisalmer 2019
2019-06-13,39.6,42.0,0.0,28.9,973.5,Drought Risk,Thar Desert Jaisalmer 2019
2019-06-14,38.5,43.0,0.0,30.6,974.3,Drought Risk,Thar Desert Jaisalmer 2019
2019-06-15,39.3,45.0,0.0,36.0,973.8,Drought Risk,Thar Desert Jaisalmer 2019
2019-06-16,38.5,48.0,0.0,34.0,974.6,Low Risk,Thar Desert Jaisalmer 2019
2019-06-17,38.5,51.0,0.0,38.6,974.2,Low Risk,Thar Desert Jaisalmer 2019
2019-06-18,36.1,59.0,0.3,29.7,972.2,Low Risk,Thar Desert Jaisalmer 2019
2019-06-19,37.0,64.0,3.9,24.9,973.2,Low Risk,Thar Desert Jaisalmer 2019
2019-06-20,39.5,50.0,0.0,24.7,974.4,Low Risk,Thar Desert Jaisalmer 2019
2019-06-21,37.5,55.0,2.6,21.4,975.5,Low Risk,Thar Desert Jaisalmer 2019
2019-06-22,40.5,43.0,0.0,20.8,974.9,Drought Risk,Thar Desert Jaisalmer 2019
2019-06-23,41.2,40.0,0.0,22.1,973.8,Drought Risk,Thar Desert Jaisalmer 2019
2019-06-24,36.9,45.0,0.2,25.4,975.6,Low Risk,Thar Desert Jaisalmer 2019
2019-06-25,38.2,48.0,0.1,22.6,976.6,Low Risk,Thar Desert Jaisalmer 2019
2019-06-26,40.3,41.0,0.0,24.6,974.8,Drought Risk,Thar Desert Jaisalmer 2019
2019-06-27,40.7,45.0,0.0,31.6,971.9,Drought Risk,Thar Desert Jaisalmer 2019
2019-06-28,40.6,50.0,0.0,34.1,970.8,Low Risk,Thar Desert Jaisalmer 2019
2019-06-29,40.6,48.0,0.0,32.5,970.5,Low Risk,Thar Desert Jaisalmer 2019
2019-06-30,40.9,49.0,0.0,36.9,970.7,Low Risk,Thar Desert Jaisalmer 2019
2016-05-01,42.3,19.0,0.0,14.0,971.6,Drought Risk,Vidarbha Nagpur 2016
2016-05-02,42.5,20.0,0.0,18.0,972.1,Drought Risk,Vidarbha Nagpur 2016
2016-05-03,41.0,29.0,1.0,14.7,972.3,Drought Risk,Vidarbha Nagpur 2016
2016-05-04,40.2,40.0,2.3,12.3,973.2,Low Risk,Vidarbha Nagpur 2016
2016-05-05,38.2,42.0,1.9,16.4,974.7,Drought Risk,Vidarbha Nagpur 2016
2016-05-06,35.7,53.0,0.5,19.8,974.7,Low Risk,Vidarbha Nagpur 2016
2016-05-07,36.8,46.0,0.0,7.5,973.8,Low Risk,Vidarbha Nagpur 2016
2016-05-08,37.8,43.0,0.3,16.3,974.4,Low Risk,Vidarbha Nagpur 2016
2016-05-09,38.4,45.0,0.0,9.9,974.3,Drought Risk,Vidarbha Nagpur 2016
2016-05-10,38.8,42.0,0.0,13.1,974.4,Drought Risk,Vidarbha Nagpur 2016
2016-05-11,40.1,40.0,0.1,11.5,973.0,Drought Risk,Vidarbha Nagpur 2016
2016-05-12,41.5,34.0,0.0,9.8,970.7,Drought Risk,Vidarbha Nagpur 2016
2016-05-13,42.7,27.0,0.0,12.2,970.1,Drought Risk,Vidarbha Nagpur 2016
2016-05-14,42.9,24.0,0.0,10.0,971.1,Drought Risk,Vidarbha Nagpur 2016
2016-05-15,43.2,27.0,0.0,12.8,971.6,Drought Risk,Vidarbha Nagpur 2016
2016-05-16,43.0,27.0,0.0,12.8,969.6,Drought Risk,Vidarbha Nagpur 2016
2016-05-17,43.1,28.0,0.0,13.4,967.7,Drought Risk,Vidarbha Nagpur 2016
2016-05-18,42.0,36.0,0.0,16.7,966.7,Drought Risk,Vidarbha Nagpur 2016
2016-05-19,41.1,38.0,0.0,12.0,966.1,Drought Risk,Vidarbha Nagpur 2016
2016-05-20,42.9,34.0,0.0,13.8,964.7,Drought Risk,Vidarbha Nagpur 2016
2016-05-21,43.8,28.0,0.0,23.0,965.7,Drought Risk,Vidarbha Nagpur 2016
2016-05-22,43.0,28.0,0.0,23.8,967.8,Drought Risk,Vidarbha Nagpur 2016
2016-05-23,41.9,30.0,0.0,23.8,968.8,Drought Risk,Vidarbha Nagpur 2016
2016-05-24,41.7,31.0,0.0,19.0,969.2,Drought Risk,Vidarbha Nagpur 2016
2016-05-25,41.9,29.0,0.0,23.5,968.6,Drought Risk,Vidarbha Nagpur 2016
2016-05-26,41.1,33.0,0.0,18.4,969.6,Drought Risk,Vidarbha Nagpur 2016
2016-05-27,41.8,32.0,0.0,20.9,970.0,Drought Risk,Vidarbha Nagpur 2016
2016-05-28,42.1,29.0,0.0,20.5,969.8,Drought Risk,Vidarbha Nagpur 2016
2016-05-29,40.9,30.0,0.0,16.0,969.4,Drought Risk,Vidarbha Nagpur 2016
2016-05-30,40.3,33.0,0.0,13.8,969.5,Drought Risk,Vidarbha Nagpur 2016
2016-05-31,39.9,36.0,0.0,9.8,970.3,Drought Risk,Vidarbha Nagpur 2016
2016-06-01,41.1,30.0,0.0,16.9,970.2,Drought Risk,Vidarbha Nagpur 2016
2016-06-02,41.3,28.0,0.0,16.1,969.3,Drought Risk,Vidarbha Nagpur 2016
2016-06-03,42.6,26.0,0.0,17.2,968.5,Drought Risk,Vidarbha Nagpur 2016
2016-06-04,42.2,35.0,0.0,16.1,968.5,Drought Risk,Vidarbha Nagpur 2016
2016-06-05,41.1,45.0,0.0,16.9,969.7,Drought Risk,Vidarbha Nagpur 2016
2016-06-06,40.6,47.0,0.0,9.2,969.8,Low Risk,Vidarbha Nagpur 2016
2016-06-07,40.7,46.0,0.4,14.7,969.4,Low Risk,Vidarbha Nagpur 2016
2016-06-08,39.9,44.0,0.2,15.6,968.8,Drought Risk,Vidarbha Nagpur 2016
2016-06-09,38.3,50.0,0.2,15.0,968.9,Low Risk,Vidarbha Nagpur 2016
2016-06-10,40.1,50.0,0.0,16.4,968.9,Low Risk,Vidarbha Nagpur 2016
2017-03-15,35.4,48.0,0.5,19.4,972.2,Low Risk,Rayalaseema Anantapur 2017
2017-03-16,33.9,50.0,0.6,12.8,972.4,Low Risk,Rayalaseema Anantapur 2017
2017-03-17,36.1,44.0,0.3,14.9,971.3,Low Risk,Rayalaseema Anantapur 2017
2017-03-18,38.5,32.0,0.0,15.1,971.5,Drought Risk,Rayalaseema Anantapur 2017
2017-03-19,39.0,29.0,0.0,20.3,971.8,Drought Risk,Rayalaseema Anantapur 2017
2017-03-20,37.3,34.0,0.0,22.2,971.4,Low Risk,Rayalaseema Anantapur 2017
2017-03-21,37.3,37.0,0.1,16.5,972.5,Low Risk,Rayalaseema Anantapur 2017
2017-03-22,37.5,36.0,0.0,22.7,972.4,Low Risk,Rayalaseema Anantapur 2017
2017-03-23,38.2,33.0,0.0,19.3,971.7,Drought Risk,Rayalaseema Anantapur 2017
2017-03-24,39.5,28.0,0.0,16.0,971.4,Drought Risk,Rayalaseema Anantapur 2017
2017-03-25,39.7,25.0,0.0,17.9,971.5,Drought Risk,Rayalaseema Anantapur 2017
2017-03-26,40.1,26.0,0.0,21.3,971.8,Drought Risk,Rayalaseema Anantapur 2017
2017-03-27,40.4,25.0,0.0,21.7,971.9,Drought Risk,Rayalaseema Anantapur 2017
2017-03-28,40.0,25.0,0.0,20.2,972.1,Drought Risk,Rayalaseema Anantapur 2017
2017-03-29,40.5,26.0,0.0,17.9,971.2,Drought Risk,Rayalaseema Anantapur 2017
2017-03-30,40.4,31.0,0.0,19.9,971.6,Drought Risk,Rayalaseema Anantapur 2017
2017-03-31,41.0,25.0,0.0,20.0,971.8,Drought Risk,Rayalaseema Anantapur 2017
2017-04-01,40.9,27.0,0.0,14.8,970.8,Drought Risk,Rayalaseema Anantapur 2017
2017-04-02,37.7,32.0,0.1,14.0,970.0,Low Risk,Rayalaseema Anantapur 2017
2017-04-03,39.0,28.0,0.5,15.6,970.4,Drought Risk,Rayalaseema Anantapur 2017
2017-04-04,38.6,33.0,0.0,17.7,970.7,Drought Risk,Rayalaseema Anantapur 2017
2017-04-05,38.6,33.0,0.0,14.8,970.2,Drought Risk,Rayalaseema Anantapur 2017
2017-04-06,39.1,35.0,0.0,17.4,969.3,Drought Risk,Rayalaseema Anantapur 2017
2017-04-07,38.9,33.0,0.0,20.6,969.5,Drought Risk,Rayalaseema Anantapur 2017
2017-04-08,40.7,33.0,0.0,18.7,969.3,Drought Risk,Rayalaseema Anantapur 2017
2017-04-09,39.7,33.0,0.2,16.3,969.3,Drought Risk,Rayalaseema Anantapur 2017
2017-04-10,40.0,28.0,0.0,22.1,968.6,Drought Risk,Rayalaseema Anantapur 2017
2017-04-11,39.3,31.0,0.0,21.7,968.7,Drought Risk,Rayalaseema Anantapur 2017
2017-04-12,40.9,26.0,0.0,16.6,969.3,Drought Risk,Rayalaseema Anantapur 2017
2017-04-13,40.6,30.0,0.0,16.2,969.6,Drought Risk,Rayalaseema Anantapur 2017
2017-04-14,40.4,24.0,0.0,14.0,968.9,Drought Risk,Rayalaseema Anantapur 2017
2017-04-15,39.8,32.0,0.0,19.6,967.6,Drought Risk,Rayalaseema Anantapur 2017
2017-04-16,40.8,29.0,0.0,22.4,967.3,Drought Risk,Rayalaseema Anantapur 2017
2017-04-17,40.3,35.0,0.0,21.6,968.8,Drought Risk,Rayalaseema Anantapur 2017
2017-04-18,40.5,34.0,0.0,20.5,968.5,Drought Risk,Rayalaseema Anantapur 2017
2017-04-19,39.7,38.0,0.0,20.1,968.3,Drought Risk,Rayalaseema Anantapur 2017
2017-04-20,39.8,37.0,0.0,22.7,968.1,Drought Risk,Rayalaseema Anantapur 2017
2017-04-21,38.9,39.0,0.0,23.0,969.0,Drought Risk,Rayalaseema Anantapur 2017
2017-04-22,40.0,36.0,0.0,20.3,969.2,Drought Risk,Rayalaseema Anantapur 2017
2017-04-23,40.5,31.0,0.0,20.0,969.1,Drought Risk,Rayalaseema Anantapur 2017
2017-04-24,41.2,28.0,0.0,22.2,969.0,Drought Risk,Rayalaseema Anantapur 2017
2017-04-25,40.6,27.0,0.0,18.2,969.4,Drought Risk,Rayalaseema Anantapur 2017
2017-04-26,39.8,30.0,2.5,18.8,969.5,Low Risk,Rayalaseema Anantapur 2017
2017-04-27,39.4,31.0,0.0,18.8,969.9,Drought Risk,Rayalaseema Anantapur 2017
2017-04-28,39.3,30.0,0.4,15.0,970.2,Drought Risk,Rayalaseema Anantapur 2017
2017-04-29,38.5,32.0,0.8,17.0,970.3,Drought Risk,Rayalaseema Anantapur 2017
2017-04-30,38.8,28.0,0.0,20.1,970.1,Drought Risk,Rayalaseema Anantapur 2017
2017-05-01,39.3,31.0,1.3,19.1,970.1,Drought Risk,Rayalaseema Anantapur 2017
2017-05-02,37.8,36.0,0.5,20.7,971.2,Low Risk,Rayalaseema Anantapur 2017
2017-05-03,38.9,35.0,0.0,16.9,970.8,Drought Risk,Rayalaseema Anantapur 2017
2017-05-04,39.5,33.0,0.1,16.5,970.6,Drought Risk,Rayalaseema Anantapur 2017
2017-05-05,40.5,34.0,0.0,16.3,970.0,Drought Risk,Rayalaseema Anantapur 2017
2017-05-06,39.5,36.0,4.3,14.2,970.7,Low Risk,Rayalaseema Anantapur 2017
2017-05-07,39.4,40.0,0.3,24.2,971.6,Drought Risk,Rayalaseema Anantapur 2017
2017-05-08,39.3,35.0,0.0,17.7,970.1,Drought Risk,Rayalaseema Anantapur 2017
2017-05-09,38.7,44.0,4.2,17.3,969.2,Low Risk,Rayalaseema Anantapur 2017
2017-05-10,38.6,44.0,0.0,16.9,969.2,Drought Risk,Rayalaseema Anantapur 2017
2017-05-11,38.0,39.0,0.4,16.1,969.3,Drought Risk,Rayalaseema Anantapur 2017
2017-05-12,38.2,40.0,0.0,19.7,969.2,Drought Risk,Rayalaseema Anantapur 2017
2017-05-13,39.5,36.0,0.0,16.4,968.3,Drought Risk,Rayalaseema Anantapur 2017
2017-05-14,39.7,42.0,2.8,27.5,967.8,Low Risk,Rayalaseema Anantapur 2017
2017-05-15,40.6,49.0,0.6,26.3,967.6,Low Risk,Rayalaseema Anantapur 2017
2017-05-16,41.0,41.0,0.3,24.9,966.3,Drought Risk,Rayalaseema Anantapur 2017
2017-05-17,40.9,42.0,0.3,26.3,966.7,Drought Risk,Rayalaseema Anantapur 2017
2017-05-18,40.8,43.0,1.8,21.3,967.6,Drought Risk,Rayalaseema Anantapur 2017
2017-05-19,39.7,44.0,0.0,25.9,969.0,Drought Risk,Rayalaseema Anantapur 2017
2017-05-20,39.0,40.0,0.5,23.0,967.7,Drought Risk,Rayalaseema Anantapur 2017
2017-05-21,39.6,42.0,0.0,26.5,967.1,Drought Risk,Rayalaseema Anantapur 2017
2017-05-22,38.1,38.0,0.2,20.7,967.2,Drought Risk,Rayalaseema Anantapur 2017
2017-05-23,38.8,47.0,0.2,21.3,967.4,Low Risk,Rayalaseema Anantapur 2017
2017-05-24,39.6,48.0,0.0,21.9,966.4,Low Risk,Rayalaseema Anantapur 2017
2017-05-25,40.5,41.0,0.0,21.3,965.8,Drought Risk,Rayalaseema Anantapur 2017
2017-05-26,37.1,48.0,2.0,23.3,966.0,Low Risk,Rayalaseema Anantapur 2017
2017-05-27,39.7,50.0,1.0,25.3,965.9,Low Risk,Rayalaseema Anantapur 2017
2017-05-28,39.3,47.0,0.5,28.8,966.0,Low Risk,Rayalaseema Anantapur 2017
2017-05-29,38.5,48.0,0.3,32.0,966.0,Low Risk,Rayalaseema Anantapur 2017
2017-05-30,37.2,47.0,0.1,29.9,965.7,Low Risk,Rayalaseema Anantapur 2017
2023-01-01,19.5,59.0,0.0,11.1,970.0,Low Risk,Jaipur (Rajasthan)
2023-01-02,19.0,70.0,0.0,10.5,970.5,Low Risk,Jaipur (Rajasthan)
2023-01-03,19.4,69.0,0.0,9.4,971.4,Low Risk,Jaipur (Rajasthan)
2023-01-04,18.4,62.0,0.0,12.8,971.9,Low Risk,Jaipur (Rajasthan)
2023-01-05,18.7,69.0,0.0,10.1,972.5,Low Risk,Jaipur (Rajasthan)
2023-01-06,18.3,72.0,0.0,10.2,972.9,Low Risk,Jaipur (Rajasthan)
2023-01-07,19.9,70.0,0.0,8.7,971.2,Low Risk,Jaipur (Rajasthan)
2023-01-08,22.8,62.0,0.0,10.7,969.1,Low Risk,Jaipur (Rajasthan)
2023-01-09,23.4,70.0,0.0,10.1,969.9,Low Risk,Jaipur (Rajasthan)
2023-01-10,23.6,66.0,0.0,10.8,969.0,Low Risk,Jaipur (Rajasthan)
2023-01-11,23.1,65.0,0.0,14.3,964.6,Low Risk,Jaipur (Rajasthan)
2023-01-12,23.4,70.0,0.0,12.1,962.2,Low Risk,Jaipur (Rajasthan)
2023-01-13,23.1,65.0,0.0,17.9,963.4,Low Risk,Jaipur (Rajasthan)
2023-01-14,17.8,56.0,0.0,14.4,967.2,Low Risk,Jaipur (Rajasthan)
2023-01-15,16.4,47.0,0.0,11.4,966.0,Low Risk,Jaipur (Rajasthan)
2023-01-16,17.8,38.0,0.0,10.5,966.4,Low Risk,Jaipur (Rajasthan)
2023-01-17,18.1,43.0,0.0,9.2,967.2,Low Risk,Jaipur (Rajasthan)
2023-01-18,18.7,43.0,0.0,10.4,968.6,Low Risk,Jaipur (Rajasthan)
2023-01-19,19.9,47.0,0.0,12.6,968.4,Low Risk,Jaipur (Rajasthan)
2023-01-20,20.3,58.0,0.0,17.6,966.7,Low Risk,Jaipur (Rajasthan)
2023-01-21,21.4,60.0,0.0,13.7,966.5,Low Risk,Jaipur (Rajasthan)
2023-01-22,20.4,65.0,0.8,15.8,965.6,Low Risk,Jaipur (Rajasthan)
2023-01-23,21.9,69.0,0.8,14.8,965.3,Low Risk,Jaipur (Rajasthan)
2023-01-24,22.4,80.0,0.1,14.0,964.1,Low Risk,Jaipur (Rajasthan)
2023-01-25,20.8,68.0,0.0,14.4,965.9,Low Risk,Jaipur (Rajasthan)
2023-01-26,20.2,50.0,0.0,15.7,968.5,Low Risk,Jaipur (Rajasthan)
2023-01-27,20.7,49.0,0.0,14.6,968.7,Low Risk,Jaipur (Rajasthan)
2023-01-28,21.8,44.0,0.0,12.6,965.6,Low Risk,Jaipur (Rajasthan)
2023-01-29,18.9,79.0,15.6,22.7,963.8,Low Risk,Jaipur (Rajasthan)
2023-01-30,19.7,84.0,9.7,20.2,967.1,Low Risk,Jaipur (Rajasthan)
2023-01-31,20.7,76.0,0.0,14.1,969.4,Low Risk,Jaipur (Rajasthan)
2023-02-01,21.5,69.0,0.0,17.4,968.8,Low Risk,Jaipur (Rajasthan)
2023-02-02,23.1,60.0,0.0,12.3,967.6,Low Risk,Jaipur (Rajasthan)
2023-02-03,24.0,54.0,0.0,11.3,967.3,Low Risk,Jaipur (Rajasthan)
2023-02-04,24.7,55.0,0.0,11.4,965.3,Low Risk,Jaipur (Rajasthan)
2023-02-05,25.3,54.0,0.0,11.9,963.8,Low Risk,Jaipur (Rajasthan)
2023-02-06,26.3,60.0,0.0,13.0,963.0,Low Risk,Jaipur (Rajasthan)
2023-02-07,25.1,51.0,0.0,17.3,963.6,Low Risk,Jaipur (Rajasthan)
2023-02-08,25.1,47.0,0.0,11.2,965.1,Low Risk,Jaipur (Rajasthan)
2023-02-09,26.0,50.0,0.0,16.5,963.9,Low Risk,Jaipur (Rajasthan)
2023-02-10,28.2,50.0,0.0,20.1,962.6,Low Risk,Jaipur (Rajasthan)
2023-02-11,27.4,46.0,0.0,13.9,965.2,Low Risk,Jaipur (Rajasthan)
2023-02-12,24.7,32.0,0.0,22.8,968.8,Low Risk,Jaipur (Rajasthan)
2023-02-13,23.9,28.0,0.0,16.9,968.2,Low Risk,Jaipur (Rajasthan)
2023-02-14,26.8,27.0,0.0,12.6,967.2,Low Risk,Jaipur (Rajasthan)
2023-02-15,29.5,30.0,0.0,16.7,965.2,Low Risk,Jaipur (Rajasthan)
2023-02-16,30.4,40.0,0.0,11.0,965.9,Low Risk,Jaipur (Rajasthan)
2023-02-17,29.7,55.0,0.0,9.2,967.0,Low Risk,Jaipur (Rajasthan)
2023-02-18,29.9,59.0,0.0,11.9,966.4,Low Risk,Jaipur (Rajasthan)
2023-02-19,29.4,55.0,0.0,11.9,965.6,Low Risk,Jaipur (Rajasthan)
2023-02-20,31.5,49.0,0.0,14.2,963.2,Low Risk,Jaipur (Rajasthan)
2023-02-21,31.0,33.0,0.0,15.6,963.1,Low Risk,Jaipur (Rajasthan)
2023-02-22,30.0,40.0,0.0,13.4,963.9,Low Risk,Jaipur (Rajasthan)
2023-02-23,29.4,45.0,0.0,12.1,964.5,Low Risk,Jaipur (Rajasthan)
2023-02-24,28.5,38.0,0.0,13.7,966.5,Low Risk,Jaipur (Rajasthan)
2023-02-25,29.8,43.0,0.0,10.7,967.7,Low Risk,Jaipur (Rajasthan)
2023-02-26,29.7,44.0,0.0,9.7,969.1,Low Risk,Jaipur (Rajasthan)
2023-02-27,30.3,41.0,0.0,12.1,968.8,Low Risk,Jaipur (Rajasthan)
2023-02-28,30.0,45.0,0.0,17.9,968.4,Low Risk,Jaipur (Rajasthan)
2023-03-01,29.1,46.0,0.2,17.7,969.5,Low Risk,Jaipur (Rajasthan)
2023-03-02,31.0,42.0,0.0,17.1,970.0,Low Risk,Jaipur (Rajasthan)
2023-03-03,31.3,45.0,0.0,13.0,970.6,Low Risk,Jaipur (Rajasthan)
2023-03-04,31.4,45.0,0.0,13.2,970.9,Low Risk,Jaipur (Rajasthan)
2023-03-05,30.5,46.0,0.0,13.7,969.8,Low Risk,Jaipur (Rajasthan)
2023-03-06,30.2,44.0,0.0,15.5,967.7,Low Risk,Jaipur (Rajasthan)
2023-03-07,29.5,46.0,0.0,11.9,967.2,Low Risk,Jaipur (Rajasthan)
2023-03-08,25.4,46.0,1.2,12.5,968.2,Low Risk,Jaipur (Rajasthan)
2023-03-09,28.4,58.0,0.0,19.1,968.0,Low Risk,Jaipur (Rajasthan)
2023-03-10,30.0,48.0,0.0,13.3,967.6,Low Risk,Jaipur (Rajasthan)
2023-03-11,30.1,44.0,0.0,9.5,967.1,Low Risk,Jaipur (Rajasthan)
2023-03-12,31.4,38.0,0.0,11.1,966.7,Low Risk,Jaipur (Rajasthan)
2023-03-13,32.3,39.0,0.0,15.9,965.3,Low Risk,Jaipur (Rajasthan)
2023-03-14,32.8,39.0,0.0,14.6,962.7,Low Risk,Jaipur (Rajasthan)
2023-03-15,32.2,36.0,0.0,15.0,961.4,Low Risk,Jaipur (Rajasthan)
2023-03-16,29.7,37.0,2.3,16.3,962.4,Low Risk,Jaipur (Rajasthan)
2023-03-17,30.3,51.0,2.7,20.8,963.5,Low Risk,Jaipur (Rajasthan)
2023-03-18,28.0,63.0,0.7,20.2,961.9,Low Risk,Jaipur (Rajasthan)
2023-03-19,28.3,72.0,8.2,21.9,960.2,Low Risk,Jaipur (Rajasthan)
2023-03-20,26.7,74.0,9.0,17.6,959.3,Low Risk,Jaipur (Rajasthan)
2023-03-21,28.8,62.0,0.0,14.3,960.2,Low Risk,Jaipur (Rajasthan)
2023-03-22,28.8,65.0,0.4,16.1,962.1,Low Risk,Jaipur (Rajasthan)
2023-03-23,29.4,55.0,0.0,13.4,961.3,Low Risk,Jaipur (Rajasthan)
2023-03-24,29.6,58.0,0.7,18.7,960.4,Low Risk,Jaipur (Rajasthan)
2023-03-25,29.9,47.0,0.0,13.0,962.8,Low Risk,Jaipur (Rajasthan)
2023-03-26,29.3,49.0,0.0,14.3,963.0,Low Risk,Jaipur (Rajasthan)
2023-03-27,29.9,37.0,0.0,18.6,962.6,Low Risk,Jaipur (Rajasthan)
2023-03-28,31.5,33.0,0.0,15.1,962.3,Low Risk,Jaipur (Rajasthan)
2023-03-29,32.2,37.0,0.0,15.2,962.2,Low Risk,Jaipur (Rajasthan)
2023-03-30,30.8,50.0,8.6,23.2,960.8,Low Risk,Jaipur (Rajasthan)
2023-03-31,26.5,80.0,6.2,26.1,960.2,Low Risk,Jaipur (Rajasthan)
2023-04-01,28.2,66.0,0.2,15.6,961.0,Low Risk,Jaipur (Rajasthan)
2023-04-02,30.3,53.0,0.3,19.6,960.8,Low Risk,Jaipur (Rajasthan)
2023-04-03,32.6,38.0,0.0,28.2,959.4,Low Risk,Jaipur (Rajasthan)
2023-04-04,31.1,43.0,0.0,16.3,961.3,Low Risk,Jaipur (Rajasthan)
2023-04-05,32.5,38.0,0.0,13.5,962.0,Low Risk,Jaipur (Rajasthan)
2023-04-06,31.5,34.0,0.0,19.2,964.1,Low Risk,Jaipur (Rajasthan)
2023-04-07,33.9,26.0,0.0,16.1,965.9,Low Risk,Jaipur (Rajasthan)
2023-04-08,33.4,22.0,0.0,13.0,966.6,Low Risk,Jaipur (Rajasthan)
2023-04-09,34.6,21.0,0.0,13.6,966.5,Low Risk,Jaipur (Rajasthan)
2023-04-10,35.3,18.0,0.0,17.4,965.0,Low Risk,Jaipur (Rajasthan)
2023-04-11,36.7,22.0,0.0,15.1,964.7,Low Risk,Jaipur (Rajasthan)
2023-04-12,35.9,24.0,0.0,17.1,964.3,Low Risk,Jaipur (Rajasthan)
2023-04-13,37.0,25.0,0.0,12.7,962.9,Low Risk,Jaipur (Rajasthan)
2023-04-14,37.7,24.0,0.0,18.1,961.8,Low Risk,Jaipur (Rajasthan)
2023-04-15,38.7,23.0,0.0,13.0,961.6,Low Risk,Jaipur (Rajasthan)
2023-04-16,37.1,24.0,0.0,14.2,960.7,Low Risk,Jaipur (Rajasthan)
2023-04-17,37.7,24.0,0.0,15.2,960.9,Low Risk,Jaipur (Rajasthan)
2023-04-18,39.0,21.0,0.0,18.8,962.1,Low Risk,Jaipur (Rajasthan)
2023-04-19,37.2,25.0,0.0,25.9,959.5,Low Risk,Jaipur (Rajasthan)
2023-04-20,35.3,26.0,0.0,24.6,956.4,Low Risk,Jaipur (Rajasthan)
2023-04-21,35.5,15.0,0.0,23.0,956.9,Low Risk,Jaipur (Rajasthan)
2023-04-22,35.9,18.0,0.0,18.1,957.3,Low Risk,Jaipur (Rajasthan)
2023-04-23,32.9,22.0,0.0,26.0,958.7,Low Risk,Jaipur (Rajasthan)
2023-04-24,31.8,30.0,0.0,19.8,961.9,Low Risk,Jaipur (Rajasthan)
2023-04-25,33.8,32.0,0.0,13.9,963.2,Low Risk,Jaipur (Rajasthan)
2023-04-26,34.7,28.0,0.0,15.4,961.0,Low Risk,Jaipur (Rajasthan)
2023-04-27,35.3,37.0,0.0,22.0,960.6,Low Risk,Jaipur (Rajasthan)
2023-04-28,33.2,43.0,4.5,19.9,961.5,Low Risk,Jaipur (Rajasthan)
2023-04-29,30.1,50.0,0.5,21.3,960.6,Low Risk,Jaipur (Rajasthan)
2023-04-30,29.9,64.0,1.4,8.3,959.3,Low Risk,Jaipur (Rajasthan)
2023-05-01,28.3,76.0,11.9,12.0,958.8,Low Risk,Jaipur (Rajasthan)
2023-05-02,31.2,65.0,0.5,10.4,960.2,Low Risk,Jaipur (Rajasthan)
2023-05-03,31.6,63.0,1.2,17.0,961.8,Low Risk,Jaipur (Rajasthan)
2023-05-04,32.5,57.0,0.0,10.7,961.4,Low Risk,Jaipur (Rajasthan)
2023-05-05,35.2,45.0,0.0,11.5,960.5,Low Risk,Jaipur (Rajasthan)
2023-05-06,36.5,36.0,0.0,23.5,959.3,Low Risk,Jaipur (Rajasthan)
2023-05-07,38.0,30.0,0.0,17.4,958.6,Low Risk,Jaipur (Rajasthan)
2023-05-08,38.5,21.0,0.0,24.9,957.8,Low Risk,Jaipur (Rajasthan)
2023-05-09,38.6,14.0,0.0,19.9,960.2,Low Risk,Jaipur (Rajasthan)
2023-05-10,38.7,15.0,0.0,24.2,960.0,Low Risk,Jaipur (Rajasthan)
2023-05-11,40.2,15.0,0.0,19.6,960.2,Low Risk,Jaipur (Rajasthan)
2023-05-12,42.0,16.0,0.0,25.5,959.3,Drought Risk,Jaipur (Rajasthan)
2023-05-13,42.9,13.0,0.0,21.3,958.1,Drought Risk,Jaipur (Rajasthan)
2023-05-14,41.6,18.0,0.0,21.3,956.1,Low Risk,Jaipur (Rajasthan)
2023-05-15,40.8,23.0,0.0,22.2,956.0,Low Risk,Jaipur (Rajasthan)
2023-05-16,37.9,31.0,0.0,23.9,958.4,Low Risk,Jaipur (Rajasthan)
2023-05-17,39.3,29.0,0.0,21.2,959.4,Low Risk,Jaipur (Rajasthan)
2023-05-18,38.0,29.0,0.0,17.6,961.9,Low Risk,Jaipur (Rajasthan)
2023-05-19,39.6,26.0,0.0,18.8,960.4,Low Risk,Jaipur (Rajasthan)
2023-05-20,41.5,19.0,0.0,21.4,958.5,Low Risk,Jaipur (Rajasthan)
2023-05-21,42.4,19.0,0.0,21.2,959.3,Drought Risk,Jaipur (Rajasthan)
2023-05-22,41.9,22.0,0.0,24.0,960.0,Low Risk,Jaipur (Rajasthan)
2023-05-23,41.1,26.0,0.0,19.6,960.0,Low Risk,Jaipur (Rajasthan)
2023-05-24,36.1,55.0,19.9,16.6,958.9,Low Risk,Jaipur (Rajasthan)
2023-05-25,33.7,59.0,5.3,26.3,958.0,Low Risk,Jaipur (Rajasthan)
2023-05-26,33.6,63.0,2.7,22.7,958.6,Low Risk,Jaipur (Rajasthan)
2023-05-27,33.0,63.0,5.4,31.4,958.0,Low Risk,Jaipur (Rajasthan)
2023-05-28,34.8,61.0,0.1,33.8,959.4,Low Risk,Jaipur (Rajasthan)
2023-05-29,32.1,60.0,0.8,14.6,960.2,Low Risk,Jaipur (Rajasthan)
2023-05-30,35.4,56.0,0.4,17.4,960.6,Low Risk,Jaipur (Rajasthan)
2023-05-31,31.3,60.0,0.0,20.2,960.0,Low Risk,Jaipur (Rajasthan)
2023-06-01,35.0,53.0,0.5,19.5,959.1,Low Risk,Jaipur (Rajasthan)
2023-06-02,33.0,63.0,0.5,18.9,958.9,Low Risk,Jaipur (Rajasthan)
2023-06-03,35.4,58.0,0.2,25.8,958.8,Low Risk,Jaipur (Rajasthan)
2023-06-04,34.6,51.0,0.0,14.9,958.8,Low Risk,Jaipur (Rajasthan)
2023-06-05,35.4,48.0,0.0,13.7,957.9,Low Risk,Jaipur (Rajasthan)
2023-06-06,37.4,40.0,0.0,25.0,957.5,Low Risk,Jaipur (Rajasthan)
2023-06-07,38.3,33.0,0.0,15.3,957.4,Low Risk,Jaipur (Rajasthan)
2023-06-08,37.3,38.0,0.3,22.1,957.5,Low Risk,Jaipur (Rajasthan)
2023-06-09,38.9,41.0,0.0,21.6,955.1,Low Risk,Jaipur (Rajasthan)
2023-06-10,38.7,40.0,0.0,24.2,954.0,Low Risk,Jaipur (Rajasthan)
2023-06-11,38.8,43.0,0.0,22.3,954.0,Low Risk,Jaipur (Rajasthan)
2023-06-12,39.1,35.0,0.0,21.9,954.1,Low Risk,Jaipur (Rajasthan)
2023-06-13,39.2,36.0,0.0,19.8,954.3,Low Risk,Jaipur (Rajasthan)
2023-06-14,38.3,42.0,0.0,24.5,955.2,Low Risk,Jaipur (Rajasthan)
2023-06-15,37.9,48.0,0.9,21.6,955.8,Low Risk,Jaipur (Rajasthan)
2023-06-16,33.7,57.0,0.6,23.8,955.3,Low Risk,Jaipur (Rajasthan)
2023-06-17,34.0,67.0,6.2,21.6,954.5,Low Risk,Jaipur (Rajasthan)
2023-06-18,30.2,80.0,16.7,30.4,952.3,Low Risk,Jaipur (Rajasthan)
2023-06-19,29.7,88.0,41.1,26.6,951.2,Low Risk,Jaipur (Rajasthan)
2023-06-20,33.2,83.0,39.6,20.9,953.6,Low Risk,Jaipur (Rajasthan)
2023-06-21,34.6,71.0,1.0,21.0,954.6,Low Risk,Jaipur (Rajasthan)
2023-06-22,35.0,64.0,0.0,22.4,955.0,Low Risk,Jaipur (Rajasthan)
2023-06-23,35.6,61.0,0.0,21.8,954.8,Low Risk,Jaipur (Rajasthan)
2023-06-24,37.4,61.0,0.2,20.0,953.8,Low Risk,Jaipur (Rajasthan)
2023-06-25,32.4,71.0,0.9,21.7,954.1,Low Risk,Jaipur (Rajasthan)
2023-06-26,33.7,78.0,3.7,8.4,954.7,Low Risk,Jaipur (Rajasthan)
2023-06-27,33.6,74.0,0.2,12.2,954.1,Low Risk,Jaipur (Rajasthan)
2023-06-28,33.9,74.0,1.8,11.7,954.8,Low Risk,Jaipur (Rajasthan)
2023-06-29,31.9,84.0,27.5,18.6,954.1,Low Risk,Jaipur (Rajasthan)
2023-06-30,32.6,85.0,24.8,12.4,953.0,Low Risk,Jaipur (Rajasthan)
2023-07-01,33.8,77.0,0.7,18.5,953.8,Low Risk,Jaipur (Rajasthan)
2023-07-02,34.0,74.0,1.0,23.0,955.1,Low Risk,Jaipur (Rajasthan)
2023-07-03,35.3,68.0,0.3,14.9,954.7,Low Risk,Jaipur (Rajasthan)
2023-07-04,36.4,72.0,4.9,20.8,952.7,Low Risk,Jaipur (Rajasthan)
2023-07-05,34.9,76.0,3.5,17.4,952.0,Low Risk,Jaipur (Rajasthan)
2023-07-06,33.7,74.0,0.6,12.3,953.7,Low Risk,Jaipur (Rajasthan)
2023-07-07,33.4,77.0,11.7,9.4,954.3,Low Risk,Jaipur (Rajasthan)
2023-07-08,32.6,83.0,23.3,12.7,954.1,Low Risk,Jaipur (Rajasthan)
2023-07-09,32.4,87.0,18.4,11.9,953.7,Low Risk,Jaipur (Rajasthan)
2023-07-10,30.6,88.0,33.8,10.6,954.0,Low Risk,Jaipur (Rajasthan)
2023-07-11,34.1,76.0,2.5,16.6,954.3,Low Risk,Jaipur (Rajasthan)
2023-07-12,34.6,73.0,0.0,14.9,953.7,Low Risk,Jaipur (Rajasthan)
2023-07-13,34.1,75.0,1.9,18.1,954.0,Low Risk,Jaipur (Rajasthan)
2023-07-14,33.4,76.0,1.1,21.7,955.4,Low Risk,Jaipur (Rajasthan)
2023-07-15,33.2,79.0,4.6,17.7,955.3,Low Risk,Jaipur (Rajasthan)
2023-07-16,31.0,90.0,75.5,12.0,955.1,Flood Risk,Jaipur (Rajasthan)
2023-07-17,33.1,80.0,1.7,14.5,954.1,Low Risk,Jaipur (Rajasthan)
2023-07-18,33.1,83.0,4.3,10.9,953.4,Low Risk,Jaipur (Rajasthan)
2023-07-19,32.9,80.0,0.6,12.6,952.9,Low Risk,Jaipur (Rajasthan)
2023-07-20,34.5,74.0,0.2,14.4,953.0,Low Risk,Jaipur (Rajasthan)
2023-07-21,34.8,69.0,0.3,18.4,954.5,Low Risk,Jaipur (Rajasthan)
2023-07-22,34.3,70.0,0.7,21.7,956.0,Low Risk,Jaipur (Rajasthan)
2023-07-23,33.1,76.0,8.9,26.1,955.8,Low Risk,Jaipur (Rajasthan)
2023-07-24,33.9,77.0,3.2,17.9,954.4,Low Risk,Jaipur (Rajasthan)
2023-07-25,33.0,82.0,10.0,10.5,955.1,Low Risk,Jaipur (Rajasthan)
2023-07-26,32.8,82.0,9.9,8.0,956.6,Low Risk,Jaipur (Rajasthan)
2023-07-27,32.2,84.0,9.6,10.6,956.1,Low Risk,Jaipur (Rajasthan)
2023-07-28,31.9,84.0,3.6,18.6,954.5,Low Risk,Jaipur (Rajasthan)
2023-07-29,27.3,92.0,32.2,16.4,954.1,Low Risk,Jaipur (Rajasthan)
2023-07-30,31.1,84.0,10.8,16.2,953.9,Low Risk,Jaipur (Rajasthan)
2023-07-31,31.5,80.0,0.7,19.4,953.6,Low Risk,Jaipur (Rajasthan)
2023-08-01,32.7,78.0,2.0,16.2,952.9,Low Risk,Jaipur (Rajasthan)
2023-08-02,32.6,75.0,0.4,21.7,953.2,Low Risk,Jaipur (Rajasthan)
2023-08-03,32.6,71.0,0.0,19.9,953.4,Low Risk,Jaipur (Rajasthan)
2023-08-04,31.7,79.0,1.3,18.2,954.9,Low Risk,Jaipur (Rajasthan)
2023-08-05,32.6,70.0,0.0,17.9,956.6,Low Risk,Jaipur (Rajasthan)
2023-08-06,33.0,69.0,0.0,21.6,954.7,Low Risk,Jaipur (Rajasthan)
2023-08-07,31.8,71.0,0.0,23.7,952.7,Low Risk,Jaipur (Rajasthan)
2023-08-08,32.4,70.0,0.0,22.6,954.1,Low Risk,Jaipur (Rajasthan)
2023-08-09,32.3,70.0,0.0,20.5,957.1,Low Risk,Jaipur (Rajasthan)
2023-08-10,32.5,69.0,0.0,18.4,958.2,Low Risk,Jaipur (Rajasthan)
2023-08-11,33.0,66.0,0.0,14.8,958.2,Low Risk,Jaipur (Rajasthan)
2023-08-12,33.1,63.0,0.0,19.5,956.7,Low Risk,Jaipur (Rajasthan)
2023-08-13,32.0,70.0,0.0,18.3,954.7,Low Risk,Jaipur (Rajasthan)
2023-08-14,30.7,73.0,0.0,11.5,956.8,Low Risk,Jaipur (Rajasthan)
2023-08-15,33.4,72.0,1.0,11.4,957.8,Low Risk,Jaipur (Rajasthan)
2023-08-16,34.3,66.0,0.1,16.9,958.0,Low Risk,Jaipur (Rajasthan)
2023-08-17,34.2,62.0,0.0,17.4,957.6,Low Risk,Jaipur (Rajasthan)
2023-08-18,34.1,64.0,2.2,16.6,957.1,Low Risk,Jaipur (Rajasthan)
2023-08-19,33.8,69.0,0.8,14.4,956.5,Low Risk,Jaipur (Rajasthan)
2023-08-20,34.4,78.0,4.7,14.6,956.6,Low Risk,Jaipur (Rajasthan)
2023-08-21,34.6,78.0,0.8,12.1,956.3,Low Risk,Jaipur (Rajasthan)
2023-08-22,34.9,77.0,7.8,16.2,955.4,Low Risk,Jaipur (Rajasthan)
2023-08-23,31.0,70.0,0.1,19.4,954.6,Low Risk,Jaipur (Rajasthan)
2023-08-24,31.5,66.0,0.0,18.8,953.9,Low Risk,Jaipur (Rajasthan)
2023-08-25,31.0,66.0,0.0,17.1,954.3,Low Risk,Jaipur (Rajasthan)
2023-08-26,32.9,64.0,0.5,19.3,956.1,Low Risk,Jaipur (Rajasthan)
2023-08-27,32.4,60.0,0.0,19.8,956.4,Low Risk,Jaipur (Rajasthan)
2023-08-28,33.3,59.0,0.0,19.1,956.0,Low Risk,Jaipur (Rajasthan)
2023-08-29,33.1,60.0,0.0,18.4,958.0,Low Risk,Jaipur (Rajasthan)
2023-08-30,33.9,67.0,0.4,15.5,959.5,Low Risk,Jaipur (Rajasthan)
2023-08-31,34.7,59.0,0.0,17.8,959.9,Low Risk,Jaipur (Rajasthan)
2023-09-01,35.3,51.0,0.5,17.9,959.9,Low Risk,Jaipur (Rajasthan)
2023-09-02,35.3,48.0,0.0,20.8,959.0,Low Risk,Jaipur (Rajasthan)
2023-09-03,35.1,47.0,0.0,20.0,958.0,Low Risk,Jaipur (Rajasthan)
2023-09-04,35.3,48.0,0.0,20.5,957.0,Low Risk,Jaipur (Rajasthan)
2023-09-05,36.0,51.0,0.4,21.3,957.0,Low Risk,Jaipur (Rajasthan)
2023-09-06,35.1,68.0,0.1,19.6,957.7,Low Risk,Jaipur (Rajasthan)
2023-09-07,34.7,68.0,0.2,17.0,957.4,Low Risk,Jaipur (Rajasthan)
2023-09-08,34.7,68.0,1.7,18.3,956.9,Low Risk,Jaipur (Rajasthan)
2023-09-09,33.7,75.0,1.4,23.4,955.8,Low Risk,Jaipur (Rajasthan)
2023-09-10,33.9,73.0,3.8,19.4,954.1,Low Risk,Jaipur (Rajasthan)
2023-09-11,33.6,76.0,1.2,15.6,954.7,Low Risk,Jaipur (Rajasthan)
2023-09-12,32.7,69.0,2.4,14.4,955.7,Low Risk,Jaipur (Rajasthan)
2023-09-13,33.2,76.0,1.8,13.2,956.0,Low Risk,Jaipur (Rajasthan)
2023-09-14,33.2,78.0,32.4,14.8,957.2,Low Risk,Jaipur (Rajasthan)
2023-09-15,33.7,76.0,0.4,14.0,957.4,Low Risk,Jaipur (Rajasthan)
2023-09-16,29.8,79.0,7.5,29.8,955.6,Low Risk,Jaipur (Rajasthan)
2023-09-17,29.6,83.0,3.3,28.7,953.3,Low Risk,Jaipur (Rajasthan)
2023-09-18,29.4,79.0,1.8,26.5,954.6,Low Risk,Jaipur (Rajasthan)
2023-09-19,31.6,75.0,0.6,18.1,958.1,Low Risk,Jaipur (Rajasthan)
2023-09-20,32.6,74.0,0.0,7.4,959.2,Low Risk,Jaipur (Rajasthan)
2023-09-21,33.4,75.0,0.1,12.2,959.0,Low Risk,Jaipur (Rajasthan)
2023-09-22,33.1,75.0,0.3,13.2,959.2,Low Risk,Jaipur (Rajasthan)
2023-09-23,31.3,76.0,3.8,16.4,959.7,Low Risk,Jaipur (Rajasthan)
2023-09-24,33.8,69.0,0.3,19.6,959.4,Low Risk,Jaipur (Rajasthan)
2023-09-25,32.3,71.0,0.7,9.7,959.3,Low Risk,Jaipur (Rajasthan)
2023-09-26,32.9,72.0,1.2,9.7,960.4,Low Risk,Jaipur (Rajasthan)
2023-09-27,33.8,58.0,0.0,10.9,960.2,Low Risk,Jaipur (Rajasthan)
2023-09-28,34.3,42.0,0.0,11.5,959.7,Low Risk,Jaipur (Rajasthan)
2023-09-29,34.6,36.0,0.0,15.3,959.6,Low Risk,Jaipur (Rajasthan)
2023-09-30,35.6,38.0,0.0,13.6,959.5,Low Risk,Jaipur (Rajasthan)
2023-10-01,34.8,39.0,0.0,13.9,959.1,Low Risk,Jaipur (Rajasthan)
2023-10-02,35.4,34.0,0.0,17.0,959.8,Low Risk,Jaipur (Rajasthan)
2023-10-03,34.3,32.0,0.0,13.7,961.1,Low Risk,Jaipur (Rajasthan)
2023-10-04,35.1,30.0,0.0,16.1,961.3,Low Risk,Jaipur (Rajasthan)
2023-10-05,35.4,35.0,0.0,20.4,960.7,Low Risk,Jaipur (Rajasthan)
2023-10-06,35.6,39.0,0.0,19.1,960.0,Low Risk,Jaipur (Rajasthan)
2023-10-07,35.1,46.0,0.0,16.6,961.1,Low Risk,Jaipur (Rajasthan)
2023-10-08,34.8,48.0,0.0,18.7,962.1,Low Risk,Jaipur (Rajasthan)
2023-10-09,34.5,47.0,0.0,21.4,962.9,Low Risk,Jaipur (Rajasthan)
2023-10-10,33.8,50.0,0.0,14.8,963.2,Low Risk,Jaipur (Rajasthan)
2023-10-11,34.7,38.0,0.0,13.5,963.6,Low Risk,Jaipur (Rajasthan)
2023-10-12,34.5,36.0,0.0,11.5,964.6,Low Risk,Jaipur (Rajasthan)
2023-10-13,34.9,39.0,0.0,10.7,965.4,Low Risk,Jaipur (Rajasthan)
2023-10-14,34.6,36.0,0.0,13.1,964.8,Low Risk,Jaipur (Rajasthan)
2023-10-15,33.6,39.0,0.0,14.7,962.7,Low Risk,Jaipur (Rajasthan)
2023-10-16,32.8,43.0,0.1,20.3,963.4,Low Risk,Jaipur (Rajasthan)
2023-10-17,30.8,60.0,0.1,15.3,966.2,Low Risk,Jaipur (Rajasthan)
2023-10-18,30.2,48.0,0.0,12.8,967.2,Low Risk,Jaipur (Rajasthan)
2023-10-19,31.0,47.0,0.0,11.4,967.0,Low Risk,Jaipur (Rajasthan)
2023-10-20,31.6,43.0,0.0,11.4,967.2,Low Risk,Jaipur (Rajasthan)
2023-10-21,32.0,43.0,0.0,10.4,967.3,Low Risk,Jaipur (Rajasthan)
2023-10-22,32.5,41.0,0.0,12.9,967.7,Low Risk,Jaipur (Rajasthan)
2023-10-23,31.4,38.0,0.0,16.6,966.7,Low Risk,Jaipur (Rajasthan)
2023-10-24,31.3,39.0,0.0,14.8,966.2,Low Risk,Jaipur (Rajasthan)
2023-10-25,31.2,40.0,0.0,18.2,967.1,Low Risk,Jaipur (Rajasthan)
2023-10-26,31.6,37.0,0.0,20.5,966.6,Low Risk,Jaipur (Rajasthan)
2023-10-27,31.3,38.0,0.0,12.1,965.6,Low Risk,Jaipur (Rajasthan)
2023-10-28,31.2,40.0,0.0,11.1,965.7,Low Risk,Jaipur (Rajasthan)
2023-10-29,32.7,40.0,0.0,14.3,965.7,Low Risk,Jaipur (Rajasthan)
2023-10-30,32.6,42.0,0.0,12.2,966.2,Low Risk,Jaipur (Rajasthan)
2023-10-31,32.7,40.0,0.0,12.2,967.3,Low Risk,Jaipur (Rajasthan)
2023-11-01,31.5,46.0,0.0,12.0,967.9,Low Risk,Jaipur (Rajasthan)
2023-11-02,31.2,39.0,0.0,12.7,966.7,Low Risk,Jaipur (Rajasthan)
2023-11-03,31.6,36.0,0.0,16.6,964.5,Low Risk,Jaipur (Rajasthan)
2023-11-04,30.6,44.0,0.0,12.5,964.7,Low Risk,Jaipur (Rajasthan)
2023-11-05,30.8,39.0,0.0,13.5,966.0,Low Risk,Jaipur (Rajasthan)
2023-11-06,30.6,40.0,0.0,13.5,967.2,Low Risk,Jaipur (Rajasthan)
2023-11-07,31.5,40.0,0.0,10.3,966.6,Low Risk,Jaipur (Rajasthan)
2023-11-08,31.2,35.0,0.0,14.8,966.0,Low Risk,Jaipur (Rajasthan)
2023-11-09,30.9,40.0,0.0,10.7,966.0,Low Risk,Jaipur (Rajasthan)
2023-11-10,29.5,46.0,0.0,16.2,967.0,Low Risk,Jaipur (Rajasthan)
2023-11-11,26.7,66.0,0.0,13.2,969.0,Low Risk,Jaipur (Rajasthan)
2023-11-12,26.4,58.0,0.0,9.4,969.5,Low Risk,Jaipur (Rajasthan)
2023-11-13,26.3,56.0,0.0,9.8,969.0,Low Risk,Jaipur (Rajasthan)
2023-11-14,25.6,59.0,0.0,9.9,968.6,Low Risk,Jaipur (Rajasthan)
2023-11-15,26.4,56.0,0.0,12.4,968.4,Low Risk,Jaipur (Rajasthan)
2023-11-16,26.0,53.0,0.0,10.8,968.9,Low Risk,Jaipur (Rajasthan)
2023-11-17,25.6,58.0,0.0,10.0,968.8,Low Risk,Jaipur (Rajasthan)
2023-11-18,25.4,52.0,0.0,10.3,967.4,Low Risk,Jaipur (Rajasthan)
2023-11-19,26.5,55.0,0.0,10.4,967.8,Low Risk,Jaipur (Rajasthan)
2023-11-20,27.0,57.0,0.0,9.2,968.4,Low Risk,Jaipur (Rajasthan)
2023-11-21,26.9,58.0,0.0,14.7,967.8,Low Risk,Jaipur (Rajasthan)
2023-11-22,25.8,48.0,0.0,10.5,965.9,Low Risk,Jaipur (Rajasthan)
2023-11-23,26.3,46.0,0.0,8.8,964.8,Low Risk,Jaipur (Rajasthan)
2023-11-24,26.6,52.0,0.0,10.2,966.7,Low Risk,Jaipur (Rajasthan)
2023-11-25,25.8,58.0,0.0,10.6,967.9,Low Risk,Jaipur (Rajasthan)
2023-11-26,25.4,59.0,0.0,20.3,967.9,Low Risk,Jaipur (Rajasthan)
2023-11-27,21.8,71.0,2.4,17.2,965.7,Low Risk,Jaipur (Rajasthan)
2023-11-28,21.1,81.0,0.6,10.4,965.4,Low Risk,Jaipur (Rajasthan)
2023-11-29,23.5,75.0,0.0,9.2,966.0,Low Risk,Jaipur (Rajasthan)
2023-11-30,24.4,75.0,0.0,12.9,966.7,Low Risk,Jaipur (Rajasthan)
2023-12-01,24.4,77.0,0.1,11.3,967.5,Low Risk,Jaipur (Rajasthan)
2023-12-02,24.4,71.0,0.0,13.5,967.9,Low Risk,Jaipur (Rajasthan)
2023-12-03,23.0,76.0,0.4,13.2,968.2,Low Risk,Jaipur (Rajasthan)
2023-12-04,22.9,75.0,0.5,11.8,966.9,Low Risk,Jaipur (Rajasthan)
2023-12-05,23.3,63.0,0.0,13.0,966.5,Low Risk,Jaipur (Rajasthan)
2023-12-06,22.8,56.0,0.0,11.0,967.1,Low Risk,Jaipur (Rajasthan)
2023-12-07,23.9,55.0,0.0,11.6,966.6,Low Risk,Jaipur (Rajasthan)
2023-12-08,24.4,59.0,0.0,10.8,966.3,Low Risk,Jaipur (Rajasthan)
2023-12-09,24.5,49.0,0.0,9.0,967.3,Low Risk,Jaipur (Rajasthan)
2023-12-10,24.4,49.0,0.0,10.1,965.6,Low Risk,Jaipur (Rajasthan)
2023-12-11,23.3,58.0,0.0,11.4,965.6,Low Risk,Jaipur (Rajasthan)
2023-12-12,23.4,59.0,0.0,11.1,964.8,Low Risk,Jaipur (Rajasthan)
2023-12-13,23.6,58.0,0.0,10.8,966.8,Low Risk,Jaipur (Rajasthan)
2023-12-14,23.4,53.0,0.0,12.2,967.9,Low Risk,Jaipur (Rajasthan)
2023-12-15,23.0,56.0,0.0,10.7,968.6,Low Risk,Jaipur (Rajasthan)
2023-12-16,23.5,59.0,0.0,10.7,967.3,Low Risk,Jaipur (Rajasthan)
2023-12-17,24.0,55.0,0.0,15.8,968.2,Low Risk,Jaipur (Rajasthan)
2023-12-18,22.6,46.0,0.0,15.7,970.5,Low Risk,Jaipur (Rajasthan)
2023-12-19,22.3,49.0,0.0,10.6,970.7,Low Risk,Jaipur (Rajasthan)
2023-12-20,21.1,47.0,0.0,10.4,970.1,Low Risk,Jaipur (Rajasthan)
2023-12-21,23.0,48.0,0.0,9.9,968.4,Low Risk,Jaipur (Rajasthan)
2023-12-22,23.5,50.0,0.0,10.2,967.6,Low Risk,Jaipur (Rajasthan)
2023-12-23,23.3,63.0,0.2,12.7,969.3,Low Risk,Jaipur (Rajasthan)
2023-12-24,22.9,72.0,0.0,9.7,970.9,Low Risk,Jaipur (Rajasthan)
2023-12-25,24.2,66.0,0.0,10.1,969.7,Low Risk,Jaipur (Rajasthan)
2023-12-26,25.0,54.0,0.0,10.8,969.2,Low Risk,Jaipur (Rajasthan)
2023-12-27,24.5,60.0,0.0,12.5,970.1,Low Risk,Jaipur (Rajasthan)
2023-12-28,23.0,71.0,0.0,10.6,968.8,Low Risk,Jaipur (Rajasthan)
2023-12-29,21.7,79.0,0.0,12.4,969.0,Low Risk,Jaipur (Rajasthan)
2023-12-30,21.6,76.0,0.0,12.9,967.9,Low Risk,Jaipur (Rajasthan)
2023-12-31,21.6,75.0,0.0,13.0,967.4,Low Risk,Jaipur (Rajasthan)
2024-01-01,21.1,77.0,0.0,10.0,967.6,Low Risk,Jaipur (Rajasthan)
2024-01-02,18.9,85.0,0.0,10.1,966.9,Low Risk,Jaipur (Rajasthan)
2024-01-03,17.7,84.0,0.0,9.2,966.6,Low Risk,Jaipur (Rajasthan)
2024-01-04,18.1,83.0,0.0,8.9,967.0,Low Risk,Jaipur (Rajasthan)
2024-01-05,17.5,82.0,0.0,11.1,967.1,Low Risk,Jaipur (Rajasthan)
2024-01-06,18.2,81.0,0.0,10.3,968.5,Low Risk,Jaipur (Rajasthan)
2024-01-07,18.2,81.0,0.0,8.4,969.0,Low Risk,Jaipur (Rajasthan)
2024-01-08,19.8,83.0,0.0,12.4,968.8,Low Risk,Jaipur (Rajasthan)
2024-01-09,19.9,82.0,0.0,11.8,969.0,Low Risk,Jaipur (Rajasthan)
2024-01-10,19.2,73.0,0.0,10.8,968.3,Low Risk,Jaipur (Rajasthan)
2024-01-11,20.0,64.0,0.0,8.3,968.4,Low Risk,Jaipur (Rajasthan)
2024-01-12,21.0,64.0,0.0,12.4,967.8,Low Risk,Jaipur (Rajasthan)
2024-01-13,22.2,69.0,0.0,10.0,966.6,Low Risk,Jaipur (Rajasthan)
2024-01-14,22.8,68.0,0.0,7.7,966.8,Low Risk,Jaipur (Rajasthan)
2024-01-15,21.2,68.0,0.0,8.1,966.5,Low Risk,Jaipur (Rajasthan)
2024-01-16,21.1,67.0,0.0,12.8,964.0,Low Risk,Jaipur (Rajasthan)
2024-01-17,21.0,69.0,0.0,12.8,963.9,Low Risk,Jaipur (Rajasthan)
2024-01-18,20.9,74.0,0.0,12.3,966.2,Low Risk,Jaipur (Rajasthan)
2024-01-19,20.1,82.0,0.0,13.7,967.6,Low Risk,Jaipur (Rajasthan)
2024-01-20,19.3,78.0,0.0,11.2,968.1,Low Risk,Jaipur (Rajasthan)
2024-01-21,20.6,74.0,0.0,13.2,968.0,Low Risk,Jaipur (Rajasthan)
2024-01-22,20.6,74.0,0.0,10.0,968.2,Low Risk,Jaipur (Rajasthan)
2024-01-23,21.0,73.0,0.0,10.0,967.8,Low Risk,Jaipur (Rajasthan)
2024-01-24,21.0,67.0,0.0,14.0,967.7,Low Risk,Jaipur (Rajasthan)
2024-01-25,20.3,73.0,0.0,10.5,969.8,Low Risk,Jaipur (Rajasthan)
2024-01-26,21.8,70.0,0.0,10.6,970.4,Low Risk,Jaipur (Rajasthan)
2024-01-27,23.3,67.0,0.0,11.6,969.8,Low Risk,Jaipur (Rajasthan)
2024-01-28,24.0,64.0,0.0,13.5,967.6,Low Risk,Jaipur (Rajasthan)
2024-01-29,24.4,62.0,0.0,9.7,967.4,Low Risk,Jaipur (Rajasthan)
2024-01-30,23.5,70.0,0.0,9.7,967.0,Low Risk,Jaipur (Rajasthan)
2024-01-31,24.0,68.0,0.1,14.9,965.5,Low Risk,Jaipur (Rajasthan)
2024-02-01,25.5,62.0,0.0,18.1,965.6,Low Risk,Jaipur (Rajasthan)
2024-02-02,22.9,63.0,0.0,17.1,969.0,Low Risk,Jaipur (Rajasthan)
2024-02-03,23.0,59.0,0.7,11.5,968.1,Low Risk,Jaipur (Rajasthan)
2024-02-04,23.5,83.0,9.8,25.4,966.8,Low Risk,Jaipur (Rajasthan)
2024-02-05,21.7,72.0,0.0,13.6,967.5,Low Risk,Jaipur (Rajasthan)
2024-02-06,20.8,57.0,0.0,13.8,969.2,Low Risk,Jaipur (Rajasthan)
2024-02-07,20.9,50.0,0.0,15.1,970.3,Low Risk,Jaipur (Rajasthan)
2024-02-08,21.1,52.0,0.0,15.6,970.2,Low Risk,Jaipur (Rajasthan)
2024-02-09,21.4,46.0,0.0,11.2,969.0,Low Risk,Jaipur (Rajasthan)
2024-02-10,22.1,50.0,0.0,11.0,970.7,Low Risk,Jaipur (Rajasthan)
2024-02-11,22.4,58.0,0.0,9.2,970.6,Low Risk,Jaipur (Rajasthan)
2024-02-12,21.8,56.0,0.0,9.7,969.4,Low Risk,Jaipur (Rajasthan)
2024-02-13,23.5,58.0,0.0,11.1,968.6,Low Risk,Jaipur (Rajasthan)
2024-02-14,24.3,50.0,0.0,12.4,969.0,Low Risk,Jaipur (Rajasthan)
2024-02-15,24.9,50.0,0.0,11.1,969.9,Low Risk,Jaipur (Rajasthan)
2024-02-16,25.3,52.0,0.0,12.4,970.1,Low Risk,Jaipur (Rajasthan)
2024-02-17,26.8,39.0,0.0,10.0,966.5,Low Risk,Jaipur (Rajasthan)
2024-02-18,27.8,37.0,0.0,16.1,963.2,Low Risk,Jaipur (Rajasthan)
2024-02-19,30.4,49.0,0.0,28.7,961.2,Low Risk,Jaipur (Rajasthan)
2024-02-20,27.4,52.0,0.0,20.0,962.2,Low Risk,Jaipur (Rajasthan)
2024-02-21,25.9,41.0,0.0,12.3,961.4,Low Risk,Jaipur (Rajasthan)
2024-02-22,23.8,35.0,0.0,15.0,963.8,Low Risk,Jaipur (Rajasthan)
2024-02-23,23.9,35.0,0.0,19.4,966.1,Low Risk,Jaipur (Rajasthan)
2024-02-24,22.3,43.0,0.1,22.3,966.0,Low Risk,Jaipur (Rajasthan)
2024-02-25,24.8,36.0,0.0,22.9,967.8,Low Risk,Jaipur (Rajasthan)
2024-02-26,23.1,40.0,0.1,18.7,968.2,Low Risk,Jaipur (Rajasthan)
2024-02-27,25.0,47.0,0.0,18.2,967.8,Low Risk,Jaipur (Rajasthan)
2024-02-28,25.5,45.0,0.0,14.2,967.2,Low Risk,Jaipur (Rajasthan)
2024-02-29,27.4,48.0,0.0,10.5,965.8,Low Risk,Jaipur (Rajasthan)
2024-03-01,30.3,55.0,1.8,24.7,964.2,Low Risk,Jaipur (Rajasthan)
2024-03-02,25.2,68.0,1.8,20.3,962.0,Low Risk,Jaipur (Rajasthan)
2024-03-03,23.8,54.0,0.0,14.8,962.4,Low Risk,Jaipur (Rajasthan)
2024-03-04,22.5,30.0,0.0,12.4,966.4,Low Risk,Jaipur (Rajasthan)
2024-03-05,23.3,36.0,0.0,15.8,967.5,Low Risk,Jaipur (Rajasthan)
2024-03-06,24.6,32.0,0.4,12.7,966.1,Low Risk,Jaipur (Rajasthan)
2024-03-07,26.9,35.0,0.0,18.4,965.2,Low Risk,Jaipur (Rajasthan)
2024-03-08,26.6,42.0,0.0,20.0,966.3,Low Risk,Jaipur (Rajasthan)
2024-03-09,27.6,34.0,0.0,16.9,966.8,Low Risk,Jaipur (Rajasthan)
2024-03-10,28.6,37.0,0.0,11.0,966.3,Low Risk,Jaipur (Rajasthan)
2024-03-11,30.3,40.0,0.0,12.9,966.8,Low Risk,Jaipur (Rajasthan)
2024-03-12,31.2,38.0,0.0,14.0,965.2,Low Risk,Jaipur (Rajasthan)
2024-03-13,31.1,36.0,0.0,29.4,963.3,Low Risk,Jaipur (Rajasthan)
2024-03-14,29.6,39.0,0.0,17.1,965.3,Low Risk,Jaipur (Rajasthan)
2024-03-15,29.2,30.0,0.0,19.7,965.5,Low Risk,Jaipur (Rajasthan)
2024-03-16,28.3,28.0,0.0,12.8,966.6,Low Risk,Jaipur (Rajasthan)
2024-03-17,29.4,26.0,0.0,13.5,966.4,Low Risk,Jaipur (Rajasthan)
2024-03-18,30.2,28.0,0.0,15.8,965.2,Low Risk,Jaipur (Rajasthan)
2024-03-19,32.1,31.0,0.3,22.7,964.7,Low Risk,Jaipur (Rajasthan)
2024-03-20,31.4,29.0,0.0,11.9,965.0,Low Risk,Jaipur (Rajasthan)
2024-03-21,31.3,30.0,0.0,13.0,963.9,Low Risk,Jaipur (Rajasthan)
2024-03-22,35.3,31.0,0.0,15.6,961.0,Low Risk,Jaipur (Rajasthan)
2024-03-23,35.9,28.0,0.0,15.1,960.5,Low Risk,Jaipur (Rajasthan)
2024-03-24,34.7,28.0,0.0,24.2,962.3,Low Risk,Jaipur (Rajasthan)
2024-03-25,34.9,33.0,0.0,17.2,964.6,Low Risk,Jaipur (Rajasthan)
2024-03-26,36.5,29.0,0.0,15.5,963.8,Low Risk,Jaipur (Rajasthan)
2024-03-27,37.4,29.0,0.0,12.1,964.8,Low Risk,Jaipur (Rajasthan)
2024-03-28,38.4,28.0,0.0,17.2,962.6,Low Risk,Jaipur (Rajasthan)
2024-03-29,37.6,30.0,0.0,19.1,961.3,Low Risk,Jaipur (Rajasthan)
2024-03-30,35.7,20.0,0.0,21.8,962.6,Low Risk,Jaipur (Rajasthan)
2024-03-31,34.5,20.0,0.0,21.0,964.0,Low Risk,Jaipur (Rajasthan)
2024-04-01,33.4,26.0,0.0,21.4,961.7,Low Risk,Jaipur (Rajasthan)
2024-04-02,34.3,21.0,0.0,14.9,960.3,Low Risk,Jaipur (Rajasthan)
2024-04-03,35.3,20.0,0.0,12.4,960.7,Low Risk,Jaipur (Rajasthan)
2024-04-04,35.3,22.0,0.0,21.6,961.2,Low Risk,Jaipur (Rajasthan)
2024-04-05,33.5,23.0,0.0,16.3,961.0,Low Risk,Jaipur (Rajasthan)
2024-04-06,34.9,22.0,0.0,14.3,960.7,Low Risk,Jaipur (Rajasthan)
2024-04-07,35.7,15.0,0.0,19.9,960.8,Low Risk,Jaipur (Rajasthan)
2024-04-08,37.1,14.0,0.0,13.2,961.7,Low Risk,Jaipur (Rajasthan)
2024-04-09,37.3,14.0,0.0,16.1,962.0,Low Risk,Jaipur (Rajasthan)
2024-04-10,36.0,18.0,0.0,27.2,962.5,Low Risk,Jaipur (Rajasthan)
2024-04-11,36.9,28.0,0.0,14.0,963.0,Low Risk,Jaipur (Rajasthan)
2024-04-12,36.8,22.0,0.0,16.9,962.4,Low Risk,Jaipur (Rajasthan)
2024-04-13,35.9,36.0,0.0,15.3,961.7,Low Risk,Jaipur (Rajasthan)
2024-04-14,35.6,40.0,0.0,20.6,963.4,Low Risk,Jaipur (Rajasthan)
2024-04-15,35.2,36.0,0.0,21.6,964.3,Low Risk,Jaipur (Rajasthan)
2024-04-16,35.9,31.0,0.0,16.3,963.4,Low Risk,Jaipur (Rajasthan)
2024-04-17,36.6,28.0,0.0,25.0,962.3,Low Risk,Jaipur (Rajasthan)
2024-04-18,38.8,25.0,0.6,31.8,960.7,Low Risk,Jaipur (Rajasthan)
2024-04-19,37.5,24.0,0.0,29.1,958.5,Low Risk,Jaipur (Rajasthan)
2024-04-20,35.3,22.0,0.0,16.9,958.3,Low Risk,Jaipur (Rajasthan)
2024-04-21,35.4,27.0,0.0,13.0,959.2,Low Risk,Jaipur (Rajasthan)
2024-04-22,36.3,24.0,0.0,14.2,959.6,Low Risk,Jaipur (Rajasthan)
2024-04-23,37.1,19.0,0.0,18.2,959.1,Low Risk,Jaipur (Rajasthan)
2024-04-24,38.0,21.0,0.0,17.3,959.1,Low Risk,Jaipur (Rajasthan)
2024-04-25,39.0,17.0,0.0,14.3,959.5,Low Risk,Jaipur (Rajasthan)
2024-04-26,37.7,24.0,0.1,21.5,959.0,Low Risk,Jaipur (Rajasthan)
2024-04-27,36.5,25.0,0.0,22.8,959.7,Low Risk,Jaipur (Rajasthan)
2024-04-28,37.8,22.0,0.0,14.3,959.8,Low Risk,Jaipur (Rajasthan)
2024-04-29,37.3,21.0,0.0,24.5,959.6,Low Risk,Jaipur (Rajasthan)
2024-04-30,35.4,16.0,0.0,22.2,959.0,Low Risk,Jaipur (Rajasthan)
2024-05-01,33.8,17.0,0.0,20.4,956.8,Low Risk,Jaipur (Rajasthan)
2024-05-02,34.8,18.0,0.0,14.8,958.3,Low Risk,Jaipur (Rajasthan)
2024-05-03,37.9,14.0,0.0,12.6,959.1,Low Risk,Jaipur (Rajasthan)
2024-05-04,39.0,16.0,0.0,20.3,959.1,Low Risk,Jaipur (Rajasthan)
2024-05-05,39.2,22.0,0.0,18.0,956.1,Low Risk,Jaipur (Rajasthan)
2024-05-06,40.3,18.0,0.0,14.0,957.5,Low Risk,Jaipur (Rajasthan)
2024-05-07,41.8,16.0,0.0,16.6,958.4,Low Risk,Jaipur (Rajasthan)
2024-05-08,42.3,20.0,0.0,25.0,958.0,Drought Risk,Jaipur (Rajasthan)
2024-05-09,42.2,27.0,0.0,25.0,957.3,Low Risk,Jaipur (Rajasthan)
2024-05-10,42.2,24.0,0.0,29.3,958.5,Low Risk,Jaipur (Rajasthan)
2024-05-11,39.1,25.0,0.0,20.2,960.9,Low Risk,Jaipur (Rajasthan)
2024-05-12,40.1,22.0,0.0,19.6,960.6,Low Risk,Jaipur (Rajasthan)
2024-05-13,38.4,25.0,0.0,14.3,961.1,Low Risk,Jaipur (Rajasthan)
2024-05-14,40.7,21.0,0.0,18.7,961.5,Low Risk,Jaipur (Rajasthan)
2024-05-15,42.2,15.0,0.0,20.3,961.4,Drought Risk,Jaipur (Rajasthan)
2024-05-16,43.4,13.0,0.0,14.8,960.8,Drought Risk,Jaipur (Rajasthan)
2024-05-17,43.5,15.0,0.0,14.7,958.5,Drought Risk,Jaipur (Rajasthan)
2024-05-18,44.3,14.0,0.0,20.9,956.3,Drought Risk,Jaipur (Rajasthan)
2024-05-19,44.2,13.0,0.0,15.0,954.9,Drought Risk,Jaipur (Rajasthan)
2024-05-20,43.0,15.0,0.0,22.4,955.6,Drought Risk,Jaipur (Rajasthan)
2024-05-21,43.4,16.0,0.0,22.0,955.8,Drought Risk,Jaipur (Rajasthan)
2024-05-22,43.7,17.0,0.0,13.6,955.0,Drought Risk,Jaipur (Rajasthan)
2024-05-23,44.7,23.0,0.0,23.1,953.8,Low Risk,Jaipur (Rajasthan)
2024-05-24,42.7,30.0,0.0,19.8,954.4,Low Risk,Jaipur (Rajasthan)
2024-05-25,44.4,24.0,0.0,26.7,953.9,Low Risk,Jaipur (Rajasthan)
2024-05-26,45.4,16.0,0.0,28.6,952.5,Drought Risk,Jaipur (Rajasthan)
2024-05-27,46.3,15.0,0.0,19.7,949.9,Drought Risk,Jaipur (Rajasthan)
2024-05-28,44.9,16.0,0.0,26.7,949.0,Drought Risk,Jaipur (Rajasthan)
2024-05-29,45.7,24.0,0.0,25.7,950.4,Low Risk,Jaipur (Rajasthan)
2024-05-30,44.7,28.0,0.0,21.1,953.2,Low Risk,Jaipur (Rajasthan)
2024-05-31,44.4,20.0,0.0,22.8,954.7,Drought Risk,Jaipur (Rajasthan)
2024-06-01,41.5,27.0,0.0,27.7,955.8,Low Risk,Jaipur (Rajasthan)
2024-06-02,40.8,36.0,0.0,20.7,957.2,Low Risk,Jaipur (Rajasthan)
2024-06-03,41.9,29.0,0.0,19.2,956.3,Low Risk,Jaipur (Rajasthan)
2024-06-04,42.6,22.0,0.0,21.2,955.9,Drought Risk,Jaipur (Rajasthan)
2024-06-05,41.6,25.0,0.0,23.5,956.7,Low Risk,Jaipur (Rajasthan)
2024-06-06,41.3,27.0,0.0,20.1,958.5,Low Risk,Jaipur (Rajasthan)
2024-06-07,41.5,29.0,0.0,22.1,956.8,Low Risk,Jaipur (Rajasthan)
2024-06-08,40.1,30.0,0.0,23.3,955.5,Low Risk,Jaipur (Rajasthan)
2024-06-09,41.9,21.0,0.0,18.6,955.0,Low Risk,Jaipur (Rajasthan)
2024-06-10,42.3,17.0,0.0,21.9,955.3,Drought Risk,Jaipur (Rajasthan)
2024-06-11,41.9,25.0,0.0,20.1,955.4,Low Risk,Jaipur (Rajasthan)
2024-06-12,41.6,27.0,0.0,21.6,955.6,Low Risk,Jaipur (Rajasthan)
2024-06-13,40.7,31.0,1.5,24.7,955.3,Low Risk,Jaipur (Rajasthan)
2024-06-14,39.5,30.0,0.0,23.8,954.6,Low Risk,Jaipur (Rajasthan)
2024-06-15,41.4,29.0,0.0,21.4,954.4,Low Risk,Jaipur (Rajasthan)
2024-06-16,41.7,33.0,0.0,21.1,955.0,Low Risk,Jaipur (Rajasthan)
2024-06-17,42.2,33.0,0.0,23.1,955.0,Low Risk,Jaipur (Rajasthan)
2024-06-18,41.8,34.0,0.0,25.9,953.3,Low Risk,Jaipur (Rajasthan)
2024-06-19,40.9,38.0,0.0,23.1,951.4,Low Risk,Jaipur (Rajasthan)
2024-06-20,39.0,48.0,1.6,21.8,951.8,Low Risk,Jaipur (Rajasthan)
2024-06-21,36.9,65.0,2.8,17.5,953.4,Low Risk,Jaipur (Rajasthan)
2024-06-22,37.2,52.0,0.0,16.3,952.8,Low Risk,Jaipur (Rajasthan)
2024-06-23,37.6,50.0,0.0,9.7,953.1,Low Risk,Jaipur (Rajasthan)
2024-06-24,37.1,55.0,0.2,17.0,952.2,Low Risk,Jaipur (Rajasthan)
2024-06-25,36.1,67.0,3.9,18.0,951.2,Low Risk,Jaipur (Rajasthan)
2024-06-26,36.4,73.0,6.0,13.7,951.2,Low Risk,Jaipur (Rajasthan)
2024-06-27,33.5,78.0,17.9,20.5,953.1,Low Risk,Jaipur (Rajasthan)
2024-06-28,32.9,81.0,17.3,18.1,953.0,Low Risk,Jaipur (Rajasthan)
2024-06-29,30.8,86.0,30.5,9.0,952.6,Low Risk,Jaipur (Rajasthan)
2024-06-30,34.0,77.0,0.7,21.5,952.1,Low Risk,Jaipur (Rajasthan)
2024-07-01,34.2,72.0,0.1,19.6,950.1,Low Risk,Jaipur (Rajasthan)
2024-07-02,34.3,68.0,1.4,17.8,948.9,Low Risk,Jaipur (Rajasthan)
2024-07-03,35.9,74.0,2.9,18.6,950.9,Low Risk,Jaipur (Rajasthan)
2024-07-04,30.6,88.0,43.0,13.4,952.6,Low Risk,Jaipur (Rajasthan)
2024-07-05,33.3,87.0,28.4,18.2,950.2,Low Risk,Jaipur (Rajasthan)
2024-07-06,33.2,83.0,4.0,15.8,949.2,Low Risk,Jaipur (Rajasthan)
2024-07-07,33.6,76.0,3.8,18.4,952.0,Low Risk,Jaipur (Rajasthan)
2024-07-08,31.5,84.0,11.7,12.3,954.5,Low Risk,Jaipur (Rajasthan)
2024-07-09,34.0,77.0,5.3,9.8,955.3,Low Risk,Jaipur (Rajasthan)
2024-07-10,33.2,78.0,12.7,11.5,955.9,Low Risk,Jaipur (Rajasthan)
2024-07-11,35.4,74.0,8.2,21.7,953.3,Low Risk,Jaipur (Rajasthan)
2024-07-12,33.5,79.0,7.7,20.5,951.0,Low Risk,Jaipur (Rajasthan)
2024-07-13,33.4,77.0,0.5,15.8,951.4,Low Risk,Jaipur (Rajasthan)
2024-07-14,33.7,74.0,0.8,14.5,951.1,Low Risk,Jaipur (Rajasthan)
2024-07-15,33.5,75.0,1.0,12.6,952.5,Low Risk,Jaipur (Rajasthan)
2024-07-16,33.7,76.0,0.5,16.9,952.9,Low Risk,Jaipur (Rajasthan)
2024-07-17,34.4,73.0,0.9,14.8,953.1,Low Risk,Jaipur (Rajasthan)
2024-07-18,33.8,78.0,2.7,9.5,952.4,Low Risk,Jaipur (Rajasthan)
2024-07-19,34.5,77.0,0.3,16.9,951.2,Low Risk,Jaipur (Rajasthan)
2024-07-20,34.7,77.0,0.3,10.1,951.8,Low Risk,Jaipur (Rajasthan)
2024-07-21,35.0,74.0,0.4,10.6,951.7,Low Risk,Jaipur (Rajasthan)
2024-07-22,34.4,74.0,4.2,13.6,952.0,Low Risk,Jaipur (Rajasthan)
2024-07-23,34.1,76.0,1.2,18.4,951.5,Low Risk,Jaipur (Rajasthan)
2024-07-24,35.0,82.0,7.7,20.6,948.7,Low Risk,Jaipur (Rajasthan)
2024-07-25,32.1,87.0,28.8,14.3,947.9,Low Risk,Jaipur (Rajasthan)
2024-07-26,31.7,84.0,13.8,15.0,949.5,Low Risk,Jaipur (Rajasthan)
2024-07-27,32.9,83.0,16.6,14.5,951.1,Low Risk,Jaipur (Rajasthan)
2024-07-28,32.7,81.0,6.6,14.6,950.8,Low Risk,Jaipur (Rajasthan)
2024-07-29,33.6,77.0,0.6,20.9,950.3,Low Risk,Jaipur (Rajasthan)
2024-07-30,33.1,78.0,1.9,15.0,952.5,Low Risk,Jaipur (Rajasthan)
2024-07-31,32.8,81.0,3.9,17.6,953.3,Low Risk,Jaipur (Rajasthan)
2024-08-01,27.9,89.0,21.9,15.5,952.5,Low Risk,Jaipur (Rajasthan)
2024-08-02,30.0,87.0,10.6,14.6,950.9,Low Risk,Jaipur (Rajasthan)
2024-08-03,31.0,83.0,1.1,13.7,952.2,Low Risk,Jaipur (Rajasthan)
2024-08-04,31.5,81.0,3.3,20.4,953.0,Low Risk,Jaipur (Rajasthan)
2024-08-05,29.5,86.0,9.8,29.0,950.8,Low Risk,Jaipur (Rajasthan)
2024-08-06,28.1,85.0,2.2,24.2,953.2,Low Risk,Jaipur (Rajasthan)
2024-08-07,29.2,82.0,1.4,19.8,954.3,Low Risk,Jaipur (Rajasthan)
2024-08-08,28.4,87.0,9.8,19.9,955.8,Low Risk,Jaipur (Rajasthan)
2024-08-09,29.0,86.0,4.4,15.1,956.8,Low Risk,Jaipur (Rajasthan)
2024-08-10,30.7,88.0,10.5,18.6,955.8,Low Risk,Jaipur (Rajasthan)
2024-08-11,29.2,91.0,22.6,15.6,954.3,Low Risk,Jaipur (Rajasthan)
2024-08-12,30.0,89.0,33.8,16.2,955.2,Low Risk,Jaipur (Rajasthan)
2024-08-13,30.7,88.0,16.7,18.1,956.3,Low Risk,Jaipur (Rajasthan)
2024-08-14,30.3,90.0,32.9,20.3,956.8,Low Risk,Jaipur (Rajasthan)
2024-08-15,29.0,91.0,42.0,14.5,955.5,Low Risk,Jaipur (Rajasthan)
2024-08-16,28.6,90.0,39.6,13.1,954.6,Low Risk,Jaipur (Rajasthan)
2024-08-17,30.8,83.0,0.4,12.2,957.3,Low Risk,Jaipur (Rajasthan)
2024-08-18,31.4,78.0,0.5,12.3,958.5,Low Risk,Jaipur (Rajasthan)
2024-08-19,31.2,79.0,0.4,16.2,957.8,Low Risk,Jaipur (Rajasthan)
2024-08-20,31.4,76.0,1.2,9.3,957.4,Low Risk,Jaipur (Rajasthan)
2024-08-21,31.3,81.0,2.0,6.5,958.3,Low Risk,Jaipur (Rajasthan)
2024-08-22,31.4,86.0,9.1,9.7,957.5,Low Risk,Jaipur (Rajasthan)
2024-08-23,31.5,84.0,8.8,9.8,957.5,Low Risk,Jaipur (Rajasthan)
2024-08-24,31.8,85.0,10.4,12.8,956.5,Low Risk,Jaipur (Rajasthan)
2024-08-25,30.0,83.0,16.8,24.9,953.3,Low Risk,Jaipur (Rajasthan)
2024-08-26,30.2,87.0,10.9,24.5,952.8,Low Risk,Jaipur (Rajasthan)
2024-08-27,29.9,83.0,4.1,21.9,955.2,Low Risk,Jaipur (Rajasthan)
2024-08-28,30.4,77.0,0.0,16.5,955.9,Low Risk,Jaipur (Rajasthan)
2024-08-29,29.5,81.0,0.8,17.5,955.8,Low Risk,Jaipur (Rajasthan)
2024-08-30,30.6,84.0,6.0,12.7,958.3,Low Risk,Jaipur (Rajasthan)
2024-08-31,30.9,84.0,8.9,10.0,958.6,Low Risk,Jaipur (Rajasthan)
2024-09-01,31.7,81.0,1.5,10.3,958.0,Low Risk,Jaipur (Rajasthan)
2024-09-02,30.5,87.0,4.9,13.4,957.6,Low Risk,Jaipur (Rajasthan)
2024-09-03,30.9,86.0,2.6,16.6,957.8,Low Risk,Jaipur (Rajasthan)
2024-09-04,29.4,88.0,2.5,10.2,956.7,Low Risk,Jaipur (Rajasthan)
2024-09-05,28.5,90.0,22.5,10.1,954.9,Low Risk,Jaipur (Rajasthan)
2024-09-06,29.6,89.0,12.1,7.7,955.9,Low Risk,Jaipur (Rajasthan)
2024-09-07,29.1,89.0,11.2,8.2,957.0,Low Risk,Jaipur (Rajasthan)
2024-09-08,28.2,89.0,7.6,12.2,957.0,Low Risk,Jaipur (Rajasthan)
2024-09-09,30.5,87.0,2.4,6.7,955.4,Low Risk,Jaipur (Rajasthan)
2024-09-10,30.5,88.0,4.5,10.0,954.5,Low Risk,Jaipur (Rajasthan)
2024-09-11,31.2,87.0,17.5,20.1,953.9,Low Risk,Jaipur (Rajasthan)
2024-09-12,31.1,82.0,3.0,25.0,953.3,Low Risk,Jaipur (Rajasthan)
2024-09-13,30.5,78.0,0.0,27.2,955.3,Low Risk,Jaipur (Rajasthan)
2024-09-14,29.6,78.0,0.3,19.5,956.4,Low Risk,Jaipur (Rajasthan)
2024-09-15,29.9,76.0,0.0,15.3,957.5,Low Risk,Jaipur (Rajasthan)
2024-09-16,31.0,72.0,0.0,14.0,958.8,Low Risk,Jaipur (Rajasthan)
2024-09-17,30.1,75.0,0.0,15.6,959.6,Low Risk,Jaipur (Rajasthan)
2024-09-18,30.4,75.0,0.6,21.5,957.2,Low Risk,Jaipur (Rajasthan)
2024-09-19,27.7,82.0,0.2,11.1,957.4,Low Risk,Jaipur (Rajasthan)
2024-09-20,29.5,84.0,0.7,4.8,958.0,Low Risk,Jaipur (Rajasthan)
2024-09-21,30.0,80.0,0.8,7.6,959.4,Low Risk,Jaipur (Rajasthan)
2024-09-22,32.5,73.0,0.0,7.2,959.1,Low Risk,Jaipur (Rajasthan)
2024-09-23,32.6,74.0,0.0,9.6,958.8,Low Risk,Jaipur (Rajasthan)
2024-09-24,33.2,73.0,0.0,8.6,957.5,Low Risk,Jaipur (Rajasthan)
2024-09-25,32.8,74.0,0.9,11.6,957.1,Low Risk,Jaipur (Rajasthan)
2024-09-26,31.4,79.0,0.1,14.8,956.7,Low Risk,Jaipur (Rajasthan)
2024-09-27,31.2,78.0,0.0,14.3,956.6,Low Risk,Jaipur (Rajasthan)
2024-09-28,31.5,77.0,0.0,15.9,958.5,Low Risk,Jaipur (Rajasthan)
2024-09-29,31.7,78.0,0.0,12.8,961.3,Low Risk,Jaipur (Rajasthan)
2024-09-30,32.4,72.0,0.0,11.6,961.4,Low Risk,Jaipur (Rajasthan)
2024-10-01,34.6,63.0,0.0,16.0,959.2,Low Risk,Jaipur (Rajasthan)
2023-01-01,17.1,86.0,0.0,9.9,990.4,Low Risk,Ludhiana (Punjab)
2023-01-02,15.6,92.0,0.0,10.5,991.6,Low Risk,Ludhiana (Punjab)
2023-01-03,15.2,92.0,0.0,10.7,992.9,Low Risk,Ludhiana (Punjab)
2023-01-04,16.0,91.0,0.0,9.9,992.9,Low Risk,Ludhiana (Punjab)
2023-01-05,14.6,90.0,0.0,6.5,994.0,Low Risk,Ludhiana (Punjab)
2023-01-06,12.5,92.0,0.0,7.9,994.5,Low Risk,Ludhiana (Punjab)
2023-01-07,15.2,91.0,0.0,10.8,992.5,Low Risk,Ludhiana (Punjab)
2023-01-08,16.0,91.0,0.0,13.1,989.5,Low Risk,Ludhiana (Punjab)
2023-01-09,15.4,93.0,0.0,8.4,990.5,Low Risk,Ludhiana (Punjab)
2023-01-10,16.1,92.0,0.0,10.4,989.8,Low Risk,Ludhiana (Punjab)
2023-01-11,15.8,92.0,0.7,9.6,985.2,Low Risk,Ludhiana (Punjab)
2023-01-12,18.6,86.0,1.4,15.6,983.4,Low Risk,Ludhiana (Punjab)
2023-01-13,16.1,90.0,7.5,17.7,984.4,Low Risk,Ludhiana (Punjab)
2023-01-14,14.6,89.0,0.0,12.9,987.6,Low Risk,Ludhiana (Punjab)
2023-01-15,14.7,74.0,0.0,11.4,985.8,Low Risk,Ludhiana (Punjab)
2023-01-16,15.2,73.0,0.0,11.6,987.0,Low Risk,Ludhiana (Punjab)
2023-01-17,15.1,75.0,0.0,11.2,987.4,Low Risk,Ludhiana (Punjab)
2023-01-18,15.6,75.0,0.0,11.1,989.3,Low Risk,Ludhiana (Punjab)
2023-01-19,18.5,70.0,0.0,10.4,989.6,Low Risk,Ludhiana (Punjab)
2023-01-20,15.3,79.0,1.0,11.2,989.0,Low Risk,Ludhiana (Punjab)
2023-01-21,18.8,82.0,0.0,10.0,988.1,Low Risk,Ludhiana (Punjab)
2023-01-22,19.2,81.0,0.0,10.5,987.2,Low Risk,Ludhiana (Punjab)
2023-01-23,20.3,81.0,0.0,9.4,986.9,Low Risk,Ludhiana (Punjab)
2023-01-24,18.2,88.0,15.0,14.9,985.0,Low Risk,Ludhiana (Punjab)
2023-01-25,18.4,89.0,7.1,11.0,986.8,Low Risk,Ludhiana (Punjab)
2023-01-26,16.3,88.0,0.0,13.0,989.6,Low Risk,Ludhiana (Punjab)
2023-01-27,17.7,72.0,0.0,14.3,988.9,Low Risk,Ludhiana (Punjab)
2023-01-28,19.3,77.0,0.0,11.2,985.3,Low Risk,Ludhiana (Punjab)
2023-01-29,17.8,88.0,1.4,16.9,984.1,Low Risk,Ludhiana (Punjab)
2023-01-30,17.8,84.0,14.9,17.3,988.7,Low Risk,Ludhiana (Punjab)
2023-01-31,18.4,85.0,0.0,15.3,990.0,Low Risk,Ludhiana (Punjab)
2023-02-01,18.5,83.0,0.0,12.8,988.5,Low Risk,Ludhiana (Punjab)
2023-02-02,19.5,79.0,0.0,13.2,987.0,Low Risk,Ludhiana (Punjab)
2023-02-03,20.9,79.0,0.0,11.0,986.5,Low Risk,Ludhiana (Punjab)
2023-02-04,21.4,80.0,0.0,12.6,984.4,Low Risk,Ludhiana (Punjab)
2023-02-05,21.6,78.0,0.0,10.2,982.9,Low Risk,Ludhiana (Punjab)
2023-02-06,22.2,79.0,0.4,16.2,982.7,Low Risk,Ludhiana (Punjab)
2023-02-07,21.5,72.0,0.0,13.7,982.8,Low Risk,Ludhiana (Punjab)
2023-02-08,21.6,68.0,0.0,11.9,984.5,Low Risk,Ludhiana (Punjab)
2023-02-09,21.7,70.0,0.0,15.7,982.2,Low Risk,Ludhiana (Punjab)
2023-02-10,23.8,65.0,1.3,23.7,982.1,Low Risk,Ludhiana (Punjab)
2023-02-11,22.3,73.0,0.0,11.3,985.0,Low Risk,Ludhiana (Punjab)
2023-02-12,19.6,52.0,0.0,17.6,989.0,Low Risk,Ludhiana (Punjab)
2023-02-13,18.9,49.0,0.0,14.8,987.2,Low Risk,Ludhiana (Punjab)
2023-02-14,22.0,59.0,0.0,10.8,986.6,Low Risk,Ludhiana (Punjab)
2023-02-15,24.6,66.0,0.0,14.1,984.2,Low Risk,Ludhiana (Punjab)
2023-02-16,26.5,67.0,0.0,10.8,985.5,Low Risk,Ludhiana (Punjab)
2023-02-17,26.0,80.0,0.0,9.9,987.1,Low Risk,Ludhiana (Punjab)
2023-02-18,26.1,80.0,0.0,10.1,985.9,Low Risk,Ludhiana (Punjab)
2023-02-19,26.5,79.0,0.0,8.5,984.8,Low Risk,Ludhiana (Punjab)
2023-02-20,28.8,73.0,0.0,14.6,981.8,Low Risk,Ludhiana (Punjab)
2023-02-21,27.1,70.0,0.0,13.4,982.6,Low Risk,Ludhiana (Punjab)
2023-02-22,26.4,69.0,0.0,11.4,984.0,Low Risk,Ludhiana (Punjab)
2023-02-23,26.2,67.0,0.0,14.6,984.0,Low Risk,Ludhiana (Punjab)
2023-02-24,26.7,62.0,0.0,11.8,985.4,Low Risk,Ludhiana (Punjab)
2023-02-25,27.1,65.0,0.0,9.4,987.0,Low Risk,Ludhiana (Punjab)
2023-02-26,26.7,74.0,0.0,12.3,989.0,Low Risk,Ludhiana (Punjab)
2023-02-27,27.3,62.0,0.0,11.0,988.7,Low Risk,Ludhiana (Punjab)
2023-02-28,20.1,71.0,2.4,20.6,989.3,Low Risk,Ludhiana (Punjab)
2023-03-01,26.1,72.0,2.6,14.8,990.9,Low Risk,Ludhiana (Punjab)
2023-03-02,27.5,70.0,0.0,11.2,990.2,Low Risk,Ludhiana (Punjab)
2023-03-03,27.0,66.0,0.0,12.6,990.6,Low Risk,Ludhiana (Punjab)
2023-03-04,26.5,66.0,0.0,9.7,990.5,Low Risk,Ludhiana (Punjab)
2023-03-05,27.0,67.0,0.0,13.2,989.5,Low Risk,Ludhiana (Punjab)
2023-03-06,27.7,61.0,0.0,14.3,986.8,Low Risk,Ludhiana (Punjab)
2023-03-07,27.9,56.0,0.0,12.0,986.4,Low Risk,Ludhiana (Punjab)
2023-03-08,27.6,60.0,0.0,8.4,987.5,Low Risk,Ludhiana (Punjab)
2023-03-09,27.7,66.0,0.0,9.9,987.9,Low Risk,Ludhiana (Punjab)
2023-03-10,28.5,61.0,0.0,12.3,986.7,Low Risk,Ludhiana (Punjab)
2023-03-11,29.3,65.0,0.0,11.8,986.2,Low Risk,Ludhiana (Punjab)
2023-03-12,29.6,64.0,0.0,10.5,986.0,Low Risk,Ludhiana (Punjab)
2023-03-13,29.8,68.0,0.0,9.9,984.9,Low Risk,Ludhiana (Punjab)
2023-03-14,29.7,64.0,0.0,13.0,981.9,Low Risk,Ludhiana (Punjab)
2023-03-15,30.4,60.0,0.0,10.7,980.7,Low Risk,Ludhiana (Punjab)
2023-03-16,29.4,64.0,0.1,17.0,981.4,Low Risk,Ludhiana (Punjab)
2023-03-17,26.9,65.0,0.4,16.3,983.8,Low Risk,Ludhiana (Punjab)
2023-03-18,23.7,82.0,12.8,12.7,983.0,Low Risk,Ludhiana (Punjab)
2023-03-19,25.1,82.0,4.7,12.2,980.6,Low Risk,Ludhiana (Punjab)
2023-03-20,22.6,87.0,16.4,11.2,979.6,Low Risk,Ludhiana (Punjab)
2023-03-21,23.9,80.0,0.2,7.8,980.5,Low Risk,Ludhiana (Punjab)
2023-03-22,25.2,76.0,0.0,10.8,981.7,Low Risk,Ludhiana (Punjab)
2023-03-23,26.2,70.0,0.7,13.6,980.7,Low Risk,Ludhiana (Punjab)
2023-03-24,24.7,80.0,10.4,15.5,980.2,Low Risk,Ludhiana (Punjab)
2023-03-25,24.7,82.0,19.9,19.5,983.1,Low Risk,Ludhiana (Punjab)
2023-03-26,24.9,75.0,1.4,8.4,983.2,Low Risk,Ludhiana (Punjab)
2023-03-27,25.0,74.0,0.0,9.6,981.8,Low Risk,Ludhiana (Punjab)
2023-03-28,26.6,64.0,0.0,10.8,981.5,Low Risk,Ludhiana (Punjab)
2023-03-29,28.1,66.0,0.0,10.3,981.9,Low Risk,Ludhiana (Punjab)
2023-03-30,28.6,68.0,4.2,19.2,980.3,Low Risk,Ludhiana (Punjab)
2023-03-31,21.8,85.0,7.2,17.2,979.9,Low Risk,Ludhiana (Punjab)
2023-04-01,23.7,86.0,11.3,15.1,980.9,Low Risk,Ludhiana (Punjab)
2023-04-02,25.7,78.0,0.0,9.9,980.0,Low Risk,Ludhiana (Punjab)
2023-04-03,25.3,77.0,4.0,20.6,979.0,Low Risk,Ludhiana (Punjab)
2023-04-04,26.5,72.0,3.1,13.7,981.4,Low Risk,Ludhiana (Punjab)
2023-04-05,27.4,64.0,0.0,12.4,981.7,Low Risk,Ludhiana (Punjab)
2023-04-06,28.3,57.0,0.0,14.3,984.1,Low Risk,Ludhiana (Punjab)
2023-04-07,28.8,57.0,0.0,15.6,985.5,Low Risk,Ludhiana (Punjab)
2023-04-08,30.4,52.0,0.0,12.0,985.7,Low Risk,Ludhiana (Punjab)
2023-04-09,31.4,43.0,0.0,10.7,985.7,Low Risk,Ludhiana (Punjab)
2023-04-10,32.8,45.0,0.0,16.3,983.8,Low Risk,Ludhiana (Punjab)
2023-04-11,34.0,43.0,0.0,19.9,983.3,Low Risk,Ludhiana (Punjab)
2023-04-12,35.2,39.0,0.0,16.0,982.7,Low Risk,Ludhiana (Punjab)
2023-04-13,35.2,40.0,0.0,17.4,981.1,Low Risk,Ludhiana (Punjab)
2023-04-14,36.8,36.0,0.0,15.3,980.1,Low Risk,Ludhiana (Punjab)
2023-04-15,37.9,39.0,0.0,13.7,979.4,Low Risk,Ludhiana (Punjab)
2023-04-16,37.8,36.0,0.0,13.0,978.6,Low Risk,Ludhiana (Punjab)
2023-04-17,38.5,33.0,0.0,9.4,978.4,Low Risk,Ludhiana (Punjab)
2023-04-18,36.7,35.0,0.0,17.6,979.9,Low Risk,Ludhiana (Punjab)
2023-04-19,32.3,53.0,2.7,21.6,978.0,Low Risk,Ludhiana (Punjab)
2023-04-20,30.4,53.0,0.5,17.8,975.5,Low Risk,Ludhiana (Punjab)
2023-04-21,31.3,42.0,0.9,16.8,976.7,Low Risk,Ludhiana (Punjab)
2023-04-22,31.2,38.0,0.0,17.0,978.0,Low Risk,Ludhiana (Punjab)
2023-04-23,31.2,38.0,0.0,12.2,978.6,Low Risk,Ludhiana (Punjab)
2023-04-24,33.3,39.0,0.0,13.0,981.4,Low Risk,Ludhiana (Punjab)
2023-04-25,33.7,40.0,0.0,17.7,982.8,Low Risk,Ludhiana (Punjab)
2023-04-26,34.7,41.0,0.3,15.8,979.8,Low Risk,Ludhiana (Punjab)
2023-04-27,32.0,42.0,0.4,22.7,979.6,Low Risk,Ludhiana (Punjab)
2023-04-28,34.3,46.0,1.4,16.3,980.4,Low Risk,Ludhiana (Punjab)
2023-04-29,34.7,45.0,0.0,16.6,979.0,Low Risk,Ludhiana (Punjab)
2023-04-30,31.0,55.0,1.2,10.7,978.5,Low Risk,Ludhiana (Punjab)
2023-05-01,25.1,78.0,4.3,20.0,979.4,Low Risk,Ludhiana (Punjab)
2023-05-02,26.7,78.0,5.9,15.4,981.0,Low Risk,Ludhiana (Punjab)
2023-05-03,28.3,79.0,15.2,10.2,981.8,Low Risk,Ludhiana (Punjab)
2023-05-04,29.1,69.0,1.4,9.4,981.4,Low Risk,Ludhiana (Punjab)
2023-05-05,31.1,56.0,0.0,12.3,979.6,Low Risk,Ludhiana (Punjab)
2023-05-06,33.0,51.0,0.0,17.7,977.6,Low Risk,Ludhiana (Punjab)
2023-05-07,34.4,47.0,0.0,18.5,976.5,Low Risk,Ludhiana (Punjab)
2023-05-08,34.6,44.0,0.2,23.6,976.3,Low Risk,Ludhiana (Punjab)
2023-05-09,33.5,37.0,0.0,17.2,979.7,Low Risk,Ludhiana (Punjab)
2023-05-10,34.3,40.0,0.0,15.0,978.0,Low Risk,Ludhiana (Punjab)
2023-05-11,37.1,37.0,0.0,11.2,978.2,Low Risk,Ludhiana (Punjab)
2023-05-12,38.0,33.0,0.0,8.1,977.7,Low Risk,Ludhiana (Punjab)
2023-05-13,38.8,36.0,0.0,12.6,976.9,Low Risk,Ludhiana (Punjab)
2023-05-14,38.7,31.0,0.0,17.2,974.4,Low Risk,Ludhiana (Punjab)
2023-05-15,38.7,29.0,0.0,12.6,973.6,Low Risk,Ludhiana (Punjab)
2023-05-16,38.5,31.0,0.0,13.5,975.4,Low Risk,Ludhiana (Punjab)
2023-05-17,38.9,31.0,0.0,18.2,976.5,Low Risk,Ludhiana (Punjab)
2023-05-18,32.8,49.0,2.5,13.5,980.7,Low Risk,Ludhiana (Punjab)
2023-05-19,35.7,43.0,0.0,14.3,978.1,Low Risk,Ludhiana (Punjab)
2023-05-20,38.5,38.0,0.0,15.3,975.5,Low Risk,Ludhiana (Punjab)
2023-05-21,41.2,34.0,0.0,12.7,975.8,Low Risk,Ludhiana (Punjab)
2023-05-22,42.4,30.0,0.0,18.5,976.0,Low Risk,Ludhiana (Punjab)
2023-05-23,40.7,36.0,0.6,20.7,976.4,Low Risk,Ludhiana (Punjab)
2023-05-24,31.3,59.0,14.8,22.7,976.5,Low Risk,Ludhiana (Punjab)
2023-05-25,33.7,64.0,1.4,15.9,976.7,Low Risk,Ludhiana (Punjab)
2023-05-26,31.5,65.0,2.5,12.9,977.7,Low Risk,Ludhiana (Punjab)
2023-05-27,32.8,63.0,0.1,11.8,977.3,Low Risk,Ludhiana (Punjab)
2023-05-28,34.6,54.0,0.0,8.4,977.9,Low Risk,Ludhiana (Punjab)
2023-05-29,33.6,62.0,0.9,26.4,980.3,Low Risk,Ludhiana (Punjab)
2023-05-30,32.6,62.0,0.3,15.0,980.2,Low Risk,Ludhiana (Punjab)
2023-05-31,25.7,85.0,63.0,16.5,978.6,Low Risk,Ludhiana (Punjab)
2023-06-01,30.2,73.0,0.1,15.1,978.6,Low Risk,Ludhiana (Punjab)
2023-06-02,29.0,72.0,1.5,16.6,977.9,Low Risk,Ludhiana (Punjab)
2023-06-03,32.6,62.0,0.0,7.9,977.7,Low Risk,Ludhiana (Punjab)
2023-06-04,34.3,58.0,0.0,8.6,977.1,Low Risk,Ludhiana (Punjab)
2023-06-05,36.0,50.0,0.0,16.4,975.5,Low Risk,Ludhiana (Punjab)
2023-06-06,35.3,53.0,0.6,25.5,975.9,Low Risk,Ludhiana (Punjab)
2023-06-07,33.5,58.0,0.4,30.7,976.1,Low Risk,Ludhiana (Punjab)
2023-06-08,36.8,52.0,0.0,12.8,975.1,Low Risk,Ludhiana (Punjab)
2023-06-09,38.7,47.0,0.2,12.0,972.0,Low Risk,Ludhiana (Punjab)
2023-06-10,39.2,51.0,0.1,20.4,970.5,Low Risk,Ludhiana (Punjab)
2023-06-11,37.3,58.0,0.0,14.8,971.1,Low Risk,Ludhiana (Punjab)
2023-06-12,38.3,55.0,0.0,13.5,970.5,Low Risk,Ludhiana (Punjab)
2023-06-13,39.9,53.0,0.0,29.4,970.4,Low Risk,Ludhiana (Punjab)
2023-06-14,37.2,59.0,1.2,13.2,971.4,Low Risk,Ludhiana (Punjab)
2023-06-15,34.2,69.0,3.1,11.8,973.0,Low Risk,Ludhiana (Punjab)
2023-06-16,35.9,62.0,0.9,15.8,972.3,Low Risk,Ludhiana (Punjab)
2023-06-17,37.3,58.0,0.0,10.7,972.1,Low Risk,Ludhiana (Punjab)
2023-06-18,34.9,66.0,1.5,13.5,972.7,Low Risk,Ludhiana (Punjab)
2023-06-19,37.5,60.0,0.0,10.4,971.7,Low Risk,Ludhiana (Punjab)
2023-06-20,38.6,59.0,0.0,7.4,970.7,Low Risk,Ludhiana (Punjab)
2023-06-21,38.7,59.0,0.0,19.4,971.4,Low Risk,Ludhiana (Punjab)
2023-06-22,38.0,65.0,8.2,18.2,971.5,Low Risk,Ludhiana (Punjab)
2023-06-23,37.8,67.0,1.2,18.6,971.6,Low Risk,Ludhiana (Punjab)
2023-06-24,38.4,66.0,0.7,22.1,971.3,Low Risk,Ludhiana (Punjab)
2023-06-25,36.3,71.0,7.4,23.2,972.1,Low Risk,Ludhiana (Punjab)
2023-06-26,33.2,80.0,2.9,15.1,973.8,Low Risk,Ludhiana (Punjab)
2023-06-27,34.0,78.0,11.0,11.6,972.6,Low Risk,Ludhiana (Punjab)
2023-06-28,34.5,76.0,0.4,13.2,973.9,Low Risk,Ludhiana (Punjab)
2023-06-29,32.8,82.0,8.6,13.2,973.1,Low Risk,Ludhiana (Punjab)
2023-06-30,34.2,77.0,1.6,14.7,971.3,Low Risk,Ludhiana (Punjab)
2023-07-01,34.7,75.0,2.6,14.5,972.2,Low Risk,Ludhiana (Punjab)
2023-07-02,35.4,75.0,2.7,14.6,972.7,Low Risk,Ludhiana (Punjab)
2023-07-03,36.6,72.0,0.0,13.7,971.9,Low Risk,Ludhiana (Punjab)
2023-07-04,36.3,75.0,21.6,19.7,970.4,Low Risk,Ludhiana (Punjab)
2023-07-05,31.3,86.0,7.2,18.6,971.1,Low Risk,Ludhiana (Punjab)
2023-07-06,33.5,84.0,0.8,10.8,973.4,Low Risk,Ludhiana (Punjab)
2023-07-07,31.7,82.0,7.2,14.0,974.0,Low Risk,Ludhiana (Punjab)
2023-07-08,27.4,92.0,21.8,16.4,974.5,Low Risk,Ludhiana (Punjab)
2023-07-09,29.3,90.0,55.5,17.2,973.1,Low Risk,Ludhiana (Punjab)
2023-07-10,28.9,88.0,0.8,15.5,973.8,Low Risk,Ludhiana (Punjab)
2023-07-11,32.6,81.0,0.7,10.1,973.3,Low Risk,Ludhiana (Punjab)
2023-07-12,34.2,81.0,0.1,10.1,972.8,Low Risk,Ludhiana (Punjab)
2023-07-13,33.1,83.0,1.2,13.3,972.9,Low Risk,Ludhiana (Punjab)
2023-07-14,33.1,83.0,0.8,11.8,973.5,Low Risk,Ludhiana (Punjab)
2023-07-15,33.8,82.0,3.1,13.2,972.5,Low Risk,Ludhiana (Punjab)
2023-07-16,32.0,87.0,21.2,15.9,973.1,Low Risk,Ludhiana (Punjab)
2023-07-17,33.5,86.0,4.7,10.2,972.1,Low Risk,Ludhiana (Punjab)
2023-07-18,32.0,86.0,0.9,15.0,972.0,Low Risk,Ludhiana (Punjab)
2023-07-19,32.3,86.0,3.9,14.8,972.5,Low Risk,Ludhiana (Punjab)
2023-07-20,35.0,79.0,0.2,8.2,972.3,Low Risk,Ludhiana (Punjab)
2023-07-21,35.0,80.0,0.7,10.0,973.5,Low Risk,Ludhiana (Punjab)
2023-07-22,31.6,87.0,5.7,18.7,976.6,Low Risk,Ludhiana (Punjab)
2023-07-23,33.3,80.0,0.6,12.8,976.7,Low Risk,Ludhiana (Punjab)
2023-07-24,33.4,82.0,2.8,12.1,974.4,Low Risk,Ludhiana (Punjab)
2023-07-25,33.5,82.0,7.9,13.2,974.0,Low Risk,Ludhiana (Punjab)
2023-07-26,31.4,87.0,8.1,12.4,975.6,Low Risk,Ludhiana (Punjab)
2023-07-27,32.2,84.0,3.0,10.8,974.7,Low Risk,Ludhiana (Punjab)
2023-07-28,30.4,89.0,21.8,8.3,972.5,Low Risk,Ludhiana (Punjab)
2023-07-29,32.6,85.0,4.0,9.5,971.4,Low Risk,Ludhiana (Punjab)
2023-07-30,33.0,85.0,0.2,6.5,971.1,Low Risk,Ludhiana (Punjab)
2023-07-31,33.7,78.0,0.1,11.1,970.5,Low Risk,Ludhiana (Punjab)
2023-08-01,34.3,80.0,0.0,10.6,969.4,Low Risk,Ludhiana (Punjab)
2023-08-02,34.6,81.0,1.2,13.2,969.8,Low Risk,Ludhiana (Punjab)
2023-08-03,33.6,83.0,2.8,11.0,970.4,Low Risk,Ludhiana (Punjab)
2023-08-04,33.4,86.0,7.6,12.7,972.5,Low Risk,Ludhiana (Punjab)
2023-08-05,32.8,87.0,3.7,10.5,974.0,Low Risk,Ludhiana (Punjab)
2023-08-06,32.9,86.0,10.1,14.3,971.0,Low Risk,Ludhiana (Punjab)
2023-08-07,33.3,83.0,7.7,10.5,968.7,Low Risk,Ludhiana (Punjab)
2023-08-08,33.9,82.0,0.3,10.1,969.7,Low Risk,Ludhiana (Punjab)
2023-08-09,34.0,82.0,2.2,10.8,973.3,Low Risk,Ludhiana (Punjab)
2023-08-10,32.7,86.0,6.1,13.8,975.0,Low Risk,Ludhiana (Punjab)
2023-08-11,32.9,88.0,8.0,10.4,975.2,Low Risk,Ludhiana (Punjab)
2023-08-12,34.0,82.0,0.0,9.7,972.7,Low Risk,Ludhiana (Punjab)
2023-08-13,34.3,82.0,1.9,16.9,970.4,Low Risk,Ludhiana (Punjab)
2023-08-14,32.3,83.0,9.9,15.9,974.5,Low Risk,Ludhiana (Punjab)
2023-08-15,33.0,80.0,4.7,15.5,975.8,Low Risk,Ludhiana (Punjab)
2023-08-16,33.8,79.0,0.0,10.5,975.2,Low Risk,Ludhiana (Punjab)
2023-08-17,33.8,83.0,1.9,10.5,974.5,Low Risk,Ludhiana (Punjab)
2023-08-18,34.6,80.0,0.0,6.3,974.8,Low Risk,Ludhiana (Punjab)
2023-08-19,33.7,84.0,3.5,10.0,975.6,Low Risk,Ludhiana (Punjab)
2023-08-20,34.0,84.0,0.9,12.9,976.1,Low Risk,Ludhiana (Punjab)
2023-08-21,34.5,85.0,2.8,7.9,974.4,Low Risk,Ludhiana (Punjab)
2023-08-22,35.9,81.0,0.5,11.6,972.0,Low Risk,Ludhiana (Punjab)
2023-08-23,33.1,84.0,1.5,19.1,971.1,Low Risk,Ludhiana (Punjab)
2023-08-24,33.3,81.0,0.5,11.6,970.6,Low Risk,Ludhiana (Punjab)
2023-08-25,33.4,81.0,1.3,14.2,970.9,Low Risk,Ludhiana (Punjab)
2023-08-26,31.3,84.0,9.7,16.0,973.1,Low Risk,Ludhiana (Punjab)
2023-08-27,33.1,76.0,0.0,8.6,972.7,Low Risk,Ludhiana (Punjab)
2023-08-28,32.2,80.0,4.0,24.2,972.8,Low Risk,Ludhiana (Punjab)
2023-08-29,33.7,77.0,0.0,13.0,975.1,Low Risk,Ludhiana (Punjab)
2023-08-30,34.2,72.0,0.0,10.7,976.8,Low Risk,Ludhiana (Punjab)
2023-08-31,34.5,71.0,0.0,9.4,977.4,Low Risk,Ludhiana (Punjab)
2023-09-01,36.1,71.0,0.0,10.0,977.0,Low Risk,Ludhiana (Punjab)
2023-09-02,36.0,68.0,0.0,12.9,975.8,Low Risk,Ludhiana (Punjab)
2023-09-03,35.3,65.0,0.0,11.5,974.8,Low Risk,Ludhiana (Punjab)
2023-09-04,35.8,65.0,0.0,10.1,974.5,Low Risk,Ludhiana (Punjab)
2023-09-05,35.0,73.0,0.0,11.9,976.0,Low Risk,Ludhiana (Punjab)
2023-09-06,35.5,69.0,0.0,8.1,976.7,Low Risk,Ludhiana (Punjab)
2023-09-07,36.5,67.0,0.0,7.1,976.0,Low Risk,Ludhiana (Punjab)
2023-09-08,34.9,71.0,0.1,8.7,976.2,Low Risk,Ludhiana (Punjab)
2023-09-09,32.7,78.0,7.8,17.6,975.6,Low Risk,Ludhiana (Punjab)
2023-09-10,32.7,77.0,1.8,10.9,974.0,Low Risk,Ludhiana (Punjab)
2023-09-11,34.0,73.0,0.0,9.4,974.3,Low Risk,Ludhiana (Punjab)
2023-09-12,34.5,77.0,0.0,11.8,974.2,Low Risk,Ludhiana (Punjab)
2023-09-13,33.6,80.0,2.2,15.2,974.5,Low Risk,Ludhiana (Punjab)
2023-09-14,34.0,79.0,2.4,13.4,975.7,Low Risk,Ludhiana (Punjab)
2023-09-15,32.3,84.0,8.6,14.1,977.1,Low Risk,Ludhiana (Punjab)
2023-09-16,33.4,81.0,0.6,9.3,976.8,Low Risk,Ludhiana (Punjab)
2023-09-17,30.0,91.0,15.6,11.1,975.8,Low Risk,Ludhiana (Punjab)
2023-09-18,31.5,84.0,17.2,15.2,976.1,Low Risk,Ludhiana (Punjab)
2023-09-19,31.9,84.0,21.4,10.8,978.3,Low Risk,Ludhiana (Punjab)
2023-09-20,33.1,80.0,0.8,11.7,978.2,Low Risk,Ludhiana (Punjab)
2023-09-21,33.5,76.0,0.0,10.0,977.2,Low Risk,Ludhiana (Punjab)
2023-09-22,33.3,78.0,0.0,13.9,977.4,Low Risk,Ludhiana (Punjab)
2023-09-23,32.2,80.0,0.2,9.9,978.2,Low Risk,Ludhiana (Punjab)
2023-09-24,31.7,83.0,0.0,7.9,977.6,Low Risk,Ludhiana (Punjab)
2023-09-25,31.2,85.0,1.7,19.3,978.4,Low Risk,Ludhiana (Punjab)
2023-09-26,32.2,76.0,0.0,9.4,979.5,Low Risk,Ludhiana (Punjab)
2023-09-27,32.3,74.0,0.0,14.0,979.2,Low Risk,Ludhiana (Punjab)
2023-09-28,32.7,72.0,0.0,10.0,978.4,Low Risk,Ludhiana (Punjab)
2023-09-29,33.2,69.0,0.0,8.9,978.3,Low Risk,Ludhiana (Punjab)
2023-09-30,33.2,68.0,0.0,12.9,978.6,Low Risk,Ludhiana (Punjab)
2023-10-01,32.8,65.0,0.0,9.3,978.0,Low Risk,Ludhiana (Punjab)
2023-10-02,32.2,53.0,0.0,14.5,978.8,Low Risk,Ludhiana (Punjab)
2023-10-03,32.8,61.0,0.0,15.6,979.3,Low Risk,Ludhiana (Punjab)
2023-10-04,33.2,63.0,0.0,14.3,979.5,Low Risk,Ludhiana (Punjab)
2023-10-05,33.3,64.0,0.0,12.4,978.6,Low Risk,Ludhiana (Punjab)
2023-10-06,34.1,64.0,0.0,9.7,977.3,Low Risk,Ludhiana (Punjab)
2023-10-07,34.4,68.0,0.0,9.1,978.5,Low Risk,Ludhiana (Punjab)
2023-10-08,34.1,69.0,0.0,8.4,979.2,Low Risk,Ludhiana (Punjab)
2023-10-09,34.5,66.0,0.0,10.6,979.6,Low Risk,Ludhiana (Punjab)
2023-10-10,33.1,60.0,0.0,14.9,981.6,Low Risk,Ludhiana (Punjab)
2023-10-11,31.5,68.0,0.0,10.7,982.1,Low Risk,Ludhiana (Punjab)
2023-10-12,31.6,62.0,0.0,10.7,983.3,Low Risk,Ludhiana (Punjab)
2023-10-13,32.2,66.0,0.0,8.7,983.8,Low Risk,Ludhiana (Punjab)
2023-10-14,31.8,72.0,0.0,12.2,983.3,Low Risk,Ludhiana (Punjab)
2023-10-15,31.7,67.0,0.7,23.2,981.6,Low Risk,Ludhiana (Punjab)
2023-10-16,26.8,78.0,17.8,21.8,982.6,Low Risk,Ludhiana (Punjab)
2023-10-17,26.3,74.0,0.0,10.6,986.8,Low Risk,Ludhiana (Punjab)
2023-10-18,26.8,70.0,0.0,11.9,986.8,Low Risk,Ludhiana (Punjab)
2023-10-19,27.3,71.0,0.0,9.8,986.0,Low Risk,Ludhiana (Punjab)
2023-10-20,29.0,71.0,0.0,8.7,986.5,Low Risk,Ludhiana (Punjab)
2023-10-21,29.3,71.0,0.0,10.3,986.9,Low Risk,Ludhiana (Punjab)
2023-10-22,27.6,72.0,0.0,9.4,987.6,Low Risk,Ludhiana (Punjab)
2023-10-23,29.3,72.0,0.0,10.7,986.0,Low Risk,Ludhiana (Punjab)
2023-10-24,29.5,68.0,0.0,11.7,985.3,Low Risk,Ludhiana (Punjab)
2023-10-25,29.7,68.0,0.0,10.6,986.0,Low Risk,Ludhiana (Punjab)
2023-10-26,29.8,69.0,0.0,12.5,985.5,Low Risk,Ludhiana (Punjab)
2023-10-27,30.1,62.0,0.0,9.9,984.6,Low Risk,Ludhiana (Punjab)
2023-10-28,29.9,66.0,0.0,9.7,984.8,Low Risk,Ludhiana (Punjab)
2023-10-29,30.0,68.0,0.0,8.5,985.2,Low Risk,Ludhiana (Punjab)
2023-10-30,30.0,69.0,0.0,8.1,986.0,Low Risk,Ludhiana (Punjab)
2023-10-31,30.2,70.0,0.0,8.5,987.2,Low Risk,Ludhiana (Punjab)
2023-11-01,29.7,68.0,0.0,9.0,987.9,Low Risk,Ludhiana (Punjab)
2023-11-02,29.7,67.0,0.0,12.6,986.0,Low Risk,Ludhiana (Punjab)
2023-11-03,28.6,67.0,0.1,10.7,983.6,Low Risk,Ludhiana (Punjab)
2023-11-04,29.5,63.0,0.0,11.5,983.9,Low Risk,Ludhiana (Punjab)
2023-11-05,29.4,65.0,0.0,10.9,985.3,Low Risk,Ludhiana (Punjab)
2023-11-06,28.7,64.0,0.0,9.4,986.9,Low Risk,Ludhiana (Punjab)
2023-11-07,28.8,69.0,0.0,10.0,986.3,Low Risk,Ludhiana (Punjab)
2023-11-08,29.3,70.0,0.1,13.6,985.2,Low Risk,Ludhiana (Punjab)
2023-11-09,28.5,69.0,0.0,8.7,985.0,Low Risk,Ludhiana (Punjab)
2023-11-10,21.6,82.0,5.6,19.1,987.3,Low Risk,Ludhiana (Punjab)
2023-11-11,24.5,80.0,0.0,11.0,989.2,Low Risk,Ludhiana (Punjab)
2023-11-12,25.1,76.0,0.0,12.2,989.0,Low Risk,Ludhiana (Punjab)
2023-11-13,25.4,76.0,0.0,9.3,989.0,Low Risk,Ludhiana (Punjab)
2023-11-14,25.5,80.0,0.0,9.4,988.5,Low Risk,Ludhiana (Punjab)
2023-11-15,26.4,77.0,0.0,10.1,988.1,Low Risk,Ludhiana (Punjab)
2023-11-16,26.2,79.0,0.0,9.3,989.2,Low Risk,Ludhiana (Punjab)
2023-11-17,27.3,76.0,0.0,10.4,989.0,Low Risk,Ludhiana (Punjab)
2023-11-18,27.0,72.0,0.0,10.5,987.1,Low Risk,Ludhiana (Punjab)
2023-11-19,26.9,71.0,0.0,10.9,988.1,Low Risk,Ludhiana (Punjab)
2023-11-20,25.8,71.0,0.0,9.4,988.4,Low Risk,Ludhiana (Punjab)
2023-11-21,25.0,68.0,0.0,15.5,987.4,Low Risk,Ludhiana (Punjab)
2023-11-22,25.2,68.0,0.0,13.2,984.9,Low Risk,Ludhiana (Punjab)
2023-11-23,24.8,68.0,0.0,9.7,984.7,Low Risk,Ludhiana (Punjab)
2023-11-24,25.4,72.0,0.0,10.9,987.2,Low Risk,Ludhiana (Punjab)
2023-11-25,24.9,76.0,0.0,9.4,987.7,Low Risk,Ludhiana (Punjab)
2023-11-26,25.0,73.0,0.0,8.9,988.8,Low Risk,Ludhiana (Punjab)
2023-11-27,22.1,76.0,0.7,19.1,986.9,Low Risk,Ludhiana (Punjab)
2023-11-28,24.8,76.0,0.0,12.6,986.6,Low Risk,Ludhiana (Punjab)
2023-11-29,24.9,76.0,0.0,7.9,986.6,Low Risk,Ludhiana (Punjab)
2023-11-30,22.2,84.0,5.2,14.1,987.8,Low Risk,Ludhiana (Punjab)
2023-12-01,23.4,83.0,0.0,10.1,988.3,Low Risk,Ludhiana (Punjab)
2023-12-02,23.9,80.0,0.0,8.9,988.1,Low Risk,Ludhiana (Punjab)
2023-12-03,23.0,83.0,0.0,9.3,988.4,Low Risk,Ludhiana (Punjab)
2023-12-04,21.8,85.0,0.0,9.5,987.4,Low Risk,Ludhiana (Punjab)
2023-12-05,22.9,80.0,0.0,9.9,987.1,Low Risk,Ludhiana (Punjab)
2023-12-06,23.4,82.0,0.0,10.2,987.4,Low Risk,Ludhiana (Punjab)
2023-12-07,22.8,84.0,0.0,9.7,986.6,Low Risk,Ludhiana (Punjab)
2023-12-08,22.1,83.0,0.0,10.7,986.1,Low Risk,Ludhiana (Punjab)
2023-12-09,21.8,81.0,0.0,12.0,986.9,Low Risk,Ludhiana (Punjab)
2023-12-10,21.4,77.0,0.0,11.4,985.0,Low Risk,Ludhiana (Punjab)
2023-12-11,21.5,74.0,0.0,8.3,985.5,Low Risk,Ludhiana (Punjab)
2023-12-12,21.3,74.0,0.0,10.0,985.3,Low Risk,Ludhiana (Punjab)
2023-12-13,21.2,72.0,0.0,11.6,987.2,Low Risk,Ludhiana (Punjab)
2023-12-14,20.9,79.0,0.0,11.7,987.7,Low Risk,Ludhiana (Punjab)
2023-12-15,20.3,79.0,0.0,9.9,988.8,Low Risk,Ludhiana (Punjab)
2023-12-16,20.2,82.0,0.0,11.8,987.6,Low Risk,Ludhiana (Punjab)
2023-12-17,20.3,74.0,0.0,11.7,989.0,Low Risk,Ludhiana (Punjab)
2023-12-18,19.8,79.0,0.0,12.2,990.3,Low Risk,Ludhiana (Punjab)
2023-12-19,19.9,77.0,0.0,11.9,990.0,Low Risk,Ludhiana (Punjab)
2023-12-20,20.2,79.0,0.0,10.0,989.5,Low Risk,Ludhiana (Punjab)
2023-12-21,20.7,80.0,0.0,10.1,988.3,Low Risk,Ludhiana (Punjab)
2023-12-22,19.2,86.0,0.0,10.3,988.0,Low Risk,Ludhiana (Punjab)
2023-12-23,22.2,75.0,0.0,10.8,990.5,Low Risk,Ludhiana (Punjab)
2023-12-24,21.5,79.0,0.0,9.9,991.9,Low Risk,Ludhiana (Punjab)
2023-12-25,20.8,82.0,0.0,8.6,989.7,Low Risk,Ludhiana (Punjab)
2023-12-26,22.3,78.0,0.0,9.6,989.2,Low Risk,Ludhiana (Punjab)
2023-12-27,21.3,81.0,0.0,7.9,990.9,Low Risk,Ludhiana (Punjab)
2023-12-28,19.4,92.0,0.0,6.9,989.3,Low Risk,Ludhiana (Punjab)
2023-12-29,18.7,91.0,0.0,8.3,990.4,Low Risk,Ludhiana (Punjab)
2023-12-30,18.0,90.0,0.0,8.7,989.1,Low Risk,Ludhiana (Punjab)
2023-12-31,16.0,91.0,0.0,7.6,989.1,Low Risk,Ludhiana (Punjab)
2024-01-01,15.5,91.0,0.0,7.4,989.2,Low Risk,Ludhiana (Punjab)
2024-01-02,14.1,92.0,0.0,8.2,988.5,Low Risk,Ludhiana (Punjab)
2024-01-03,14.2,92.0,0.0,8.7,988.5,Low Risk,Ludhiana (Punjab)
2024-01-04,16.4,90.0,0.0,9.9,988.5,Low Risk,Ludhiana (Punjab)
2024-01-05,14.3,89.0,0.0,7.8,988.7,Low Risk,Ludhiana (Punjab)
2024-01-06,15.5,89.0,0.0,10.7,990.3,Low Risk,Ludhiana (Punjab)
2024-01-07,14.6,91.0,0.0,7.0,990.8,Low Risk,Ludhiana (Punjab)
2024-01-08,15.5,89.0,0.0,7.2,990.6,Low Risk,Ludhiana (Punjab)
2024-01-09,13.4,88.0,0.0,9.5,990.9,Low Risk,Ludhiana (Punjab)
2024-01-10,14.8,91.0,0.0,13.6,989.1,Low Risk,Ludhiana (Punjab)
2024-01-11,13.8,92.0,0.0,9.6,989.5,Low Risk,Ludhiana (Punjab)
2024-01-12,15.0,90.0,0.0,10.7,988.2,Low Risk,Ludhiana (Punjab)
2024-01-13,15.9,90.0,0.0,8.7,987.7,Low Risk,Ludhiana (Punjab)
2024-01-14,14.3,90.0,0.0,7.9,988.2,Low Risk,Ludhiana (Punjab)
2024-01-15,13.2,92.0,0.0,7.8,987.6,Low Risk,Ludhiana (Punjab)
2024-01-16,14.8,91.0,0.0,7.7,985.3,Low Risk,Ludhiana (Punjab)
2024-01-17,16.7,89.0,0.0,4.8,985.6,Low Risk,Ludhiana (Punjab)
2024-01-18,16.7,93.0,0.0,8.8,987.4,Low Risk,Ludhiana (Punjab)
2024-01-19,15.6,92.0,0.0,7.7,988.6,Low Risk,Ludhiana (Punjab)
2024-01-20,15.4,90.0,0.0,8.2,989.6,Low Risk,Ludhiana (Punjab)
2024-01-21,15.3,90.0,0.0,10.6,988.7,Low Risk,Ludhiana (Punjab)
2024-01-22,13.2,91.0,0.0,8.2,989.5,Low Risk,Ludhiana (Punjab)
2024-01-23,14.8,91.0,0.0,8.9,989.2,Low Risk,Ludhiana (Punjab)
2024-01-24,15.6,92.0,0.0,10.1,989.2,Low Risk,Ludhiana (Punjab)
2024-01-25,14.1,92.0,0.0,8.1,991.0,Low Risk,Ludhiana (Punjab)
2024-01-26,18.1,87.0,0.0,10.1,991.4,Low Risk,Ludhiana (Punjab)
2024-01-27,19.3,86.0,0.0,12.7,989.6,Low Risk,Ludhiana (Punjab)
2024-01-28,19.2,87.0,0.0,9.7,988.0,Low Risk,Ludhiana (Punjab)
2024-01-29,19.5,87.0,0.0,9.3,988.7,Low Risk,Ludhiana (Punjab)
2024-01-30,19.9,86.0,0.0,9.2,987.1,Low Risk,Ludhiana (Punjab)
2024-01-31,17.7,89.0,2.3,13.7,985.9,Low Risk,Ludhiana (Punjab)
2024-02-01,16.9,90.0,15.6,23.8,985.7,Low Risk,Ludhiana (Punjab)
2024-02-02,17.1,85.0,0.0,12.8,990.4,Low Risk,Ludhiana (Punjab)
2024-02-03,17.1,77.0,0.9,11.9,988.3,Low Risk,Ludhiana (Punjab)
2024-02-04,15.2,92.0,18.6,10.8,986.7,Low Risk,Ludhiana (Punjab)
2024-02-05,17.1,87.0,0.1,10.8,988.7,Low Risk,Ludhiana (Punjab)
2024-02-06,17.1,77.0,0.0,13.7,989.9,Low Risk,Ludhiana (Punjab)
2024-02-07,17.0,73.0,0.0,16.3,990.8,Low Risk,Ludhiana (Punjab)
2024-02-08,17.0,75.0,0.0,15.7,989.1,Low Risk,Ludhiana (Punjab)
2024-02-09,19.6,77.0,0.0,8.9,988.7,Low Risk,Ludhiana (Punjab)
2024-02-10,20.0,79.0,0.0,10.7,991.8,Low Risk,Ludhiana (Punjab)
2024-02-11,20.9,79.0,0.0,10.7,991.1,Low Risk,Ludhiana (Punjab)
2024-02-12,20.5,80.0,0.0,10.0,990.1,Low Risk,Ludhiana (Punjab)
2024-02-13,21.5,76.0,0.0,11.2,989.5,Low Risk,Ludhiana (Punjab)
2024-02-14,21.9,76.0,0.0,12.7,989.3,Low Risk,Ludhiana (Punjab)
2024-02-15,22.5,73.0,0.0,11.3,989.8,Low Risk,Ludhiana (Punjab)
2024-02-16,23.2,72.0,0.0,11.5,990.2,Low Risk,Ludhiana (Punjab)
2024-02-17,23.6,69.0,0.0,13.2,985.6,Low Risk,Ludhiana (Punjab)
2024-02-18,24.3,74.0,0.0,16.2,982.3,Low Risk,Ludhiana (Punjab)
2024-02-19,24.5,63.0,5.1,32.8,979.4,Low Risk,Ludhiana (Punjab)
2024-02-20,23.2,74.0,0.8,26.9,980.8,Low Risk,Ludhiana (Punjab)
2024-02-21,21.4,73.0,0.2,16.2,981.9,Low Risk,Ludhiana (Punjab)
2024-02-22,21.0,62.0,0.0,10.9,984.3,Low Risk,Ludhiana (Punjab)
2024-02-23,20.7,58.0,0.0,10.3,986.4,Low Risk,Ludhiana (Punjab)
2024-02-24,20.9,58.0,0.0,10.0,986.7,Low Risk,Ludhiana (Punjab)
2024-02-25,21.5,60.0,0.0,12.3,989.4,Low Risk,Ludhiana (Punjab)
2024-02-26,22.7,54.0,0.0,11.4,989.0,Low Risk,Ludhiana (Punjab)
2024-02-27,21.1,54.0,0.0,14.5,988.9,Low Risk,Ludhiana (Punjab)
2024-02-28,22.8,64.0,0.0,16.6,987.0,Low Risk,Ludhiana (Punjab)
2024-02-29,25.0,64.0,0.0,10.9,985.4,Low Risk,Ludhiana (Punjab)
2024-03-01,22.1,71.0,1.7,25.7,984.5,Low Risk,Ludhiana (Punjab)
2024-03-02,20.8,80.0,26.3,35.5,980.2,Low Risk,Ludhiana (Punjab)
2024-03-03,20.3,67.0,0.0,21.2,982.5,Low Risk,Ludhiana (Punjab)
2024-03-04,18.6,58.0,0.0,11.0,987.5,Low Risk,Ludhiana (Punjab)
2024-03-05,19.3,62.0,0.0,13.9,988.0,Low Risk,Ludhiana (Punjab)
2024-03-06,20.8,59.0,0.0,10.8,985.7,Low Risk,Ludhiana (Punjab)
2024-03-07,23.0,58.0,0.0,12.7,985.8,Low Risk,Ludhiana (Punjab)
2024-03-08,22.8,62.0,0.0,13.6,986.7,Low Risk,Ludhiana (Punjab)
2024-03-09,24.7,60.0,0.0,13.0,986.1,Low Risk,Ludhiana (Punjab)
2024-03-10,26.6,56.0,0.0,11.9,985.4,Low Risk,Ludhiana (Punjab)
2024-03-11,26.3,59.0,0.0,26.2,987.4,Low Risk,Ludhiana (Punjab)
2024-03-12,26.7,64.0,0.0,10.6,985.5,Low Risk,Ludhiana (Punjab)
2024-03-13,25.4,71.0,1.0,19.1,982.9,Low Risk,Ludhiana (Punjab)
2024-03-14,26.6,62.0,0.0,14.0,986.3,Low Risk,Ludhiana (Punjab)
2024-03-15,26.7,51.0,0.0,14.3,984.8,Low Risk,Ludhiana (Punjab)
2024-03-16,27.8,51.0,0.0,12.0,986.5,Low Risk,Ludhiana (Punjab)
2024-03-17,28.5,46.0,0.0,10.2,986.0,Low Risk,Ludhiana (Punjab)
2024-03-18,29.0,50.0,0.0,9.7,984.1,Low Risk,Ludhiana (Punjab)
2024-03-19,29.8,47.0,0.0,13.7,984.1,Low Risk,Ludhiana (Punjab)
2024-03-20,30.7,52.0,0.0,13.3,984.5,Low Risk,Ludhiana (Punjab)
2024-03-21,27.7,63.0,0.0,19.3,983.9,Low Risk,Ludhiana (Punjab)
2024-03-22,28.6,60.0,0.1,15.5,981.5,Low Risk,Ludhiana (Punjab)
2024-03-23,30.7,60.0,0.0,16.6,980.0,Low Risk,Ludhiana (Punjab)
2024-03-24,29.5,57.0,0.4,21.6,982.2,Low Risk,Ludhiana (Punjab)
2024-03-25,31.1,58.0,0.0,15.3,983.7,Low Risk,Ludhiana (Punjab)
2024-03-26,30.8,63.0,0.0,10.7,982.3,Low Risk,Ludhiana (Punjab)
2024-03-27,32.3,61.0,0.5,20.4,984.7,Low Risk,Ludhiana (Punjab)
2024-03-28,34.2,56.0,0.0,17.0,982.1,Low Risk,Ludhiana (Punjab)
2024-03-29,33.2,60.0,0.0,11.0,980.6,Low Risk,Ludhiana (Punjab)
2024-03-30,30.2,64.0,3.7,22.9,982.3,Low Risk,Ludhiana (Punjab)
2024-03-31,30.3,52.0,0.0,13.3,983.2,Low Risk,Ludhiana (Punjab)
2024-04-01,28.5,55.0,0.0,13.8,980.5,Low Risk,Ludhiana (Punjab)
2024-04-02,29.7,48.0,0.0,13.5,979.2,Low Risk,Ludhiana (Punjab)
2024-04-03,32.5,49.0,0.0,13.1,979.8,Low Risk,Ludhiana (Punjab)
2024-04-04,33.0,41.0,0.0,12.2,980.4,Low Risk,Ludhiana (Punjab)
2024-04-05,32.2,44.0,0.0,15.5,980.0,Low Risk,Ludhiana (Punjab)
2024-04-06,32.4,37.0,0.0,15.2,979.6,Low Risk,Ludhiana (Punjab)
2024-04-07,32.6,39.0,0.0,19.1,979.4,Low Risk,Ludhiana (Punjab)
2024-04-08,33.5,37.0,0.0,15.2,980.5,Low Risk,Ludhiana (Punjab)
2024-04-09,34.1,35.0,0.0,12.5,981.3,Low Risk,Ludhiana (Punjab)
2024-04-10,34.8,34.0,0.0,16.4,981.4,Low Risk,Ludhiana (Punjab)
2024-04-11,34.4,32.0,0.0,13.2,983.0,Low Risk,Ludhiana (Punjab)
2024-04-12,35.5,34.0,0.0,15.0,981.7,Low Risk,Ludhiana (Punjab)
2024-04-13,34.3,41.0,0.7,21.7,981.7,Low Risk,Ludhiana (Punjab)
2024-04-14,31.6,58.0,1.2,12.2,983.7,Low Risk,Ludhiana (Punjab)
2024-04-15,31.4,67.0,12.5,27.4,982.7,Low Risk,Ludhiana (Punjab)
2024-04-16,31.3,59.0,0.2,16.7,982.2,Low Risk,Ludhiana (Punjab)
2024-04-17,32.6,46.0,0.0,18.8,980.3,Low Risk,Ludhiana (Punjab)
2024-04-18,32.7,42.0,0.0,13.8,978.6,Low Risk,Ludhiana (Punjab)
2024-04-19,34.0,45.0,5.4,23.1,976.3,Low Risk,Ludhiana (Punjab)
2024-04-20,32.7,47.0,1.6,14.3,976.6,Low Risk,Ludhiana (Punjab)
2024-04-21,34.6,39.0,0.0,20.1,977.7,Low Risk,Ludhiana (Punjab)
2024-04-22,35.4,40.0,0.0,18.7,978.1,Low Risk,Ludhiana (Punjab)
2024-04-23,33.9,37.0,0.0,20.2,978.3,Low Risk,Ludhiana (Punjab)
2024-04-24,35.1,37.0,0.1,13.7,977.8,Low Risk,Ludhiana (Punjab)
2024-04-25,37.2,31.0,0.0,22.7,978.0,Low Risk,Ludhiana (Punjab)
2024-04-26,38.7,26.0,0.0,18.7,976.2,Low Risk,Ludhiana (Punjab)
2024-04-27,35.0,35.0,1.6,21.9,977.7,Low Risk,Ludhiana (Punjab)
2024-04-28,34.8,40.0,0.0,11.8,979.1,Low Risk,Ludhiana (Punjab)
2024-04-29,29.5,45.0,1.2,17.8,979.2,Low Risk,Ludhiana (Punjab)
2024-04-30,33.0,41.0,0.0,26.5,977.5,Low Risk,Ludhiana (Punjab)
2024-05-01,29.3,43.0,0.0,15.5,975.6,Low Risk,Ludhiana (Punjab)
2024-05-02,33.0,38.0,0.0,20.7,976.7,Low Risk,Ludhiana (Punjab)
2024-05-03,36.4,30.0,0.0,17.9,977.1,Low Risk,Ludhiana (Punjab)
2024-05-04,38.8,30.0,0.0,20.9,977.3,Low Risk,Ludhiana (Punjab)
2024-05-05,38.0,31.0,0.0,20.4,974.3,Low Risk,Ludhiana (Punjab)
2024-05-06,39.1,30.0,0.0,15.9,975.1,Low Risk,Ludhiana (Punjab)
2024-05-07,40.4,25.0,0.0,15.9,976.7,Low Risk,Ludhiana (Punjab)
2024-05-08,39.4,34.0,0.0,21.2,976.8,Low Risk,Ludhiana (Punjab)
2024-05-09,38.6,40.0,0.0,22.0,976.3,Low Risk,Ludhiana (Punjab)
2024-05-10,37.6,50.0,0.4,20.9,977.4,Low Risk,Ludhiana (Punjab)
2024-05-11,36.2,50.0,0.8,15.4,979.3,Low Risk,Ludhiana (Punjab)
2024-05-12,34.1,45.0,0.5,22.1,979.9,Low Risk,Ludhiana (Punjab)
2024-05-13,38.4,32.0,0.0,16.9,980.1,Low Risk,Ludhiana (Punjab)
2024-05-14,38.4,29.0,0.0,15.6,979.7,Low Risk,Ludhiana (Punjab)
2024-05-15,41.0,24.0,0.0,16.3,979.3,Low Risk,Ludhiana (Punjab)
2024-05-16,41.6,27.0,0.0,17.3,978.9,Low Risk,Ludhiana (Punjab)
2024-05-17,42.8,24.0,0.0,19.5,976.1,Low Risk,Ludhiana (Punjab)
2024-05-18,43.1,24.0,0.0,24.3,973.8,Low Risk,Ludhiana (Punjab)
2024-05-19,43.7,22.0,0.0,22.0,972.1,Drought Risk,Ludhiana (Punjab)
2024-05-20,42.2,22.0,0.0,18.4,972.8,Drought Risk,Ludhiana (Punjab)
2024-05-21,42.3,25.0,0.0,15.6,973.4,Low Risk,Ludhiana (Punjab)
2024-05-22,40.7,31.0,0.0,18.8,973.7,Low Risk,Ludhiana (Punjab)
2024-05-23,40.2,38.0,0.0,22.9,973.6,Low Risk,Ludhiana (Punjab)
2024-05-24,40.6,36.0,0.3,21.3,973.5,Low Risk,Ludhiana (Punjab)
2024-05-25,43.4,26.0,0.0,23.9,971.4,Low Risk,Ludhiana (Punjab)
2024-05-26,44.5,22.0,0.0,18.6,969.8,Drought Risk,Ludhiana (Punjab)
2024-05-27,44.5,19.0,0.0,18.0,967.3,Drought Risk,Ludhiana (Punjab)
2024-05-28,45.0,15.0,0.0,14.3,965.2,Drought Risk,Ludhiana (Punjab)
2024-05-29,45.4,14.0,0.0,15.5,966.0,Drought Risk,Ludhiana (Punjab)
2024-05-30,45.5,14.0,0.0,18.9,969.0,Drought Risk,Ludhiana (Punjab)
2024-05-31,44.6,16.0,0.0,12.5,971.3,Drought Risk,Ludhiana (Punjab)
2024-06-01,44.6,16.0,0.0,28.5,972.0,Drought Risk,Ludhiana (Punjab)
2024-06-02,42.9,25.0,0.0,15.4,973.8,Low Risk,Ludhiana (Punjab)
2024-06-03,44.4,18.0,0.0,17.7,972.4,Drought Risk,Ludhiana (Punjab)
2024-06-04,42.5,19.0,0.0,19.7,972.2,Drought Risk,Ludhiana (Punjab)
2024-06-05,40.4,29.0,2.0,27.6,973.8,Low Risk,Ludhiana (Punjab)
2024-06-06,38.7,37.0,1.2,20.0,976.5,Low Risk,Ludhiana (Punjab)
2024-06-07,40.6,34.0,0.0,28.2,974.3,Low Risk,Ludhiana (Punjab)
2024-06-08,38.5,33.0,0.0,16.9,973.5,Low Risk,Ludhiana (Punjab)
2024-06-09,41.1,27.0,0.0,18.8,973.0,Low Risk,Ludhiana (Punjab)
2024-06-10,41.7,23.0,0.0,14.7,972.9,Low Risk,Ludhiana (Punjab)
2024-06-11,42.3,23.0,0.0,12.5,972.0,Low Risk,Ludhiana (Punjab)
2024-06-12,44.2,20.0,0.0,16.3,971.8,Drought Risk,Ludhiana (Punjab)
2024-06-13,44.5,23.0,0.0,20.2,970.7,Low Risk,Ludhiana (Punjab)
2024-06-14,43.4,25.0,0.0,27.5,970.2,Low Risk,Ludhiana (Punjab)
2024-06-15,43.7,25.0,0.0,17.9,970.4,Low Risk,Ludhiana (Punjab)
2024-06-16,44.4,28.0,0.0,16.2,970.6,Low Risk,Ludhiana (Punjab)
2024-06-17,44.7,29.0,0.0,15.8,970.5,Low Risk,Ludhiana (Punjab)
2024-06-18,44.3,30.0,0.0,20.6,968.6,Low Risk,Ludhiana (Punjab)
2024-06-19,42.6,35.0,0.0,19.6,966.9,Low Risk,Ludhiana (Punjab)
2024-06-20,38.1,52.0,0.1,22.4,968.7,Low Risk,Ludhiana (Punjab)
2024-06-21,35.7,58.0,5.3,11.9,971.5,Low Risk,Ludhiana (Punjab)
2024-06-22,38.1,52.0,0.0,8.1,971.2,Low Risk,Ludhiana (Punjab)
2024-06-23,38.9,44.0,0.0,11.7,971.8,Low Risk,Ludhiana (Punjab)
2024-06-24,40.8,45.0,0.4,15.3,970.3,Low Risk,Ludhiana (Punjab)
2024-06-25,40.2,49.0,0.0,9.4,969.4,Low Risk,Ludhiana (Punjab)
2024-06-26,39.2,52.0,0.2,17.7,969.8,Low Risk,Ludhiana (Punjab)
2024-06-27,35.4,69.0,13.1,18.1,972.7,Low Risk,Ludhiana (Punjab)
2024-06-28,37.2,62.0,0.0,13.3,971.5,Low Risk,Ludhiana (Punjab)
2024-06-29,35.7,65.0,0.5,13.0,969.9,Low Risk,Ludhiana (Punjab)
2024-06-30,38.8,62.0,0.7,15.3,969.1,Low Risk,Ludhiana (Punjab)
2024-07-01,37.3,71.0,1.6,15.3,966.9,Low Risk,Ludhiana (Punjab)
2024-07-02,37.5,76.0,5.3,17.4,965.7,Low Risk,Ludhiana (Punjab)
2024-07-03,35.8,80.0,15.2,20.9,968.1,Low Risk,Ludhiana (Punjab)
2024-07-04,31.8,81.0,13.7,20.6,971.6,Low Risk,Ludhiana (Punjab)
2024-07-05,32.8,78.0,0.4,19.4,968.8,Low Risk,Ludhiana (Punjab)
2024-07-06,32.2,76.0,0.3,18.3,967.4,Low Risk,Ludhiana (Punjab)
2024-07-07,31.8,79.0,1.5,15.3,970.4,Low Risk,Ludhiana (Punjab)
2024-07-08,32.4,76.0,0.4,15.5,973.7,Low Risk,Ludhiana (Punjab)
2024-07-09,34.8,75.0,0.0,9.7,974.5,Low Risk,Ludhiana (Punjab)
2024-07-10,34.8,78.0,1.8,12.6,974.0,Low Risk,Ludhiana (Punjab)
2024-07-11,35.9,74.0,0.1,10.7,969.9,Low Risk,Ludhiana (Punjab)
2024-07-12,35.5,73.0,0.0,15.9,967.8,Low Risk,Ludhiana (Punjab)
2024-07-13,34.3,75.0,2.7,16.5,969.3,Low Risk,Ludhiana (Punjab)
2024-07-14,34.1,74.0,0.0,7.4,969.2,Low Risk,Ludhiana (Punjab)
2024-07-15,35.8,72.0,0.0,11.6,971.8,Low Risk,Ludhiana (Punjab)
2024-07-16,35.9,71.0,0.3,13.2,972.8,Low Risk,Ludhiana (Punjab)
2024-07-17,35.6,73.0,0.5,14.3,972.4,Low Risk,Ludhiana (Punjab)
2024-07-18,35.9,73.0,0.3,11.0,970.9,Low Risk,Ludhiana (Punjab)
2024-07-19,36.5,71.0,0.3,12.7,969.4,Low Risk,Ludhiana (Punjab)
2024-07-20,36.5,71.0,1.0,16.6,970.5,Low Risk,Ludhiana (Punjab)
2024-07-21,37.1,70.0,0.3,12.5,970.3,Low Risk,Ludhiana (Punjab)
2024-07-22,35.2,78.0,3.9,14.6,970.5,Low Risk,Ludhiana (Punjab)
2024-07-23,35.0,77.0,15.4,12.0,969.7,Low Risk,Ludhiana (Punjab)
2024-07-24,34.1,78.0,8.6,14.3,966.2,Low Risk,Ludhiana (Punjab)
2024-07-25,34.7,77.0,0.9,11.2,965.4,Low Risk,Ludhiana (Punjab)
2024-07-26,35.0,80.0,1.7,15.8,967.0,Low Risk,Ludhiana (Punjab)
2024-07-27,35.0,80.0,2.7,13.7,969.3,Low Risk,Ludhiana (Punjab)
2024-07-28,34.6,77.0,0.1,12.3,970.0,Low Risk,Ludhiana (Punjab)
2024-07-29,34.8,77.0,5.9,12.6,970.1,Low Risk,Ludhiana (Punjab)
2024-07-30,36.4,80.0,1.5,14.9,971.2,Low Risk,Ludhiana (Punjab)
2024-07-31,36.0,82.0,8.2,16.3,970.3,Low Risk,Ludhiana (Punjab)
2024-08-01,28.1,92.0,23.8,15.1,970.9,Low Risk,Ludhiana (Punjab)
2024-08-02,33.8,83.0,0.9,10.7,969.7,Low Risk,Ludhiana (Punjab)
2024-08-03,33.1,78.0,6.0,19.1,971.3,Low Risk,Ludhiana (Punjab)
2024-08-04,33.3,77.0,0.5,12.7,973.3,Low Risk,Ludhiana (Punjab)
2024-08-05,33.3,77.0,1.4,14.4,973.2,Low Risk,Ludhiana (Punjab)
2024-08-06,33.8,77.0,0.1,12.6,971.0,Low Risk,Ludhiana (Punjab)
2024-08-07,32.3,83.0,1.8,15.6,972.2,Low Risk,Ludhiana (Punjab)
2024-08-08,32.9,78.0,0.6,15.8,974.0,Low Risk,Ludhiana (Punjab)
2024-08-09,33.0,77.0,0.0,13.4,974.9,Low Risk,Ludhiana (Punjab)
2024-08-10,33.7,80.0,0.4,16.3,974.0,Low Risk,Ludhiana (Punjab)
2024-08-11,31.5,83.0,2.5,17.6,972.8,Low Risk,Ludhiana (Punjab)
2024-08-12,33.4,80.0,1.3,12.6,974.1,Low Risk,Ludhiana (Punjab)
2024-08-13,33.2,80.0,0.6,11.0,975.3,Low Risk,Ludhiana (Punjab)
2024-08-14,33.6,79.0,3.4,8.2,975.5,Low Risk,Ludhiana (Punjab)
2024-08-15,33.1,81.0,8.8,12.0,974.6,Low Risk,Ludhiana (Punjab)
2024-08-16,34.5,83.0,14.7,14.1,973.7,Low Risk,Ludhiana (Punjab)
2024-08-17,31.7,86.0,7.0,16.9,975.9,Low Risk,Ludhiana (Punjab)
2024-08-18,32.9,85.0,3.3,11.6,976.2,Low Risk,Ludhiana (Punjab)
2024-08-19,32.2,86.0,8.9,13.4,975.2,Low Risk,Ludhiana (Punjab)
2024-08-20,32.3,86.0,12.8,10.5,975.1,Low Risk,Ludhiana (Punjab)
2024-08-21,33.0,83.0,0.8,10.0,976.4,Low Risk,Ludhiana (Punjab)
2024-08-22,33.2,80.0,0.7,8.7,975.3,Low Risk,Ludhiana (Punjab)
2024-08-23,32.9,81.0,6.9,10.8,976.0,Low Risk,Ludhiana (Punjab)
2024-08-24,33.1,83.0,4.8,10.2,976.1,Low Risk,Ludhiana (Punjab)
2024-08-25,33.4,81.0,1.5,8.4,974.3,Low Risk,Ludhiana (Punjab)
2024-08-26,33.7,77.0,0.8,14.8,974.1,Low Risk,Ludhiana (Punjab)
2024-08-27,33.1,81.0,3.3,16.3,976.2,Low Risk,Ludhiana (Punjab)
2024-08-28,31.7,84.0,4.2,14.3,975.6,Low Risk,Ludhiana (Punjab)
2024-08-29,27.5,89.0,13.7,33.2,975.6,Low Risk,Ludhiana (Punjab)
2024-08-30,32.1,83.0,7.9,9.1,977.7,Low Risk,Ludhiana (Punjab)
2024-08-31,33.9,79.0,0.0,12.0,976.9,Low Risk,Ludhiana (Punjab)
2024-09-01,34.0,78.0,0.0,9.1,976.1,Low Risk,Ludhiana (Punjab)
2024-09-02,31.7,84.0,9.9,16.1,977.4,Low Risk,Ludhiana (Punjab)
2024-09-03,33.1,81.0,4.9,13.6,977.9,Low Risk,Ludhiana (Punjab)
2024-09-04,31.7,83.0,3.9,6.3,975.4,Low Risk,Ludhiana (Punjab)
2024-09-05,31.6,83.0,1.8,7.0,973.3,Low Risk,Ludhiana (Punjab)
2024-09-06,32.7,82.0,2.7,10.6,975.2,Low Risk,Ludhiana (Punjab)
2024-09-07,30.4,89.0,39.4,12.9,976.8,Low Risk,Ludhiana (Punjab)
2024-09-08,32.7,83.0,0.1,6.1,976.1,Low Risk,Ludhiana (Punjab)
2024-09-09,33.3,81.0,1.2,5.0,973.8,Low Risk,Ludhiana (Punjab)
2024-09-10,31.1,85.0,7.7,14.3,973.6,Low Risk,Ludhiana (Punjab)
2024-09-11,33.2,80.0,0.0,10.9,973.6,Low Risk,Ludhiana (Punjab)
2024-09-12,34.0,79.0,0.0,10.0,972.1,Low Risk,Ludhiana (Punjab)
2024-09-13,31.7,84.0,1.1,12.7,972.0,Low Risk,Ludhiana (Punjab)
2024-09-14,32.2,82.0,0.9,12.5,973.9,Low Risk,Ludhiana (Punjab)
2024-09-15,33.0,77.0,0.0,10.2,974.8,Low Risk,Ludhiana (Punjab)
2024-09-16,34.0,72.0,0.0,9.2,976.2,Low Risk,Ludhiana (Punjab)
2024-09-17,34.0,69.0,0.4,9.6,977.6,Low Risk,Ludhiana (Punjab)
2024-09-18,32.8,75.0,2.4,9.5,977.4,Low Risk,Ludhiana (Punjab)
2024-09-19,28.9,79.0,4.7,10.8,977.8,Low Risk,Ludhiana (Punjab)
2024-09-20,33.5,72.0,0.0,8.0,977.1,Low Risk,Ludhiana (Punjab)
2024-09-21,34.8,69.0,0.0,7.3,978.1,Low Risk,Ludhiana (Punjab)
2024-09-22,35.6,68.0,0.0,8.7,977.7,Low Risk,Ludhiana (Punjab)
2024-09-23,36.7,65.0,0.0,8.2,977.1,Low Risk,Ludhiana (Punjab)
2024-09-24,36.6,66.0,0.0,6.2,975.8,Low Risk,Ludhiana (Punjab)
2024-09-25,35.3,70.0,0.4,15.7,976.1,Low Risk,Ludhiana (Punjab)
2024-09-26,30.9,80.0,6.5,15.7,976.7,Low Risk,Ludhiana (Punjab)
2024-09-27,33.1,77.0,1.7,10.8,976.0,Low Risk,Ludhiana (Punjab)
2024-09-28,33.0,76.0,0.0,9.5,977.6,Low Risk,Ludhiana (Punjab)
2024-09-29,33.4,72.0,0.0,9.6,980.7,Low Risk,Ludhiana (Punjab)
2024-09-30,34.2,70.0,0.0,14.8,979.5,Low Risk,Ludhiana (Punjab)
2024-10-01,34.8,71.0,0.0,10.9,976.6,Low Risk,Ludhiana (Punjab)
2023-01-01,21.4,83.0,0.0,8.7,1010.0,Low Risk,Varanasi (UP)
2023-01-02,20.8,81.0,0.0,10.2,1010.8,Low Risk,Varanasi (UP)
2023-01-03,20.5,83.0,0.0,9.2,1010.9,Low Risk,Varanasi (UP)
2023-01-04,18.8,83.0,0.0,8.6,1011.5,Low Risk,Varanasi (UP)
2023-01-05,18.3,86.0,0.0,9.4,1012.9,Low Risk,Varanasi (UP)
2023-01-06,17.6,88.0,0.0,12.1,1013.2,Low Risk,Varanasi (UP)
2023-01-07,17.2,86.0,0.0,12.4,1011.3,Low Risk,Varanasi (UP)
2023-01-08,18.6,85.0,0.0,10.8,1009.5,Low Risk,Varanasi (UP)
2023-01-09,19.5,86.0,0.0,9.4,1009.9,Low Risk,Varanasi (UP)
2023-01-10,20.2,88.0,0.0,13.0,1008.5,Low Risk,Varanasi (UP)
2023-01-11,21.3,86.0,0.0,9.7,1005.8,Low Risk,Varanasi (UP)
2023-01-12,21.4,88.0,0.0,9.7,1003.7,Low Risk,Varanasi (UP)
2023-01-13,25.0,82.0,0.0,11.2,1003.4,Low Risk,Varanasi (UP)
2023-01-14,24.1,82.0,0.0,13.0,1003.9,Low Risk,Varanasi (UP)
2023-01-15,20.3,74.0,0.0,18.4,1005.0,Low Risk,Varanasi (UP)
2023-01-16,18.4,74.0,0.0,11.0,1006.5,Low Risk,Varanasi (UP)
2023-01-17,18.6,76.0,0.0,9.7,1006.9,Low Risk,Varanasi (UP)
2023-01-18,19.1,77.0,0.0,9.4,1008.9,Low Risk,Varanasi (UP)
2023-01-19,19.6,76.0,0.0,8.4,1009.2,Low Risk,Varanasi (UP)
2023-01-20,21.9,76.0,0.0,10.8,1007.2,Low Risk,Varanasi (UP)
2023-01-21,24.5,77.0,4.5,12.3,1005.9,Low Risk,Varanasi (UP)
2023-01-22,22.2,85.0,1.7,15.9,1005.5,Low Risk,Varanasi (UP)
2023-01-23,25.3,86.0,0.2,9.4,1004.7,Low Risk,Varanasi (UP)
2023-01-24,26.6,83.0,0.0,11.5,1004.5,Low Risk,Varanasi (UP)
2023-01-25,26.7,82.0,0.3,12.0,1004.3,Low Risk,Varanasi (UP)
2023-01-26,25.1,83.0,9.3,17.8,1005.6,Low Risk,Varanasi (UP)
2023-01-27,24.0,81.0,0.0,16.9,1006.1,Low Risk,Varanasi (UP)
2023-01-28,21.8,76.0,0.0,12.8,1005.4,Low Risk,Varanasi (UP)
2023-01-29,22.6,83.0,0.0,10.6,1005.1,Low Risk,Varanasi (UP)
2023-01-30,25.6,79.0,0.0,10.5,1006.3,Low Risk,Varanasi (UP)
2023-01-31,25.0,77.0,0.0,19.9,1005.9,Low Risk,Varanasi (UP)
2023-02-01,22.4,73.0,0.0,19.9,1006.2,Low Risk,Varanasi (UP)
2023-02-02,22.4,78.0,0.0,13.4,1006.2,Low Risk,Varanasi (UP)
2023-02-03,23.7,75.0,0.0,14.6,1005.7,Low Risk,Varanasi (UP)
2023-02-04,24.4,70.0,0.0,17.4,1003.7,Low Risk,Varanasi (UP)
2023-02-05,25.5,71.0,0.0,14.5,1002.9,Low Risk,Varanasi (UP)
2023-02-06,26.4,70.0,0.0,14.7,1002.5,Low Risk,Varanasi (UP)
2023-02-07,28.3,62.0,0.0,19.5,1000.6,Low Risk,Varanasi (UP)
2023-02-08,25.5,60.0,0.0,17.6,1003.2,Low Risk,Varanasi (UP)
2023-02-09,25.6,61.0,0.0,14.4,1003.8,Low Risk,Varanasi (UP)
2023-02-10,29.1,66.0,0.0,9.2,1003.1,Low Risk,Varanasi (UP)
2023-02-11,29.4,61.0,0.0,16.9,1002.2,Low Risk,Varanasi (UP)
2023-02-12,26.7,48.0,0.0,28.7,1004.9,Low Risk,Varanasi (UP)
2023-02-13,23.4,40.0,0.0,25.9,1004.7,Low Risk,Varanasi (UP)
2023-02-14,23.7,54.0,0.0,15.8,1005.2,Low Risk,Varanasi (UP)
2023-02-15,24.7,64.0,0.0,13.1,1003.2,Low Risk,Varanasi (UP)
2023-02-16,25.8,68.0,0.0,10.4,1004.2,Low Risk,Varanasi (UP)
2023-02-17,28.1,66.0,0.0,10.2,1005.3,Low Risk,Varanasi (UP)
2023-02-18,28.5,66.0,0.0,7.8,1005.0,Low Risk,Varanasi (UP)
2023-02-19,28.9,67.0,0.0,11.6,1004.4,Low Risk,Varanasi (UP)
2023-02-20,29.8,64.0,0.0,10.1,1002.9,Low Risk,Varanasi (UP)
2023-02-21,33.0,58.0,0.0,13.3,1001.9,Low Risk,Varanasi (UP)
2023-02-22,32.2,52.0,0.0,16.4,1001.0,Low Risk,Varanasi (UP)
2023-02-23,31.5,51.0,0.0,19.6,1001.9,Low Risk,Varanasi (UP)
2023-02-24,30.4,52.0,0.0,15.0,1004.4,Low Risk,Varanasi (UP)
2023-02-25,30.2,54.0,0.0,10.9,1006.8,Low Risk,Varanasi (UP)
2023-02-26,30.5,51.0,0.0,9.2,1008.0,Low Risk,Varanasi (UP)
2023-02-27,31.7,53.0,0.0,16.2,1007.3,Low Risk,Varanasi (UP)
2023-02-28,32.2,48.0,0.0,12.9,1007.1,Low Risk,Varanasi (UP)
2023-03-01,33.2,48.0,0.0,15.8,1007.7,Low Risk,Varanasi (UP)
2023-03-02,33.2,47.0,0.0,17.1,1007.5,Low Risk,Varanasi (UP)
2023-03-03,34.0,46.0,0.0,23.7,1007.5,Low Risk,Varanasi (UP)
2023-03-04,33.2,44.0,0.0,19.6,1007.8,Low Risk,Varanasi (UP)
2023-03-05,33.1,44.0,0.0,21.7,1007.1,Low Risk,Varanasi (UP)
2023-03-06,32.8,43.0,0.0,20.5,1005.4,Low Risk,Varanasi (UP)
2023-03-07,32.2,44.0,0.0,15.5,1005.7,Low Risk,Varanasi (UP)
2023-03-08,30.3,62.0,1.6,16.7,1007.1,Low Risk,Varanasi (UP)
2023-03-09,30.9,60.0,0.0,10.4,1006.1,Low Risk,Varanasi (UP)
2023-03-10,31.6,51.0,0.0,16.6,1005.3,Low Risk,Varanasi (UP)
2023-03-11,31.7,50.0,0.0,10.5,1005.2,Low Risk,Varanasi (UP)
2023-03-12,31.8,49.0,0.0,10.0,1004.8,Low Risk,Varanasi (UP)
2023-03-13,32.7,52.0,0.0,9.7,1003.0,Low Risk,Varanasi (UP)
2023-03-14,33.4,49.0,0.0,19.4,1000.3,Low Risk,Varanasi (UP)
2023-03-15,34.8,43.0,0.0,15.8,999.5,Low Risk,Varanasi (UP)
2023-03-16,34.2,47.0,0.0,11.4,1001.0,Low Risk,Varanasi (UP)
2023-03-17,30.4,62.0,3.7,18.5,1002.3,Low Risk,Varanasi (UP)
2023-03-18,28.9,76.0,10.2,17.3,1001.0,Low Risk,Varanasi (UP)
2023-03-19,29.7,73.0,3.1,15.3,998.9,Low Risk,Varanasi (UP)
2023-03-20,23.5,87.0,11.8,11.5,998.8,Low Risk,Varanasi (UP)
2023-03-21,25.9,85.0,7.7,12.6,999.4,Low Risk,Varanasi (UP)
2023-03-22,28.4,73.0,0.0,16.3,999.6,Low Risk,Varanasi (UP)
2023-03-23,30.1,58.0,0.0,20.1,999.2,Low Risk,Varanasi (UP)
2023-03-24,32.1,59.0,0.0,10.0,999.6,Low Risk,Varanasi (UP)
2023-03-25,34.2,62.0,0.1,18.1,1000.4,Low Risk,Varanasi (UP)
2023-03-26,31.4,59.0,0.4,12.5,999.7,Low Risk,Varanasi (UP)
2023-03-27,33.0,49.0,0.0,19.6,999.2,Low Risk,Varanasi (UP)
2023-03-28,33.0,39.0,0.0,17.9,999.8,Low Risk,Varanasi (UP)
2023-03-29,34.0,38.0,0.0,12.1,1000.5,Low Risk,Varanasi (UP)
2023-03-30,35.0,39.0,0.0,12.4,998.2,Low Risk,Varanasi (UP)
2023-03-31,30.4,65.0,9.6,27.2,998.9,Low Risk,Varanasi (UP)
2023-04-01,29.5,74.0,0.4,13.7,999.1,Low Risk,Varanasi (UP)
2023-04-02,31.5,58.0,0.0,22.5,998.0,Low Risk,Varanasi (UP)
2023-04-03,33.9,43.0,0.0,24.4,997.2,Low Risk,Varanasi (UP)
2023-04-04,36.5,42.0,0.0,21.4,997.3,Low Risk,Varanasi (UP)
2023-04-05,34.7,38.0,0.0,20.0,998.8,Low Risk,Varanasi (UP)
2023-04-06,35.1,35.0,0.0,16.7,1000.6,Low Risk,Varanasi (UP)
2023-04-07,35.9,30.0,0.0,16.1,1002.6,Low Risk,Varanasi (UP)
2023-04-08,35.8,30.0,0.0,13.6,1004.0,Low Risk,Varanasi (UP)
2023-04-09,36.0,39.0,0.0,18.0,1003.4,Low Risk,Varanasi (UP)
2023-04-10,37.0,30.0,0.0,19.4,1001.5,Low Risk,Varanasi (UP)
2023-04-11,37.8,24.0,0.0,24.1,1000.8,Low Risk,Varanasi (UP)
2023-04-12,38.9,25.0,0.0,23.9,1000.0,Low Risk,Varanasi (UP)
2023-04-13,40.0,27.0,0.0,20.6,998.7,Low Risk,Varanasi (UP)
2023-04-14,40.6,27.0,0.0,14.5,998.1,Low Risk,Varanasi (UP)
2023-04-15,40.9,28.0,0.0,13.9,998.2,Low Risk,Varanasi (UP)
2023-04-16,41.1,25.0,0.0,25.1,996.7,Low Risk,Varanasi (UP)
2023-04-17,42.4,25.0,0.0,26.5,996.5,Low Risk,Varanasi (UP)
2023-04-18,42.6,21.0,0.0,26.6,997.3,Drought Risk,Varanasi (UP)
2023-04-19,42.2,20.0,0.0,24.7,994.2,Drought Risk,Varanasi (UP)
2023-04-20,41.1,23.0,0.0,33.4,992.4,Low Risk,Varanasi (UP)
2023-04-21,39.2,26.0,0.1,26.2,993.4,Low Risk,Varanasi (UP)
2023-04-22,35.8,37.0,0.0,21.6,994.8,Low Risk,Varanasi (UP)
2023-04-23,37.2,38.0,3.1,18.5,996.2,Low Risk,Varanasi (UP)
2023-04-24,32.8,43.0,0.3,24.7,1000.6,Low Risk,Varanasi (UP)
2023-04-25,33.3,52.0,0.0,11.3,1000.8,Low Risk,Varanasi (UP)
2023-04-26,35.9,44.0,0.0,9.8,998.4,Low Risk,Varanasi (UP)
2023-04-27,34.1,48.0,0.1,11.5,998.6,Low Risk,Varanasi (UP)
2023-04-28,38.8,41.0,0.0,18.9,998.2,Low Risk,Varanasi (UP)
2023-04-29,34.7,42.0,0.1,14.9,998.3,Low Risk,Varanasi (UP)
2023-04-30,32.0,58.0,0.4,17.5,998.2,Low Risk,Varanasi (UP)
2023-05-01,30.4,71.0,16.6,16.7,998.7,Low Risk,Varanasi (UP)
2023-05-02,32.7,68.0,0.7,25.9,999.1,Low Risk,Varanasi (UP)
2023-05-03,32.0,65.0,2.5,16.4,999.8,Low Risk,Varanasi (UP)
2023-05-04,33.4,64.0,2.4,13.0,999.1,Low Risk,Varanasi (UP)
2023-05-05,36.1,50.0,0.0,18.4,997.1,Low Risk,Varanasi (UP)
2023-05-06,37.6,37.0,0.0,20.5,995.5,Low Risk,Varanasi (UP)
2023-05-07,39.4,31.0,0.0,23.4,995.1,Low Risk,Varanasi (UP)
2023-05-08,39.7,34.0,0.0,25.8,995.1,Low Risk,Varanasi (UP)
2023-05-09,41.7,34.0,0.0,25.6,995.0,Low Risk,Varanasi (UP)
2023-05-10,40.1,21.0,0.0,21.9,995.4,Low Risk,Varanasi (UP)
2023-05-11,39.9,24.0,0.0,20.0,997.0,Low Risk,Varanasi (UP)
2023-05-12,39.5,26.0,0.0,11.0,996.3,Low Risk,Varanasi (UP)
2023-05-13,40.1,33.0,0.0,13.9,995.2,Low Risk,Varanasi (UP)
2023-05-14,41.9,34.0,0.0,23.4,991.7,Low Risk,Varanasi (UP)
2023-05-15,41.6,31.0,0.0,21.6,991.7,Low Risk,Varanasi (UP)
2023-05-16,42.2,25.0,0.0,22.4,993.3,Low Risk,Varanasi (UP)
2023-05-17,42.5,25.0,0.0,22.6,995.1,Low Risk,Varanasi (UP)
2023-05-18,41.6,41.0,0.0,20.1,996.7,Low Risk,Varanasi (UP)
2023-05-19,41.9,29.0,0.0,24.6,995.0,Low Risk,Varanasi (UP)
2023-05-20,42.5,24.0,0.0,24.2,994.1,Low Risk,Varanasi (UP)
2023-05-21,43.9,24.0,0.0,25.3,994.2,Low Risk,Varanasi (UP)
2023-05-22,43.2,44.0,0.0,17.9,995.1,Low Risk,Varanasi (UP)
2023-05-23,38.4,54.0,1.1,18.8,996.0,Low Risk,Varanasi (UP)
2023-05-24,37.4,56.0,1.7,20.6,995.0,Low Risk,Varanasi (UP)
2023-05-25,34.7,63.0,12.5,23.1,995.2,Low Risk,Varanasi (UP)
2023-05-26,34.1,72.0,5.1,19.9,996.8,Low Risk,Varanasi (UP)
2023-05-27,35.5,63.0,0.0,7.8,996.1,Low Risk,Varanasi (UP)
2023-05-28,36.5,60.0,0.0,15.6,996.7,Low Risk,Varanasi (UP)
2023-05-29,37.8,52.0,0.0,12.2,997.4,Low Risk,Varanasi (UP)
2023-05-30,39.2,45.0,0.0,14.5,996.8,Low Risk,Varanasi (UP)
2023-05-31,40.3,38.0,0.0,17.1,995.9,Low Risk,Varanasi (UP)
2023-06-01,39.7,32.0,0.0,23.4,994.7,Low Risk,Varanasi (UP)
2023-06-02,40.6,34.0,0.0,20.0,993.9,Low Risk,Varanasi (UP)
2023-06-03,40.8,32.0,0.0,18.1,994.6,Low Risk,Varanasi (UP)
2023-06-04,41.3,31.0,0.0,17.2,993.9,Low Risk,Varanasi (UP)
2023-06-05,39.5,37.0,0.4,15.6,993.3,Low Risk,Varanasi (UP)
2023-06-06,40.3,36.0,0.0,15.0,992.3,Low Risk,Varanasi (UP)
2023-06-07,41.2,30.0,0.0,16.3,991.9,Low Risk,Varanasi (UP)
2023-06-08,42.2,27.0,0.0,24.1,991.6,Low Risk,Varanasi (UP)
2023-06-09,42.3,28.0,0.0,24.6,989.2,Low Risk,Varanasi (UP)
2023-06-10,42.8,31.0,0.0,20.7,987.6,Low Risk,Varanasi (UP)
2023-06-11,42.9,33.0,0.0,24.0,987.3,Low Risk,Varanasi (UP)
2023-06-12,42.0,32.0,0.0,24.2,987.7,Low Risk,Varanasi (UP)
2023-06-13,44.2,31.0,0.0,28.7,986.7,Low Risk,Varanasi (UP)
2023-06-14,43.5,30.0,0.0,32.1,987.5,Low Risk,Varanasi (UP)
2023-06-15,42.7,30.0,0.0,33.6,988.4,Low Risk,Varanasi (UP)
2023-06-16,42.3,33.0,0.0,27.5,989.3,Low Risk,Varanasi (UP)
2023-06-17,43.1,34.0,0.0,20.7,989.8,Low Risk,Varanasi (UP)
2023-06-18,42.6,35.0,0.0,21.9,990.1,Low Risk,Varanasi (UP)
2023-06-19,42.5,37.0,0.0,16.6,989.2,Low Risk,Varanasi (UP)
2023-06-20,40.8,43.0,0.0,17.9,989.3,Low Risk,Varanasi (UP)
2023-06-21,39.3,57.0,4.8,18.3,990.1,Low Risk,Varanasi (UP)
2023-06-22,40.7,63.0,6.4,13.2,990.7,Low Risk,Varanasi (UP)
2023-06-23,37.3,73.0,8.1,11.7,991.2,Low Risk,Varanasi (UP)
2023-06-24,37.3,75.0,16.3,14.5,990.4,Low Risk,Varanasi (UP)
2023-06-25,37.7,69.0,2.9,18.3,990.0,Low Risk,Varanasi (UP)
2023-06-26,36.0,64.0,2.7,27.5,989.4,Low Risk,Varanasi (UP)
2023-06-27,36.2,64.0,3.9,25.2,988.7,Low Risk,Varanasi (UP)
2023-06-28,34.0,76.0,14.4,23.5,990.4,Low Risk,Varanasi (UP)
2023-06-29,32.5,83.0,10.4,15.3,990.4,Low Risk,Varanasi (UP)
2023-06-30,31.5,88.0,40.4,12.5,991.0,Low Risk,Varanasi (UP)
2023-07-01,33.7,84.0,15.2,13.0,991.3,Low Risk,Varanasi (UP)
2023-07-02,31.9,86.0,17.2,15.5,991.2,Low Risk,Varanasi (UP)
2023-07-03,33.5,81.0,5.5,9.5,990.8,Low Risk,Varanasi (UP)
2023-07-04,35.2,84.0,33.4,12.9,989.9,Low Risk,Varanasi (UP)
2023-07-05,33.1,84.0,9.8,16.6,989.6,Low Risk,Varanasi (UP)
2023-07-06,35.3,75.0,18.1,17.6,990.6,Low Risk,Varanasi (UP)
2023-07-07,32.7,83.0,9.2,20.5,990.9,Low Risk,Varanasi (UP)
2023-07-08,33.7,82.0,11.1,15.7,992.4,Low Risk,Varanasi (UP)
2023-07-09,34.3,80.0,3.4,10.1,992.3,Low Risk,Varanasi (UP)
2023-07-10,34.3,79.0,3.8,11.5,991.9,Low Risk,Varanasi (UP)
2023-07-11,33.9,79.0,19.2,8.6,991.5,Low Risk,Varanasi (UP)
2023-07-12,33.5,81.0,9.6,10.0,991.4,Low Risk,Varanasi (UP)
2023-07-13,34.9,75.0,7.3,15.9,991.6,Low Risk,Varanasi (UP)
2023-07-14,33.9,84.0,16.2,12.4,992.1,Low Risk,Varanasi (UP)
2023-07-15,33.5,82.0,15.5,14.8,992.0,Low Risk,Varanasi (UP)
2023-07-16,33.4,81.0,1.8,11.7,991.0,Low Risk,Varanasi (UP)
2023-07-17,34.4,75.0,0.9,19.1,989.7,Low Risk,Varanasi (UP)
2023-07-18,32.8,75.0,1.2,20.5,989.8,Low Risk,Varanasi (UP)
2023-07-19,35.5,70.0,0.4,20.4,988.8,Low Risk,Varanasi (UP)
2023-07-20,35.7,67.0,0.0,20.4,988.7,Low Risk,Varanasi (UP)
2023-07-21,35.8,67.0,0.2,23.1,991.0,Low Risk,Varanasi (UP)
2023-07-22,35.2,70.0,1.1,28.6,993.6,Low Risk,Varanasi (UP)
2023-07-23,35.5,71.0,4.7,23.3,993.3,Low Risk,Varanasi (UP)
2023-07-24,34.8,75.0,7.3,11.9,991.9,Low Risk,Varanasi (UP)
2023-07-25,35.4,68.0,0.3,14.2,992.2,Low Risk,Varanasi (UP)
2023-07-26,35.9,65.0,0.0,16.7,992.6,Low Risk,Varanasi (UP)
2023-07-27,35.3,67.0,0.0,18.1,991.2,Low Risk,Varanasi (UP)
2023-07-28,35.2,74.0,2.5,15.8,989.2,Low Risk,Varanasi (UP)
2023-07-29,33.2,81.0,11.3,13.0,990.0,Low Risk,Varanasi (UP)
2023-07-30,33.6,82.0,10.3,13.9,989.9,Low Risk,Varanasi (UP)
2023-07-31,34.2,79.0,5.3,15.1,988.8,Low Risk,Varanasi (UP)
2023-08-01,34.1,81.0,2.4,17.3,987.7,Low Risk,Varanasi (UP)
2023-08-02,32.4,88.0,51.9,19.2,986.6,Low Risk,Varanasi (UP)
2023-08-03,31.4,83.0,3.8,27.5,986.2,Low Risk,Varanasi (UP)
2023-08-04,33.6,80.0,13.4,17.9,988.8,Low Risk,Varanasi (UP)
2023-08-05,31.6,88.0,24.8,12.1,991.2,Low Risk,Varanasi (UP)
2023-08-06,31.7,88.0,19.5,20.5,990.1,Low Risk,Varanasi (UP)
2023-08-07,31.9,82.0,2.7,20.7,988.8,Low Risk,Varanasi (UP)
2023-08-08,31.3,76.0,0.0,20.1,990.4,Low Risk,Varanasi (UP)
2023-08-09,29.9,84.0,8.4,17.3,993.3,Low Risk,Varanasi (UP)
2023-08-10,32.3,82.0,2.7,16.8,994.4,Low Risk,Varanasi (UP)
2023-08-11,33.2,78.0,0.5,17.5,994.1,Low Risk,Varanasi (UP)
2023-08-12,33.7,72.0,4.0,20.5,992.5,Low Risk,Varanasi (UP)
2023-08-13,32.1,76.0,0.3,15.4,992.8,Low Risk,Varanasi (UP)
2023-08-14,33.0,83.0,2.2,10.1,994.7,Low Risk,Varanasi (UP)
2023-08-15,33.3,81.0,0.7,12.9,994.4,Low Risk,Varanasi (UP)
2023-08-16,34.4,76.0,0.1,13.0,993.6,Low Risk,Varanasi (UP)
2023-08-17,31.9,85.0,11.8,17.0,993.5,Low Risk,Varanasi (UP)
2023-08-18,32.5,88.0,4.7,14.8,992.7,Low Risk,Varanasi (UP)
2023-08-19,34.2,78.0,0.7,23.8,992.4,Low Risk,Varanasi (UP)
2023-08-20,33.8,77.0,0.4,16.3,993.4,Low Risk,Varanasi (UP)
2023-08-21,33.9,82.0,2.1,11.3,992.9,Low Risk,Varanasi (UP)
2023-08-22,32.0,86.0,3.2,10.7,993.0,Low Risk,Varanasi (UP)
2023-08-23,32.9,86.0,21.5,13.7,991.9,Low Risk,Varanasi (UP)
2023-08-24,32.3,83.0,4.9,17.0,990.6,Low Risk,Varanasi (UP)
2023-08-25,32.0,80.0,1.8,22.1,990.7,Low Risk,Varanasi (UP)
2023-08-26,33.4,73.0,0.0,22.9,991.7,Low Risk,Varanasi (UP)
2023-08-27,33.0,70.0,0.0,24.5,992.0,Low Risk,Varanasi (UP)
2023-08-28,32.9,71.0,0.0,21.3,992.5,Low Risk,Varanasi (UP)
2023-08-29,32.7,74.0,0.3,15.2,994.1,Low Risk,Varanasi (UP)
2023-08-30,32.9,76.0,1.0,15.3,995.5,Low Risk,Varanasi (UP)
2023-08-31,34.4,76.0,2.1,11.0,995.9,Low Risk,Varanasi (UP)
2023-09-01,35.3,72.0,0.0,12.1,995.2,Low Risk,Varanasi (UP)
2023-09-02,36.0,68.0,0.0,17.2,993.9,Low Risk,Varanasi (UP)
2023-09-03,35.8,69.0,0.0,15.5,992.7,Low Risk,Varanasi (UP)
2023-09-04,33.7,84.0,18.9,18.5,992.0,Low Risk,Varanasi (UP)
2023-09-05,32.3,86.0,12.2,21.7,992.3,Low Risk,Varanasi (UP)
2023-09-06,33.6,83.0,16.5,16.3,993.2,Low Risk,Varanasi (UP)
2023-09-07,32.9,86.0,8.4,17.6,992.9,Low Risk,Varanasi (UP)
2023-09-08,30.5,88.0,15.3,19.8,992.5,Low Risk,Varanasi (UP)
2023-09-09,31.2,90.0,13.9,15.3,992.4,Low Risk,Varanasi (UP)
2023-09-10,32.0,89.0,17.3,13.1,991.4,Low Risk,Varanasi (UP)
2023-09-11,32.9,86.0,6.4,11.3,991.0,Low Risk,Varanasi (UP)
2023-09-12,33.0,87.0,5.9,11.6,991.7,Low Risk,Varanasi (UP)
2023-09-13,32.8,88.0,28.9,8.6,992.4,Low Risk,Varanasi (UP)
2023-09-14,32.8,83.0,0.9,16.1,992.7,Low Risk,Varanasi (UP)
2023-09-15,31.6,83.0,5.2,28.6,993.1,Low Risk,Varanasi (UP)
2023-09-16,31.0,86.0,8.1,16.1,994.3,Low Risk,Varanasi (UP)
2023-09-17,32.2,85.0,5.4,8.2,994.2,Low Risk,Varanasi (UP)
2023-09-18,32.0,86.0,15.9,10.0,994.4,Low Risk,Varanasi (UP)
2023-09-19,32.9,85.0,3.2,20.1,996.0,Low Risk,Varanasi (UP)
2023-09-20,32.3,81.0,1.1,14.2,995.8,Low Risk,Varanasi (UP)
2023-09-21,30.8,86.0,12.6,16.8,995.3,Low Risk,Varanasi (UP)
2023-09-22,30.7,87.0,7.7,14.5,995.2,Low Risk,Varanasi (UP)
2023-09-23,30.7,87.0,1.7,11.7,995.2,Low Risk,Varanasi (UP)
2023-09-24,31.1,87.0,2.4,10.6,995.2,Low Risk,Varanasi (UP)
2023-09-25,30.3,86.0,0.9,6.3,995.9,Low Risk,Varanasi (UP)
2023-09-26,31.1,86.0,2.6,11.5,996.8,Low Risk,Varanasi (UP)
2023-09-27,32.1,83.0,0.1,6.7,996.5,Low Risk,Varanasi (UP)
2023-09-28,32.9,82.0,1.2,8.4,996.2,Low Risk,Varanasi (UP)
2023-09-29,34.0,80.0,0.3,8.7,995.9,Low Risk,Varanasi (UP)
2023-09-30,33.0,87.0,11.1,13.4,995.7,Low Risk,Varanasi (UP)
2023-10-01,32.2,87.0,12.7,17.1,994.6,Low Risk,Varanasi (UP)
2023-10-02,29.3,91.0,38.9,19.0,995.0,Low Risk,Varanasi (UP)
2023-10-03,30.4,90.0,19.2,19.4,995.9,Low Risk,Varanasi (UP)
2023-10-04,29.6,91.0,21.3,13.9,996.1,Low Risk,Varanasi (UP)
2023-10-05,30.1,87.0,1.7,10.7,996.0,Low Risk,Varanasi (UP)
2023-10-06,31.5,86.0,0.8,6.3,996.4,Low Risk,Varanasi (UP)
2023-10-07,32.0,83.0,0.9,7.9,997.5,Low Risk,Varanasi (UP)
2023-10-08,33.2,76.0,0.0,12.4,998.2,Low Risk,Varanasi (UP)
2023-10-09,33.7,73.0,0.0,13.7,999.0,Low Risk,Varanasi (UP)
2023-10-10,34.7,71.0,0.0,13.7,999.7,Low Risk,Varanasi (UP)
2023-10-11,34.1,72.0,0.0,14.3,1000.0,Low Risk,Varanasi (UP)
2023-10-12,33.8,70.0,0.0,9.0,1001.8,Low Risk,Varanasi (UP)
2023-10-13,33.6,68.0,0.0,10.8,1002.6,Low Risk,Varanasi (UP)
2023-10-14,33.1,70.0,0.0,14.0,1002.0,Low Risk,Varanasi (UP)
2023-10-15,33.8,65.0,0.0,13.7,1000.1,Low Risk,Varanasi (UP)
2023-10-16,32.5,74.0,1.6,18.4,1001.4,Low Risk,Varanasi (UP)
2023-10-17,30.5,76.0,0.6,18.9,1003.7,Low Risk,Varanasi (UP)
2023-10-18,30.1,79.0,0.0,9.8,1004.3,Low Risk,Varanasi (UP)
2023-10-19,30.8,73.0,0.0,11.3,1004.4,Low Risk,Varanasi (UP)
2023-10-20,30.5,66.0,0.0,10.9,1005.1,Low Risk,Varanasi (UP)
2023-10-21,30.1,69.0,0.0,8.3,1005.4,Low Risk,Varanasi (UP)
2023-10-22,29.4,71.0,0.0,9.5,1005.3,Low Risk,Varanasi (UP)
2023-10-23,29.4,66.0,0.0,7.2,1004.0,Low Risk,Varanasi (UP)
2023-10-24,30.0,66.0,0.0,9.0,1003.3,Low Risk,Varanasi (UP)
2023-10-25,30.1,66.0,0.0,13.0,1003.8,Low Risk,Varanasi (UP)
2023-10-26,30.3,67.0,0.0,10.6,1003.6,Low Risk,Varanasi (UP)
2023-10-27,31.0,64.0,0.0,10.2,1003.3,Low Risk,Varanasi (UP)
2023-10-28,30.7,59.0,0.0,9.8,1004.0,Low Risk,Varanasi (UP)
2023-10-29,30.4,65.0,0.0,8.4,1004.2,Low Risk,Varanasi (UP)
2023-10-30,30.3,67.0,0.0,8.0,1004.5,Low Risk,Varanasi (UP)
2023-10-31,30.5,69.0,0.0,9.0,1005.6,Low Risk,Varanasi (UP)
2023-11-01,30.8,68.0,0.0,8.7,1005.6,Low Risk,Varanasi (UP)
2023-11-02,30.9,69.0,0.0,8.8,1004.0,Low Risk,Varanasi (UP)
2023-11-03,30.8,68.0,0.0,8.5,1002.1,Low Risk,Varanasi (UP)
2023-11-04,30.6,67.0,0.0,9.7,1002.3,Low Risk,Varanasi (UP)
2023-11-05,30.5,65.0,0.0,9.7,1004.4,Low Risk,Varanasi (UP)
2023-11-06,30.2,65.0,0.0,10.3,1005.4,Low Risk,Varanasi (UP)
2023-11-07,29.6,70.0,0.0,9.4,1004.9,Low Risk,Varanasi (UP)
2023-11-08,29.9,71.0,0.0,11.2,1003.9,Low Risk,Varanasi (UP)
2023-11-09,30.7,66.0,0.0,12.1,1004.1,Low Risk,Varanasi (UP)
2023-11-10,30.7,68.0,0.0,9.1,1005.7,Low Risk,Varanasi (UP)
2023-11-11,30.3,73.0,2.3,14.2,1006.2,Low Risk,Varanasi (UP)
2023-11-12,28.3,75.0,0.0,9.2,1007.2,Low Risk,Varanasi (UP)
2023-11-13,28.2,71.0,0.0,9.5,1007.3,Low Risk,Varanasi (UP)
2023-11-14,28.1,68.0,0.0,9.0,1006.8,Low Risk,Varanasi (UP)
2023-11-15,27.9,70.0,0.0,8.2,1006.7,Low Risk,Varanasi (UP)
2023-11-16,28.0,67.0,0.0,10.0,1007.3,Low Risk,Varanasi (UP)
2023-11-17,29.2,69.0,0.0,8.4,1006.3,Low Risk,Varanasi (UP)
2023-11-18,29.3,70.0,0.0,8.5,1005.9,Low Risk,Varanasi (UP)
2023-11-19,29.5,74.0,0.0,9.9,1006.8,Low Risk,Varanasi (UP)
2023-11-20,28.9,70.0,0.0,9.2,1006.8,Low Risk,Varanasi (UP)
2023-11-21,27.4,70.0,0.0,13.4,1005.4,Low Risk,Varanasi (UP)
2023-11-22,27.0,73.0,0.0,10.9,1004.4,Low Risk,Varanasi (UP)
2023-11-23,26.3,66.0,0.0,8.7,1004.3,Low Risk,Varanasi (UP)
2023-11-24,26.1,66.0,0.0,9.2,1005.5,Low Risk,Varanasi (UP)
2023-11-25,25.9,63.0,0.0,8.7,1007.1,Low Risk,Varanasi (UP)
2023-11-26,26.4,68.0,0.0,9.9,1007.7,Low Risk,Varanasi (UP)
2023-11-27,25.4,76.0,0.0,9.2,1006.1,Low Risk,Varanasi (UP)
2023-11-28,25.3,80.0,0.0,7.6,1005.0,Low Risk,Varanasi (UP)
2023-11-29,26.9,79.0,0.0,7.9,1005.4,Low Risk,Varanasi (UP)
2023-11-30,23.2,89.0,20.2,15.2,1006.7,Low Risk,Varanasi (UP)
2023-12-01,23.9,89.0,9.2,7.9,1006.4,Low Risk,Varanasi (UP)
2023-12-02,26.0,88.0,0.0,8.1,1006.2,Low Risk,Varanasi (UP)
2023-12-03,27.8,80.0,0.0,7.6,1006.2,Low Risk,Varanasi (UP)
2023-12-04,27.7,77.0,0.0,14.1,1004.6,Low Risk,Varanasi (UP)
2023-12-05,25.3,74.0,0.0,10.1,1004.4,Low Risk,Varanasi (UP)
2023-12-06,23.4,78.0,0.7,10.5,1005.9,Low Risk,Varanasi (UP)
2023-12-07,20.6,90.0,21.9,9.4,1005.2,Low Risk,Varanasi (UP)
2023-12-08,24.6,87.0,0.0,10.5,1004.8,Low Risk,Varanasi (UP)
2023-12-09,25.4,73.0,0.0,16.4,1005.6,Low Risk,Varanasi (UP)
2023-12-10,24.2,70.0,0.0,15.6,1004.6,Low Risk,Varanasi (UP)
2023-12-11,23.9,74.0,0.0,9.7,1005.7,Low Risk,Varanasi (UP)
2023-12-12,23.4,71.0,0.0,10.6,1004.5,Low Risk,Varanasi (UP)
2023-12-13,22.8,72.0,0.0,14.0,1005.7,Low Risk,Varanasi (UP)
2023-12-14,23.7,74.0,0.0,12.3,1007.3,Low Risk,Varanasi (UP)
2023-12-15,23.2,76.0,0.0,9.8,1008.3,Low Risk,Varanasi (UP)
2023-12-16,22.6,77.0,0.0,11.2,1007.1,Low Risk,Varanasi (UP)
2023-12-17,22.4,74.0,0.0,10.6,1007.5,Low Risk,Varanasi (UP)
2023-12-18,22.1,71.0,0.0,13.4,1008.4,Low Risk,Varanasi (UP)
2023-12-19,21.4,72.0,0.0,10.4,1009.4,Low Risk,Varanasi (UP)
2023-12-20,21.3,77.0,0.0,8.7,1009.1,Low Risk,Varanasi (UP)
2023-12-21,21.9,74.0,0.0,10.2,1007.4,Low Risk,Varanasi (UP)
2023-12-22,21.9,76.0,0.0,8.5,1007.3,Low Risk,Varanasi (UP)
2023-12-23,23.8,71.0,0.0,7.1,1009.0,Low Risk,Varanasi (UP)
2023-12-24,24.3,78.0,0.0,9.6,1009.8,Low Risk,Varanasi (UP)
2023-12-25,24.3,80.0,0.0,10.5,1008.8,Low Risk,Varanasi (UP)
2023-12-26,23.8,76.0,0.0,9.0,1008.9,Low Risk,Varanasi (UP)
2023-12-27,23.5,81.0,0.0,8.5,1009.4,Low Risk,Varanasi (UP)
2023-12-28,23.1,83.0,0.0,9.2,1008.5,Low Risk,Varanasi (UP)
2023-12-29,23.1,82.0,0.0,9.3,1008.8,Low Risk,Varanasi (UP)
2023-12-30,21.8,88.0,0.0,10.5,1007.9,Low Risk,Varanasi (UP)
2023-12-31,19.0,89.0,0.0,7.8,1008.2,Low Risk,Varanasi (UP)
2024-01-01,19.6,87.0,0.0,7.6,1007.8,Low Risk,Varanasi (UP)
2024-01-02,22.2,85.0,0.0,9.0,1007.0,Low Risk,Varanasi (UP)
2024-01-03,22.2,89.0,0.2,14.0,1006.5,Low Risk,Varanasi (UP)
2024-01-04,20.4,93.0,4.9,10.1,1006.6,Low Risk,Varanasi (UP)
2024-01-05,22.1,87.0,0.8,8.7,1007.0,Low Risk,Varanasi (UP)
2024-01-06,22.2,88.0,6.5,7.9,1007.9,Low Risk,Varanasi (UP)
2024-01-07,22.0,86.0,0.4,9.2,1008.9,Low Risk,Varanasi (UP)
2024-01-08,21.9,86.0,0.0,9.0,1009.1,Low Risk,Varanasi (UP)
2024-01-09,22.3,89.0,0.0,9.1,1007.8,Low Risk,Varanasi (UP)
2024-01-10,21.7,81.0,0.0,15.2,1006.9,Low Risk,Varanasi (UP)
2024-01-11,20.0,86.0,0.0,10.2,1008.5,Low Risk,Varanasi (UP)
2024-01-12,19.1,88.0,0.0,12.0,1008.1,Low Risk,Varanasi (UP)
2024-01-13,19.4,87.0,0.0,11.4,1007.2,Low Risk,Varanasi (UP)
2024-01-14,19.0,88.0,0.0,9.4,1006.7,Low Risk,Varanasi (UP)
2024-01-15,17.0,90.0,0.0,10.1,1006.5,Low Risk,Varanasi (UP)
2024-01-16,17.5,89.0,0.0,7.3,1005.4,Low Risk,Varanasi (UP)
2024-01-17,19.0,88.0,0.0,9.5,1005.0,Low Risk,Varanasi (UP)
2024-01-18,18.3,85.0,0.0,9.5,1006.4,Low Risk,Varanasi (UP)
2024-01-19,17.0,85.0,0.0,8.8,1008.5,Low Risk,Varanasi (UP)
2024-01-20,17.3,87.0,0.0,8.4,1008.3,Low Risk,Varanasi (UP)
2024-01-21,17.7,88.0,0.0,10.5,1008.0,Low Risk,Varanasi (UP)
2024-01-22,17.8,90.0,0.0,9.9,1009.6,Low Risk,Varanasi (UP)
2024-01-23,18.1,91.0,0.0,9.7,1008.1,Low Risk,Varanasi (UP)
2024-01-24,18.1,89.0,0.0,7.6,1008.3,Low Risk,Varanasi (UP)
2024-01-25,18.7,88.0,0.0,9.7,1010.4,Low Risk,Varanasi (UP)
2024-01-26,19.9,85.0,0.0,10.7,1011.1,Low Risk,Varanasi (UP)
2024-01-27,20.3,82.0,0.0,11.2,1010.0,Low Risk,Varanasi (UP)
2024-01-28,21.3,81.0,0.0,11.0,1009.2,Low Risk,Varanasi (UP)
2024-01-29,22.6,82.0,0.0,9.7,1007.6,Low Risk,Varanasi (UP)
2024-01-30,22.9,80.0,0.0,9.7,1006.7,Low Risk,Varanasi (UP)
2024-01-31,22.8,80.0,0.0,10.5,1006.4,Low Risk,Varanasi (UP)
2024-02-01,24.5,75.0,0.0,11.6,1006.3,Low Risk,Varanasi (UP)
2024-02-02,24.2,75.0,0.0,15.5,1006.5,Low Risk,Varanasi (UP)
2024-02-03,23.3,67.0,0.0,20.4,1006.9,Low Risk,Varanasi (UP)
2024-02-04,24.0,69.0,1.8,11.4,1007.8,Low Risk,Varanasi (UP)
2024-02-05,22.7,88.0,28.4,10.4,1007.4,Low Risk,Varanasi (UP)
2024-02-06,23.0,83.0,0.1,14.6,1007.8,Low Risk,Varanasi (UP)
2024-02-07,21.1,68.0,0.0,18.9,1008.4,Low Risk,Varanasi (UP)
2024-02-08,20.0,64.0,0.0,21.3,1007.9,Low Risk,Varanasi (UP)
2024-02-09,20.7,69.0,0.0,10.5,1009.8,Low Risk,Varanasi (UP)
2024-02-10,21.4,71.0,0.0,9.8,1010.4,Low Risk,Varanasi (UP)
2024-02-11,22.8,70.0,0.0,7.4,1010.0,Low Risk,Varanasi (UP)
2024-02-12,25.0,67.0,0.0,10.3,1009.1,Low Risk,Varanasi (UP)
2024-02-13,24.4,79.0,1.5,17.3,1008.0,Low Risk,Varanasi (UP)
2024-02-14,23.1,91.0,10.1,11.7,1007.1,Low Risk,Varanasi (UP)
2024-02-15,23.1,86.0,0.5,7.8,1008.8,Low Risk,Varanasi (UP)
2024-02-16,25.2,83.0,0.0,8.7,1009.0,Low Risk,Varanasi (UP)
2024-02-17,24.8,79.0,0.0,12.0,1005.2,Low Risk,Varanasi (UP)
2024-02-18,25.6,73.0,0.0,8.8,1004.0,Low Risk,Varanasi (UP)
2024-02-19,26.5,72.0,0.0,14.5,1003.4,Low Risk,Varanasi (UP)
2024-02-20,28.9,76.0,0.0,12.7,1001.2,Low Risk,Varanasi (UP)
2024-02-21,27.1,77.0,0.9,14.2,1000.1,Low Risk,Varanasi (UP)
2024-02-22,25.9,78.0,3.4,17.2,1001.7,Low Risk,Varanasi (UP)
2024-02-23,25.3,62.0,0.0,11.5,1004.8,Low Risk,Varanasi (UP)
2024-02-24,25.0,56.0,0.0,10.2,1006.1,Low Risk,Varanasi (UP)
2024-02-25,25.7,55.0,0.0,8.6,1006.8,Low Risk,Varanasi (UP)
2024-02-26,25.1,58.0,0.0,10.1,1007.5,Low Risk,Varanasi (UP)
2024-02-27,24.6,70.0,0.1,14.8,1006.4,Low Risk,Varanasi (UP)
2024-02-28,25.3,71.0,0.0,15.6,1004.7,Low Risk,Varanasi (UP)
2024-02-29,26.5,70.0,0.0,12.8,1004.6,Low Risk,Varanasi (UP)
2024-03-01,27.3,67.0,0.0,10.8,1004.9,Low Risk,Varanasi (UP)
2024-03-02,27.8,69.0,0.0,11.4,1003.9,Low Risk,Varanasi (UP)
2024-03-03,25.2,82.0,5.4,18.5,1002.9,Low Risk,Varanasi (UP)
2024-03-04,27.7,79.0,0.6,11.8,1003.5,Low Risk,Varanasi (UP)
2024-03-05,24.9,63.0,0.0,15.1,1005.3,Low Risk,Varanasi (UP)
2024-03-06,25.1,61.0,0.0,13.1,1004.4,Low Risk,Varanasi (UP)
2024-03-07,26.6,61.0,0.0,14.8,1003.6,Low Risk,Varanasi (UP)
2024-03-08,27.8,59.0,0.0,18.7,1004.4,Low Risk,Varanasi (UP)
2024-03-09,27.6,56.0,0.0,17.3,1004.8,Low Risk,Varanasi (UP)
2024-03-10,27.2,60.0,0.0,9.7,1005.6,Low Risk,Varanasi (UP)
2024-03-11,29.4,63.0,0.0,10.7,1005.1,Low Risk,Varanasi (UP)
2024-03-12,31.8,57.0,0.0,14.9,1002.8,Low Risk,Varanasi (UP)
2024-03-13,31.7,54.0,0.0,10.4,1001.4,Low Risk,Varanasi (UP)
2024-03-14,31.6,56.0,0.0,11.4,1002.1,Low Risk,Varanasi (UP)
2024-03-15,31.1,52.0,0.0,17.2,1002.5,Low Risk,Varanasi (UP)
2024-03-16,30.9,50.0,0.0,9.2,1004.2,Low Risk,Varanasi (UP)
2024-03-17,30.8,49.0,0.0,10.1,1004.1,Low Risk,Varanasi (UP)
2024-03-18,30.6,53.0,0.0,10.5,1002.6,Low Risk,Varanasi (UP)
2024-03-19,29.7,55.0,0.0,10.8,1002.5,Low Risk,Varanasi (UP)
2024-03-20,26.8,74.0,2.4,18.3,1003.7,Low Risk,Varanasi (UP)
2024-03-21,25.6,76.0,0.2,11.2,1003.7,Low Risk,Varanasi (UP)
2024-03-22,28.2,69.0,0.0,8.7,1000.7,Low Risk,Varanasi (UP)
2024-03-23,33.7,63.0,0.0,13.7,997.6,Low Risk,Varanasi (UP)
2024-03-24,34.0,57.0,0.0,11.4,999.8,Low Risk,Varanasi (UP)
2024-03-25,33.7,67.0,0.7,20.2,1000.7,Low Risk,Varanasi (UP)
2024-03-26,34.3,50.0,0.0,16.4,1001.2,Low Risk,Varanasi (UP)
2024-03-27,34.0,50.0,0.0,9.9,1002.5,Low Risk,Varanasi (UP)
2024-03-28,34.9,59.0,0.0,14.4,999.8,Low Risk,Varanasi (UP)
2024-03-29,35.3,65.0,0.0,13.0,999.1,Low Risk,Varanasi (UP)
2024-03-30,36.5,61.0,0.6,12.9,999.8,Low Risk,Varanasi (UP)
2024-03-31,37.5,43.0,0.0,26.8,999.2,Low Risk,Varanasi (UP)
2024-04-01,36.2,33.0,0.0,21.0,996.7,Low Risk,Varanasi (UP)
2024-04-02,34.9,34.0,0.0,20.5,996.6,Low Risk,Varanasi (UP)
2024-04-03,36.0,39.0,0.0,13.0,997.9,Low Risk,Varanasi (UP)
2024-04-04,37.7,36.0,0.0,11.4,996.8,Low Risk,Varanasi (UP)
2024-04-05,37.6,36.0,0.0,14.8,996.4,Low Risk,Varanasi (UP)
2024-04-06,36.4,35.0,0.0,12.7,996.7,Low Risk,Varanasi (UP)
2024-04-07,36.0,35.0,0.0,18.5,997.3,Low Risk,Varanasi (UP)
2024-04-08,36.6,34.0,0.0,16.7,999.3,Low Risk,Varanasi (UP)
2024-04-09,37.2,34.0,0.0,13.6,999.9,Low Risk,Varanasi (UP)
2024-04-10,34.7,38.0,0.3,15.3,1000.2,Low Risk,Varanasi (UP)
2024-04-11,37.2,32.0,0.0,15.8,1000.8,Low Risk,Varanasi (UP)
2024-04-12,36.5,42.0,0.0,14.1,1000.4,Low Risk,Varanasi (UP)
2024-04-13,35.6,43.0,0.3,11.5,1000.4,Low Risk,Varanasi (UP)
2024-04-14,36.7,44.0,0.1,13.9,1000.6,Low Risk,Varanasi (UP)
2024-04-15,39.2,43.0,0.0,16.8,999.6,Low Risk,Varanasi (UP)
2024-04-16,39.2,37.0,0.0,20.5,997.5,Low Risk,Varanasi (UP)
2024-04-17,38.3,28.0,0.0,29.6,996.2,Low Risk,Varanasi (UP)
2024-04-18,39.7,23.0,0.0,28.8,995.4,Low Risk,Varanasi (UP)
2024-04-19,41.5,25.0,0.0,29.6,992.9,Low Risk,Varanasi (UP)
2024-04-20,41.8,23.0,0.0,24.5,992.4,Low Risk,Varanasi (UP)
2024-04-21,39.9,23.0,0.0,25.6,994.0,Low Risk,Varanasi (UP)
2024-04-22,39.4,29.0,0.0,22.2,995.7,Low Risk,Varanasi (UP)
2024-04-23,38.5,34.0,0.1,25.5,995.1,Low Risk,Varanasi (UP)
2024-04-24,40.2,29.0,0.0,18.0,994.6,Low Risk,Varanasi (UP)
2024-04-25,41.1,21.0,0.0,20.2,995.0,Low Risk,Varanasi (UP)
2024-04-26,41.7,23.0,0.0,17.3,994.4,Low Risk,Varanasi (UP)
2024-04-27,40.6,24.0,0.0,25.1,995.3,Low Risk,Varanasi (UP)
2024-04-28,41.9,22.0,0.0,23.5,995.1,Low Risk,Varanasi (UP)
2024-04-29,42.0,24.0,0.0,22.0,995.2,Low Risk,Varanasi (UP)
2024-04-30,42.2,22.0,0.0,25.8,991.9,Drought Risk,Varanasi (UP)
2024-05-01,39.9,19.0,0.0,15.6,991.0,Low Risk,Varanasi (UP)
2024-05-02,37.8,16.0,0.0,24.9,993.1,Low Risk,Varanasi (UP)
2024-05-03,39.2,22.0,0.0,14.8,995.0,Low Risk,Varanasi (UP)
2024-05-04,40.6,21.0,0.0,14.9,994.6,Low Risk,Varanasi (UP)
2024-05-05,42.5,20.0,0.0,18.9,990.9,Drought Risk,Varanasi (UP)
2024-05-06,40.4,36.0,0.3,21.3,992.9,Low Risk,Varanasi (UP)
2024-05-07,36.9,53.0,0.2,19.7,996.7,Low Risk,Varanasi (UP)
2024-05-08,36.6,54.0,1.9,20.2,997.6,Low Risk,Varanasi (UP)
2024-05-09,36.8,54.0,0.2,26.2,996.3,Low Risk,Varanasi (UP)
2024-05-10,36.6,51.0,0.0,19.1,996.7,Low Risk,Varanasi (UP)
2024-05-11,38.3,53.0,0.5,26.3,997.4,Low Risk,Varanasi (UP)
2024-05-12,36.9,57.0,0.4,17.0,998.1,Low Risk,Varanasi (UP)
2024-05-13,37.2,56.0,0.0,17.6,998.1,Low Risk,Varanasi (UP)
2024-05-14,40.4,43.0,0.0,17.5,997.6,Low Risk,Varanasi (UP)
2024-05-15,41.1,35.0,0.0,14.1,998.1,Low Risk,Varanasi (UP)
2024-05-16,41.7,34.0,0.0,12.0,997.4,Low Risk,Varanasi (UP)
2024-05-17,40.3,35.0,0.0,15.0,994.7,Low Risk,Varanasi (UP)
2024-05-18,43.1,32.0,0.0,19.8,992.3,Low Risk,Varanasi (UP)
2024-05-19,44.0,31.0,0.0,21.3,990.1,Low Risk,Varanasi (UP)
2024-05-20,41.5,41.0,0.0,21.1,991.2,Low Risk,Varanasi (UP)
2024-05-21,40.3,51.0,0.0,16.5,992.7,Low Risk,Varanasi (UP)
2024-05-22,38.8,53.0,1.0,19.0,993.2,Low Risk,Varanasi (UP)
2024-05-23,36.2,61.0,0.4,19.7,992.1,Low Risk,Varanasi (UP)
2024-05-24,40.2,51.0,0.0,18.0,990.5,Low Risk,Varanasi (UP)
2024-05-25,41.7,42.0,0.0,14.0,989.0,Low Risk,Varanasi (UP)
2024-05-26,41.5,41.0,0.0,17.2,987.7,Low Risk,Varanasi (UP)
2024-05-27,40.9,46.0,0.2,18.0,985.7,Low Risk,Varanasi (UP)
2024-05-28,46.1,37.0,0.0,23.3,983.4,Low Risk,Varanasi (UP)
2024-05-29,46.8,33.0,0.0,13.0,985.0,Low Risk,Varanasi (UP)
2024-05-30,46.3,29.0,0.0,17.7,987.4,Low Risk,Varanasi (UP)
2024-05-31,45.2,42.0,0.0,20.4,989.5,Low Risk,Varanasi (UP)
2024-06-01,44.2,46.0,0.0,18.8,990.6,Low Risk,Varanasi (UP)
2024-06-02,42.3,49.0,0.0,23.0,992.4,Low Risk,Varanasi (UP)
2024-06-03,43.9,37.0,0.0,13.2,991.7,Low Risk,Varanasi (UP)
2024-06-04,44.2,38.0,0.1,20.5,991.1,Low Risk,Varanasi (UP)
2024-06-05,41.2,51.0,0.0,16.8,991.9,Low Risk,Varanasi (UP)
2024-06-06,42.6,50.0,0.0,23.5,993.4,Low Risk,Varanasi (UP)
2024-06-07,43.1,38.0,0.0,19.2,991.5,Low Risk,Varanasi (UP)
2024-06-08,44.0,30.0,0.0,15.9,989.6,Low Risk,Varanasi (UP)
2024-06-09,44.2,29.0,0.0,16.5,989.4,Low Risk,Varanasi (UP)
2024-06-10,45.0,24.0,0.0,16.9,989.8,Low Risk,Varanasi (UP)
2024-06-11,45.1,25.0,0.0,20.2,989.6,Low Risk,Varanasi (UP)
2024-06-12,44.5,30.0,0.0,13.4,989.6,Low Risk,Varanasi (UP)
2024-06-13,45.6,28.0,0.0,19.5,988.1,Low Risk,Varanasi (UP)
2024-06-14,45.6,26.0,0.0,19.7,987.5,Low Risk,Varanasi (UP)
2024-06-15,45.0,29.0,0.0,19.6,987.7,Low Risk,Varanasi (UP)
2024-06-16,45.9,27.0,0.0,24.2,988.3,Low Risk,Varanasi (UP)
2024-06-17,45.7,34.0,0.0,24.5,988.4,Low Risk,Varanasi (UP)
2024-06-18,45.1,34.0,0.4,31.2,986.9,Low Risk,Varanasi (UP)
2024-06-19,41.7,41.0,0.0,25.8,986.4,Low Risk,Varanasi (UP)
2024-06-20,38.1,63.0,17.9,25.5,988.8,Low Risk,Varanasi (UP)
2024-06-21,38.0,63.0,3.1,13.7,989.8,Low Risk,Varanasi (UP)
2024-06-22,37.4,62.0,1.8,13.0,989.4,Low Risk,Varanasi (UP)
2024-06-23,38.1,70.0,20.7,13.3,989.7,Low Risk,Varanasi (UP)
2024-06-24,36.9,66.0,7.0,11.0,988.7,Low Risk,Varanasi (UP)
2024-06-25,37.8,65.0,15.0,14.7,987.9,Low Risk,Varanasi (UP)
2024-06-26,36.1,75.0,16.2,15.3,989.3,Low Risk,Varanasi (UP)
2024-06-27,37.0,70.0,1.3,16.3,990.7,Low Risk,Varanasi (UP)
2024-06-28,35.1,71.0,7.7,13.4,989.4,Low Risk,Varanasi (UP)
2024-06-29,35.5,76.0,5.6,10.4,989.7,Low Risk,Varanasi (UP)
2024-06-30,33.2,82.0,10.5,17.0,989.8,Low Risk,Varanasi (UP)
2024-07-01,32.3,84.0,23.6,21.2,987.7,Low Risk,Varanasi (UP)
2024-07-02,33.1,84.0,26.5,19.1,987.3,Low Risk,Varanasi (UP)
2024-07-03,30.9,87.0,9.8,8.8,989.1,Low Risk,Varanasi (UP)
2024-07-04,30.9,87.0,13.6,10.3,990.0,Low Risk,Varanasi (UP)
2024-07-05,30.7,86.0,34.0,10.3,988.6,Low Risk,Varanasi (UP)
2024-07-06,32.5,85.0,31.8,15.1,988.0,Low Risk,Varanasi (UP)
2024-07-07,32.1,86.0,10.6,12.0,991.3,Low Risk,Varanasi (UP)
2024-07-08,33.3,85.0,17.2,11.2,992.0,Low Risk,Varanasi (UP)
2024-07-09,34.6,82.0,10.5,11.4,992.3,Low Risk,Varanasi (UP)
2024-07-10,34.3,86.0,21.6,8.7,993.0,Low Risk,Varanasi (UP)
2024-07-11,33.3,88.0,30.0,13.8,990.4,Low Risk,Varanasi (UP)
2024-07-12,31.8,87.0,14.7,15.9,988.5,Low Risk,Varanasi (UP)
2024-07-13,32.5,83.0,6.0,17.7,987.8,Low Risk,Varanasi (UP)
2024-07-14,32.9,83.0,29.6,12.2,987.4,Low Risk,Varanasi (UP)
2024-07-15,35.3,74.0,0.7,21.1,989.0,Low Risk,Varanasi (UP)
2024-07-16,34.8,71.0,0.8,23.4,990.0,Low Risk,Varanasi (UP)
2024-07-17,34.2,74.0,0.4,17.0,990.1,Low Risk,Varanasi (UP)
2024-07-18,36.0,71.0,0.1,14.9,988.6,Low Risk,Varanasi (UP)
2024-07-19,35.5,73.0,0.4,14.8,987.7,Low Risk,Varanasi (UP)
2024-07-20,35.5,71.0,0.9,21.8,987.5,Low Risk,Varanasi (UP)
2024-07-21,35.2,69.0,0.5,21.5,988.0,Low Risk,Varanasi (UP)
2024-07-22,35.6,71.0,0.6,17.3,987.9,Low Risk,Varanasi (UP)
2024-07-23,33.3,82.0,14.9,16.7,987.1,Low Risk,Varanasi (UP)
2024-07-24,34.4,81.0,5.8,16.6,984.0,Low Risk,Varanasi (UP)
2024-07-25,34.6,84.0,4.4,11.8,983.1,Low Risk,Varanasi (UP)
2024-07-26,34.6,81.0,5.7,10.1,984.6,Low Risk,Varanasi (UP)
2024-07-27,34.6,79.0,5.6,20.5,986.1,Low Risk,Varanasi (UP)
2024-07-28,35.5,71.0,0.3,27.8,986.5,Low Risk,Varanasi (UP)
2024-07-29,35.0,75.0,2.8,17.2,987.2,Low Risk,Varanasi (UP)
2024-07-30,35.2,80.0,16.3,11.4,989.5,Low Risk,Varanasi (UP)
2024-07-31,33.6,83.0,36.4,11.4,990.5,Low Risk,Varanasi (UP)
2024-08-01,32.0,87.0,34.6,13.3,989.3,Low Risk,Varanasi (UP)
2024-08-02,30.7,85.0,11.6,20.5,987.2,Low Risk,Varanasi (UP)
2024-08-03,28.6,90.0,18.3,36.4,986.1,Low Risk,Varanasi (UP)
2024-08-04,32.8,84.0,32.8,25.3,990.9,Low Risk,Varanasi (UP)
2024-08-05,33.2,78.0,0.4,10.7,992.9,Low Risk,Varanasi (UP)
2024-08-06,30.6,89.0,12.0,10.7,992.1,Low Risk,Varanasi (UP)
2024-08-07,31.7,87.0,11.5,9.6,992.1,Low Risk,Varanasi (UP)
2024-08-08,30.7,89.0,22.2,8.6,992.8,Low Risk,Varanasi (UP)
2024-08-09,31.1,89.0,16.5,8.6,993.7,Low Risk,Varanasi (UP)
2024-08-10,31.0,87.0,9.8,15.1,993.6,Low Risk,Varanasi (UP)
2024-08-11,31.4,85.0,1.5,9.5,992.4,Low Risk,Varanasi (UP)
2024-08-12,31.1,89.0,13.8,8.6,993.1,Low Risk,Varanasi (UP)
2024-08-13,32.5,88.0,13.5,6.2,994.1,Low Risk,Varanasi (UP)
2024-08-14,31.7,90.0,22.7,11.5,994.3,Low Risk,Varanasi (UP)
2024-08-15,32.2,86.0,5.0,12.3,993.2,Low Risk,Varanasi (UP)
2024-08-16,33.3,84.0,4.4,9.5,992.9,Low Risk,Varanasi (UP)
2024-08-17,32.9,84.0,3.6,13.0,994.2,Low Risk,Varanasi (UP)
2024-08-18,32.7,82.0,4.6,10.6,995.2,Low Risk,Varanasi (UP)
2024-08-19,33.0,82.0,9.8,11.2,994.1,Low Risk,Varanasi (UP)
2024-08-20,32.2,85.0,12.4,13.4,994.4,Low Risk,Varanasi (UP)
2024-08-21,32.0,85.0,6.9,10.5,995.5,Low Risk,Varanasi (UP)
2024-08-22,31.4,89.0,27.4,7.0,994.7,Low Risk,Varanasi (UP)
2024-08-23,29.9,90.0,10.4,18.1,994.2,Low Risk,Varanasi (UP)
2024-08-24,32.2,83.0,14.3,26.7,992.3,Low Risk,Varanasi (UP)
2024-08-25,32.2,84.0,4.8,17.4,991.7,Low Risk,Varanasi (UP)
2024-08-26,31.9,83.0,6.3,17.9,992.0,Low Risk,Varanasi (UP)
2024-08-27,29.9,89.0,33.4,18.7,993.5,Low Risk,Varanasi (UP)
2024-08-28,31.4,87.0,28.6,9.8,994.6,Low Risk,Varanasi (UP)
2024-08-29,31.9,86.0,5.9,9.5,994.5,Low Risk,Varanasi (UP)
2024-08-30,32.9,84.0,1.3,10.2,994.7,Low Risk,Varanasi (UP)
2024-08-31,33.1,85.0,7.2,9.4,994.2,Low Risk,Varanasi (UP)
2024-09-01,33.2,80.0,0.7,19.8,994.2,Low Risk,Varanasi (UP)
2024-09-02,33.0,77.0,1.1,20.5,994.8,Low Risk,Varanasi (UP)
2024-09-03,33.8,77.0,0.0,13.2,995.2,Low Risk,Varanasi (UP)
2024-09-04,32.5,85.0,8.6,10.5,993.3,Low Risk,Varanasi (UP)
2024-09-05,31.5,88.0,8.5,7.7,992.4,Low Risk,Varanasi (UP)
2024-09-06,32.3,88.0,3.9,13.8,993.9,Low Risk,Varanasi (UP)
2024-09-07,33.2,85.0,3.0,5.2,993.8,Low Risk,Varanasi (UP)
2024-09-08,32.7,87.0,6.8,10.2,993.4,Low Risk,Varanasi (UP)
2024-09-09,32.6,86.0,5.0,13.0,991.1,Low Risk,Varanasi (UP)
2024-09-10,32.6,79.0,2.2,24.4,989.5,Low Risk,Varanasi (UP)
2024-09-11,33.0,80.0,16.0,24.8,989.7,Low Risk,Varanasi (UP)
2024-09-12,32.2,83.0,2.9,16.8,992.4,Low Risk,Varanasi (UP)
2024-09-13,31.2,83.0,2.3,16.7,992.8,Low Risk,Varanasi (UP)
2024-09-14,31.6,78.0,0.3,20.2,992.6,Low Risk,Varanasi (UP)
2024-09-15,30.6,82.0,1.6,16.9,992.5,Low Risk,Varanasi (UP)
2024-09-16,31.4,83.0,14.0,28.8,993.2,Low Risk,Varanasi (UP)
2024-09-17,28.0,89.0,73.7,33.5,992.5,Low Risk,Varanasi (UP)
2024-09-18,32.2,79.0,0.0,21.7,993.7,Low Risk,Varanasi (UP)
2024-09-19,32.7,79.0,0.0,9.2,995.2,Low Risk,Varanasi (UP)
2024-09-20,32.7,79.0,0.0,8.4,995.5,Low Risk,Varanasi (UP)
2024-09-21,33.3,78.0,0.0,8.0,996.3,Low Risk,Varanasi (UP)
2024-09-22,34.3,78.0,0.0,11.5,995.2,Low Risk,Varanasi (UP)
2024-09-23,33.7,81.0,0.0,8.3,994.8,Low Risk,Varanasi (UP)
2024-09-24,32.6,82.0,0.1,12.4,994.2,Low Risk,Varanasi (UP)
2024-09-25,31.5,84.0,5.4,20.2,994.5,Low Risk,Varanasi (UP)
2024-09-26,30.0,88.0,17.7,19.9,993.4,Low Risk,Varanasi (UP)
2024-09-27,28.6,92.0,46.0,18.5,994.8,Low Risk,Varanasi (UP)
2024-09-28,30.4,90.0,17.5,19.1,996.9,Low Risk,Varanasi (UP)
2024-09-29,31.2,88.0,5.2,7.9,998.5,Low Risk,Varanasi (UP)
2024-09-30,32.0,83.0,0.7,16.4,997.6,Low Risk,Varanasi (UP)
2024-10-01,32.3,80.0,0.6,18.4,995.7,Low Risk,Varanasi (UP)
2023-01-01,29.9,56.0,0.0,9.3,955.4,Low Risk,Pune (Maharashtra)
2023-01-02,29.8,49.0,0.0,8.4,955.4,Low Risk,Pune (Maharashtra)
2023-01-03,29.9,51.0,0.0,12.7,955.2,Low Risk,Pune (Maharashtra)
2023-01-04,29.4,62.0,0.0,8.7,954.0,Low Risk,Pune (Maharashtra)
2023-01-05,29.3,62.0,0.0,12.9,955.0,Low Risk,Pune (Maharashtra)
2023-01-06,28.5,61.0,0.0,17.4,956.5,Low Risk,Pune (Maharashtra)
2023-01-07,27.8,67.0,0.0,15.8,956.5,Low Risk,Pune (Maharashtra)
2023-01-08,27.2,58.0,0.0,10.4,955.4,Low Risk,Pune (Maharashtra)
2023-01-09,27.2,41.0,0.0,10.0,956.1,Low Risk,Pune (Maharashtra)
2023-01-10,28.2,35.0,0.0,10.7,955.5,Low Risk,Pune (Maharashtra)
2023-01-11,29.6,41.0,0.0,11.8,953.5,Low Risk,Pune (Maharashtra)
2023-01-12,29.3,43.0,0.0,12.7,952.2,Low Risk,Pune (Maharashtra)
2023-01-13,28.6,62.0,0.0,12.7,952.6,Low Risk,Pune (Maharashtra)
2023-01-14,29.7,67.0,0.0,14.2,952.3,Low Risk,Pune (Maharashtra)
2023-01-15,30.4,57.0,0.0,12.4,951.4,Low Risk,Pune (Maharashtra)
2023-01-16,30.6,55.0,0.0,15.8,951.4,Low Risk,Pune (Maharashtra)
2023-01-17,30.4,56.0,0.0,10.8,952.1,Low Risk,Pune (Maharashtra)
2023-01-18,30.2,48.0,0.0,10.9,953.4,Low Risk,Pune (Maharashtra)
2023-01-19,30.6,45.0,0.0,13.4,953.4,Low Risk,Pune (Maharashtra)
2023-01-20,30.2,46.0,0.0,11.9,953.0,Low Risk,Pune (Maharashtra)
2023-01-21,29.4,48.0,0.0,11.7,953.0,Low Risk,Pune (Maharashtra)
2023-01-22,29.6,48.0,0.0,15.9,952.1,Low Risk,Pune (Maharashtra)
2023-01-23,29.5,52.0,0.0,12.1,951.4,Low Risk,Pune (Maharashtra)
2023-01-24,30.2,61.0,0.0,16.4,951.3,Low Risk,Pune (Maharashtra)
2023-01-25,29.5,60.0,0.2,13.8,951.5,Low Risk,Pune (Maharashtra)
2023-01-26,29.5,58.0,0.5,12.9,952.1,Low Risk,Pune (Maharashtra)
2023-01-27,31.0,52.0,0.0,14.6,952.3,Low Risk,Pune (Maharashtra)
2023-01-28,30.9,42.0,0.0,16.2,951.2,Low Risk,Pune (Maharashtra)
2023-01-29,30.9,62.0,0.0,15.9,949.7,Low Risk,Pune (Maharashtra)
2023-01-30,30.3,65.0,0.0,9.3,952.4,Low Risk,Pune (Maharashtra)
2023-01-31,29.8,58.0,0.0,15.6,952.9,Low Risk,Pune (Maharashtra)
2023-02-01,28.8,58.0,0.1,16.7,953.2,Low Risk,Pune (Maharashtra)
2023-02-02,29.8,55.0,0.0,16.9,953.1,Low Risk,Pune (Maharashtra)
2023-02-03,29.5,43.0,0.0,13.0,953.4,Low Risk,Pune (Maharashtra)
2023-02-04,30.8,40.0,0.0,8.8,952.2,Low Risk,Pune (Maharashtra)
2023-02-05,31.3,39.0,0.0,8.0,951.5,Low Risk,Pune (Maharashtra)
2023-02-06,32.3,41.0,0.0,14.8,951.5,Low Risk,Pune (Maharashtra)
2023-02-07,31.6,42.0,0.0,10.0,951.2,Low Risk,Pune (Maharashtra)
2023-02-08,32.2,40.0,0.0,10.1,952.1,Low Risk,Pune (Maharashtra)
2023-02-09,33.1,37.0,0.0,10.1,952.7,Low Risk,Pune (Maharashtra)
2023-02-10,33.4,30.0,0.0,8.5,953.8,Low Risk,Pune (Maharashtra)
2023-02-11,33.6,29.0,0.0,12.7,954.0,Low Risk,Pune (Maharashtra)
2023-02-12,33.5,28.0,0.0,13.9,954.8,Low Risk,Pune (Maharashtra)
2023-02-13,32.3,32.0,0.0,15.5,954.9,Low Risk,Pune (Maharashtra)
2023-02-14,32.2,28.0,0.0,11.4,954.5,Low Risk,Pune (Maharashtra)
2023-02-15,33.0,22.0,0.0,12.4,953.0,Low Risk,Pune (Maharashtra)
2023-02-16,34.4,24.0,0.0,19.1,953.5,Low Risk,Pune (Maharashtra)
2023-02-17,34.3,25.0,0.0,15.1,953.7,Low Risk,Pune (Maharashtra)
2023-02-18,33.6,23.0,0.0,13.1,953.5,Low Risk,Pune (Maharashtra)
2023-02-19,33.2,26.0,0.0,15.5,953.3,Low Risk,Pune (Maharashtra)
2023-02-20,34.3,30.0,0.0,13.2,953.3,Low Risk,Pune (Maharashtra)
2023-02-21,34.5,32.0,0.0,11.2,953.4,Low Risk,Pune (Maharashtra)
2023-02-22,34.5,29.0,0.0,10.3,953.2,Low Risk,Pune (Maharashtra)
2023-02-23,34.6,28.0,0.0,11.4,952.7,Low Risk,Pune (Maharashtra)
2023-02-24,34.2,24.0,0.0,12.5,953.7,Low Risk,Pune (Maharashtra)
2023-02-25,34.0,23.0,0.0,11.5,955.1,Low Risk,Pune (Maharashtra)
2023-02-26,34.2,24.0,0.0,10.5,955.6,Low Risk,Pune (Maharashtra)
2023-02-27,34.8,24.0,0.0,19.1,955.4,Low Risk,Pune (Maharashtra)
2023-02-28,34.3,25.0,0.0,12.3,955.1,Low Risk,Pune (Maharashtra)
2023-03-01,34.0,25.0,0.0,18.4,955.5,Low Risk,Pune (Maharashtra)
2023-03-02,34.1,28.0,0.0,14.9,956.2,Low Risk,Pune (Maharashtra)
2023-03-03,34.5,29.0,0.0,18.6,956.7,Low Risk,Pune (Maharashtra)
2023-03-04,35.5,28.0,0.0,13.6,956.5,Low Risk,Pune (Maharashtra)
2023-03-05,35.8,30.0,0.0,11.5,956.1,Low Risk,Pune (Maharashtra)
2023-03-06,34.1,42.0,1.7,18.6,955.2,Low Risk,Pune (Maharashtra)
2023-03-07,29.2,51.0,0.3,15.3,955.6,Low Risk,Pune (Maharashtra)
2023-03-08,32.2,42.0,0.0,13.5,954.5,Low Risk,Pune (Maharashtra)
2023-03-09,32.5,33.0,0.0,14.4,954.2,Low Risk,Pune (Maharashtra)
2023-03-10,33.2,32.0,0.0,12.9,953.5,Low Risk,Pune (Maharashtra)
2023-03-11,33.8,31.0,0.0,16.2,953.2,Low Risk,Pune (Maharashtra)
2023-03-12,34.3,32.0,0.0,16.9,952.7,Low Risk,Pune (Maharashtra)
2023-03-13,34.5,36.0,0.0,15.0,951.9,Low Risk,Pune (Maharashtra)
2023-03-14,34.9,37.0,0.0,18.3,950.5,Low Risk,Pune (Maharashtra)
2023-03-15,32.4,39.0,0.0,16.9,949.5,Low Risk,Pune (Maharashtra)
2023-03-16,31.8,64.0,9.2,14.3,951.0,Low Risk,Pune (Maharashtra)
2023-03-17,30.9,62.0,0.1,18.7,950.8,Low Risk,Pune (Maharashtra)
2023-03-18,30.7,58.0,0.0,16.9,949.7,Low Risk,Pune (Maharashtra)
2023-03-19,30.9,58.0,0.0,21.3,949.1,Low Risk,Pune (Maharashtra)
2023-03-20,30.0,58.0,0.0,18.5,948.9,Low Risk,Pune (Maharashtra)
2023-03-21,30.1,59.0,1.0,18.0,949.5,Low Risk,Pune (Maharashtra)
2023-03-22,30.2,59.0,0.0,18.1,950.5,Low Risk,Pune (Maharashtra)
2023-03-23,31.2,61.0,0.0,18.2,950.6,Low Risk,Pune (Maharashtra)
2023-03-24,33.1,54.0,0.0,19.3,950.6,Low Risk,Pune (Maharashtra)
2023-03-25,33.5,51.0,0.0,18.3,951.4,Low Risk,Pune (Maharashtra)
2023-03-26,32.9,48.0,0.0,17.6,951.0,Low Risk,Pune (Maharashtra)
2023-03-27,33.3,55.0,0.0,15.5,951.0,Low Risk,Pune (Maharashtra)
2023-03-28,33.7,53.0,0.0,15.1,950.3,Low Risk,Pune (Maharashtra)
2023-03-29,34.9,52.0,0.0,19.4,950.7,Low Risk,Pune (Maharashtra)
2023-03-30,32.4,59.0,0.0,18.6,950.1,Low Risk,Pune (Maharashtra)
2023-03-31,30.8,64.0,0.0,18.9,950.0,Low Risk,Pune (Maharashtra)
2023-04-01,33.2,55.0,0.0,16.8,950.5,Low Risk,Pune (Maharashtra)
2023-04-02,33.4,60.0,0.0,19.0,950.1,Low Risk,Pune (Maharashtra)
2023-04-03,34.1,62.0,0.0,17.9,949.8,Low Risk,Pune (Maharashtra)
2023-04-04,35.6,57.0,0.0,22.0,950.7,Low Risk,Pune (Maharashtra)
2023-04-05,35.7,49.0,0.0,19.8,950.5,Low Risk,Pune (Maharashtra)
2023-04-06,35.6,37.0,0.0,16.5,950.9,Low Risk,Pune (Maharashtra)
2023-04-07,35.6,45.0,3.7,18.0,952.5,Low Risk,Pune (Maharashtra)
2023-04-08,32.4,61.0,1.3,21.9,954.6,Low Risk,Pune (Maharashtra)
2023-04-09,35.2,60.0,7.6,19.6,954.3,Low Risk,Pune (Maharashtra)
2023-04-10,34.5,50.0,0.0,14.3,952.8,Low Risk,Pune (Maharashtra)
2023-04-11,36.3,45.0,0.0,21.1,952.9,Low Risk,Pune (Maharashtra)
2023-04-12,35.8,39.0,0.0,12.3,952.4,Low Risk,Pune (Maharashtra)
2023-04-13,37.1,33.0,0.6,15.4,952.2,Low Risk,Pune (Maharashtra)
2023-04-14,36.3,35.0,0.0,15.5,952.2,Low Risk,Pune (Maharashtra)
2023-04-15,35.5,46.0,0.0,30.4,951.8,Low Risk,Pune (Maharashtra)
2023-04-16,36.4,48.0,0.2,26.2,950.6,Low Risk,Pune (Maharashtra)
2023-04-17,36.4,41.0,0.5,15.8,950.7,Low Risk,Pune (Maharashtra)
2023-04-18,36.8,39.0,0.0,25.1,951.4,Low Risk,Pune (Maharashtra)
2023-04-19,38.2,31.0,0.1,14.3,949.6,Low Risk,Pune (Maharashtra)
2023-04-20,36.9,37.0,0.0,21.7,947.6,Low Risk,Pune (Maharashtra)
2023-04-21,35.5,36.0,0.0,20.7,947.8,Low Risk,Pune (Maharashtra)
2023-04-22,34.3,43.0,0.0,20.9,948.0,Low Risk,Pune (Maharashtra)
2023-04-23,34.8,51.0,0.0,18.4,948.0,Low Risk,Pune (Maharashtra)
2023-04-24,36.9,44.0,0.0,18.5,948.8,Low Risk,Pune (Maharashtra)
2023-04-25,37.2,49.0,0.0,27.7,949.0,Low Risk,Pune (Maharashtra)
2023-04-26,33.9,60.0,0.0,20.9,949.3,Low Risk,Pune (Maharashtra)
2023-04-27,34.3,60.0,0.2,16.7,949.6,Low Risk,Pune (Maharashtra)
2023-04-28,33.9,59.0,0.3,21.6,950.4,Low Risk,Pune (Maharashtra)
2023-04-29,33.6,57.0,0.1,19.5,949.6,Low Risk,Pune (Maharashtra)
2023-04-30,34.3,55.0,0.0,24.6,948.1,Low Risk,Pune (Maharashtra)
2023-05-01,33.4,56.0,0.0,21.4,948.0,Low Risk,Pune (Maharashtra)
2023-05-02,32.8,59.0,0.3,16.6,948.8,Low Risk,Pune (Maharashtra)
2023-05-03,31.7,62.0,0.6,15.5,950.1,Low Risk,Pune (Maharashtra)
2023-05-04,33.5,60.0,0.0,15.2,949.5,Low Risk,Pune (Maharashtra)
2023-05-05,34.6,59.0,0.0,20.8,948.9,Low Risk,Pune (Maharashtra)
2023-05-06,34.5,63.0,0.1,19.8,949.1,Low Risk,Pune (Maharashtra)
2023-05-07,33.4,67.0,1.4,15.2,949.2,Low Risk,Pune (Maharashtra)
2023-05-08,34.1,73.0,2.8,19.6,948.8,Low Risk,Pune (Maharashtra)
2023-05-09,36.4,69.0,1.3,16.3,949.2,Low Risk,Pune (Maharashtra)
2023-05-10,38.5,55.0,0.0,18.2,948.6,Low Risk,Pune (Maharashtra)
2023-05-11,40.5,45.0,0.0,22.4,948.7,Low Risk,Pune (Maharashtra)
2023-05-12,39.4,47.0,0.0,22.9,949.1,Low Risk,Pune (Maharashtra)
2023-05-13,36.4,52.0,0.0,21.7,949.8,Low Risk,Pune (Maharashtra)
2023-05-14,36.1,51.0,0.0,23.2,949.2,Low Risk,Pune (Maharashtra)
2023-05-15,35.6,63.0,0.0,20.5,949.9,Low Risk,Pune (Maharashtra)
2023-05-16,35.5,62.0,0.0,20.6,951.4,Low Risk,Pune (Maharashtra)
2023-05-17,37.3,58.0,0.0,21.2,951.3,Low Risk,Pune (Maharashtra)
2023-05-18,38.1,56.0,0.0,21.3,952.4,Low Risk,Pune (Maharashtra)
2023-05-19,38.6,53.0,0.0,24.0,951.0,Low Risk,Pune (Maharashtra)
2023-05-20,36.8,55.0,0.0,19.1,950.5,Low Risk,Pune (Maharashtra)
2023-05-21,36.4,61.0,0.0,19.2,951.1,Low Risk,Pune (Maharashtra)
2023-05-22,37.4,55.0,0.0,21.2,951.7,Low Risk,Pune (Maharashtra)
2023-05-23,39.1,48.0,0.0,26.7,951.6,Low Risk,Pune (Maharashtra)
2023-05-24,36.9,59.0,0.0,20.2,951.4,Low Risk,Pune (Maharashtra)
2023-05-25,34.8,62.0,0.0,22.4,951.8,Low Risk,Pune (Maharashtra)
2023-05-26,33.8,67.0,0.1,22.3,952.3,Low Risk,Pune (Maharashtra)
2023-05-27,34.3,63.0,0.0,19.2,951.3,Low Risk,Pune (Maharashtra)
2023-05-28,36.1,60.0,0.0,19.4,950.4,Low Risk,Pune (Maharashtra)
2023-05-29,38.5,63.0,0.1,20.9,950.1,Low Risk,Pune (Maharashtra)
2023-05-30,38.3,57.0,0.0,22.3,950.3,Low Risk,Pune (Maharashtra)
2023-05-31,39.5,56.0,0.0,21.6,949.8,Low Risk,Pune (Maharashtra)
2023-06-01,38.9,50.0,0.0,24.5,949.6,Low Risk,Pune (Maharashtra)
2023-06-02,35.4,61.0,0.0,19.7,950.3,Low Risk,Pune (Maharashtra)
2023-06-03,35.9,65.0,0.7,18.7,949.9,Low Risk,Pune (Maharashtra)
2023-06-04,33.1,70.0,1.8,20.6,949.7,Low Risk,Pune (Maharashtra)
2023-06-05,34.3,67.0,0.5,19.9,949.1,Low Risk,Pune (Maharashtra)
2023-06-06,35.6,63.0,0.0,17.4,948.7,Low Risk,Pune (Maharashtra)
2023-06-07,35.9,61.0,0.0,20.0,948.5,Low Risk,Pune (Maharashtra)
2023-06-08,35.8,65.0,0.1,19.0,948.9,Low Risk,Pune (Maharashtra)
2023-06-09,36.1,64.0,0.0,21.1,947.2,Low Risk,Pune (Maharashtra)
2023-06-10,34.5,65.0,2.0,24.5,946.1,Low Risk,Pune (Maharashtra)
2023-06-11,34.5,64.0,1.3,24.5,945.7,Low Risk,Pune (Maharashtra)
2023-06-12,34.0,62.0,0.6,28.0,945.4,Low Risk,Pune (Maharashtra)
2023-06-13,31.6,69.0,0.8,27.6,946.6,Low Risk,Pune (Maharashtra)
2023-06-14,32.0,73.0,2.5,26.8,948.3,Low Risk,Pune (Maharashtra)
2023-06-15,32.8,70.0,0.1,25.8,948.5,Low Risk,Pune (Maharashtra)
2023-06-16,31.3,72.0,0.4,31.4,947.6,Low Risk,Pune (Maharashtra)
2023-06-17,32.1,71.0,0.1,26.6,948.2,Low Risk,Pune (Maharashtra)
2023-06-18,32.7,73.0,0.5,25.9,948.4,Low Risk,Pune (Maharashtra)
2023-06-19,33.1,68.0,0.0,23.0,947.5,Low Risk,Pune (Maharashtra)
2023-06-20,33.1,68.0,0.0,22.7,946.8,Low Risk,Pune (Maharashtra)
2023-06-21,33.6,69.0,1.4,22.7,947.2,Low Risk,Pune (Maharashtra)
2023-06-22,33.5,67.0,0.9,21.6,947.4,Low Risk,Pune (Maharashtra)
2023-06-23,32.2,72.0,2.2,20.9,947.0,Low Risk,Pune (Maharashtra)
2023-06-24,32.2,76.0,6.5,21.3,945.6,Low Risk,Pune (Maharashtra)
2023-06-25,27.8,80.0,2.8,24.5,945.6,Low Risk,Pune (Maharashtra)
2023-06-26,25.7,84.0,3.8,23.4,946.6,Low Risk,Pune (Maharashtra)
2023-06-27,28.4,81.0,2.0,22.4,946.4,Low Risk,Pune (Maharashtra)
2023-06-28,28.5,83.0,10.5,26.6,946.9,Low Risk,Pune (Maharashtra)
2023-06-29,25.7,89.0,15.5,22.5,947.0,Low Risk,Pune (Maharashtra)
2023-06-30,26.7,88.0,23.5,30.2,946.9,Low Risk,Pune (Maharashtra)
2023-07-01,27.0,84.0,5.1,26.8,947.8,Low Risk,Pune (Maharashtra)
2023-07-02,28.1,83.0,4.3,24.1,947.3,Low Risk,Pune (Maharashtra)
2023-07-03,29.0,84.0,4.1,18.6,945.7,Low Risk,Pune (Maharashtra)
2023-07-04,29.3,83.0,4.9,19.9,944.0,Low Risk,Pune (Maharashtra)
2023-07-05,30.0,84.0,11.0,16.6,942.3,Low Risk,Pune (Maharashtra)
2023-07-06,26.2,86.0,5.4,29.3,943.6,Low Risk,Pune (Maharashtra)
2023-07-07,26.9,87.0,25.6,26.9,944.6,Low Risk,Pune (Maharashtra)
2023-07-08,27.4,84.0,20.6,30.3,946.4,Low Risk,Pune (Maharashtra)
2023-07-09,27.3,83.0,3.5,28.7,947.2,Low Risk,Pune (Maharashtra)
2023-07-10,27.1,83.0,1.3,25.1,947.6,Low Risk,Pune (Maharashtra)
2023-07-11,28.3,80.0,0.7,22.7,947.7,Low Risk,Pune (Maharashtra)
2023-07-12,26.1,87.0,9.8,18.8,946.7,Low Risk,Pune (Maharashtra)
2023-07-13,28.0,82.0,3.8,21.4,946.5,Low Risk,Pune (Maharashtra)
2023-07-14,27.8,85.0,24.6,23.2,947.6,Low Risk,Pune (Maharashtra)
2023-07-15,27.1,84.0,1.4,26.0,948.1,Low Risk,Pune (Maharashtra)
2023-07-16,27.8,83.0,4.5,23.9,947.4,Low Risk,Pune (Maharashtra)
2023-07-17,26.7,85.0,2.7,25.8,946.2,Low Risk,Pune (Maharashtra)
2023-07-18,25.1,88.0,13.3,32.8,944.8,Low Risk,Pune (Maharashtra)
2023-07-19,25.3,91.0,35.3,28.5,942.9,Low Risk,Pune (Maharashtra)
2023-07-20,26.5,86.0,3.5,32.3,943.4,Low Risk,Pune (Maharashtra)
2023-07-21,26.4,87.0,13.3,25.3,945.0,Low Risk,Pune (Maharashtra)
2023-07-22,27.2,88.0,11.5,29.2,945.5,Low Risk,Pune (Maharashtra)
2023-07-23,25.9,89.0,8.4,28.7,944.8,Low Risk,Pune (Maharashtra)
2023-07-24,26.3,86.0,11.5,28.7,945.1,Low Risk,Pune (Maharashtra)
2023-07-25,25.4,89.0,13.1,23.8,946.7,Low Risk,Pune (Maharashtra)
2023-07-26,25.7,89.0,22.4,24.8,947.5,Low Risk,Pune (Maharashtra)
2023-07-27,24.7,91.0,23.5,26.4,947.7,Low Risk,Pune (Maharashtra)
2023-07-28,25.9,89.0,7.6,28.4,947.8,Low Risk,Pune (Maharashtra)
2023-07-29,25.0,88.0,1.6,26.4,948.4,Low Risk,Pune (Maharashtra)
2023-07-30,26.7,85.0,3.4,27.9,947.7,Low Risk,Pune (Maharashtra)
2023-07-31,27.2,85.0,2.4,27.1,947.2,Low Risk,Pune (Maharashtra)
2023-08-01,26.8,84.0,2.1,30.5,947.1,Low Risk,Pune (Maharashtra)
2023-08-02,26.6,85.0,1.0,30.6,947.6,Low Risk,Pune (Maharashtra)
2023-08-03,26.2,85.0,1.9,34.2,947.1,Low Risk,Pune (Maharashtra)
2023-08-04,27.2,84.0,1.4,30.7,948.2,Low Risk,Pune (Maharashtra)
2023-08-05,26.9,85.0,2.5,28.4,950.1,Low Risk,Pune (Maharashtra)
2023-08-06,27.1,83.0,0.9,29.8,949.6,Low Risk,Pune (Maharashtra)
2023-08-07,27.7,82.0,0.3,29.9,947.9,Low Risk,Pune (Maharashtra)
2023-08-08,27.8,82.0,1.0,26.3,948.4,Low Risk,Pune (Maharashtra)
2023-08-09,27.9,81.0,1.3,24.1,950.3,Low Risk,Pune (Maharashtra)
2023-08-10,27.7,82.0,2.0,23.1,950.9,Low Risk,Pune (Maharashtra)
2023-08-11,28.2,79.0,1.2,19.7,950.4,Low Risk,Pune (Maharashtra)
2023-08-12,28.1,81.0,1.3,24.5,950.1,Low Risk,Pune (Maharashtra)
2023-08-13,27.1,81.0,1.6,25.3,948.9,Low Risk,Pune (Maharashtra)
2023-08-14,28.1,80.0,0.9,23.6,949.1,Low Risk,Pune (Maharashtra)
2023-08-15,27.9,79.0,0.8,22.3,949.6,Low Risk,Pune (Maharashtra)
2023-08-16,28.8,80.0,0.7,23.1,949.9,Low Risk,Pune (Maharashtra)
2023-08-17,27.7,80.0,0.1,24.6,950.1,Low Risk,Pune (Maharashtra)
2023-08-18,28.8,80.0,0.0,23.6,948.8,Low Risk,Pune (Maharashtra)
2023-08-19,28.3,82.0,1.0,24.6,947.6,Low Risk,Pune (Maharashtra)
2023-08-20,26.9,83.0,1.6,23.9,947.8,Low Risk,Pune (Maharashtra)
2023-08-21,28.2,80.0,1.1,23.3,948.2,Low Risk,Pune (Maharashtra)
2023-08-22,28.5,83.0,3.8,22.7,948.3,Low Risk,Pune (Maharashtra)
2023-08-23,28.3,80.0,0.2,22.9,948.2,Low Risk,Pune (Maharashtra)
2023-08-24,28.5,80.0,1.3,24.3,947.4,Low Risk,Pune (Maharashtra)
2023-08-25,28.4,83.0,2.0,22.8,947.5,Low Risk,Pune (Maharashtra)
2023-08-26,28.3,81.0,1.4,25.3,948.8,Low Risk,Pune (Maharashtra)
2023-08-27,28.1,81.0,2.4,24.5,949.7,Low Risk,Pune (Maharashtra)
2023-08-28,28.6,81.0,2.1,22.8,949.1,Low Risk,Pune (Maharashtra)
2023-08-29,28.9,79.0,1.3,17.9,949.1,Low Risk,Pune (Maharashtra)
2023-08-30,30.4,78.0,0.0,15.2,949.8,Low Risk,Pune (Maharashtra)
2023-08-31,30.3,80.0,1.1,14.8,949.7,Low Risk,Pune (Maharashtra)
2023-09-01,32.1,80.0,5.0,14.0,949.6,Low Risk,Pune (Maharashtra)
2023-09-02,30.1,83.0,2.5,16.2,949.4,Low Risk,Pune (Maharashtra)
2023-09-03,29.6,82.0,9.4,15.1,948.3,Low Risk,Pune (Maharashtra)
2023-09-04,29.6,81.0,0.9,17.5,947.2,Low Risk,Pune (Maharashtra)
2023-09-05,29.7,78.0,0.3,16.9,946.7,Low Risk,Pune (Maharashtra)
2023-09-06,29.2,79.0,0.9,21.5,946.7,Low Risk,Pune (Maharashtra)
2023-09-07,27.8,82.0,3.4,26.0,946.5,Low Risk,Pune (Maharashtra)
2023-09-08,27.5,89.0,24.2,26.7,946.6,Low Risk,Pune (Maharashtra)
2023-09-09,27.2,88.0,7.5,25.1,946.9,Low Risk,Pune (Maharashtra)
2023-09-10,27.8,83.0,1.1,25.2,946.9,Low Risk,Pune (Maharashtra)
2023-09-11,28.1,83.0,1.2,24.2,947.6,Low Risk,Pune (Maharashtra)
2023-09-12,28.6,80.0,3.3,22.0,948.3,Low Risk,Pune (Maharashtra)
2023-09-13,28.4,81.0,1.1,20.5,947.8,Low Risk,Pune (Maharashtra)
2023-09-14,28.9,80.0,0.8,20.2,947.9,Low Risk,Pune (Maharashtra)
2023-09-15,28.6,80.0,0.4,21.3,947.7,Low Risk,Pune (Maharashtra)
2023-09-16,26.4,83.0,0.0,26.9,947.3,Low Risk,Pune (Maharashtra)
2023-09-17,26.8,83.0,2.3,27.6,946.7,Low Risk,Pune (Maharashtra)
2023-09-18,28.0,82.0,3.0,25.8,946.7,Low Risk,Pune (Maharashtra)
2023-09-19,28.3,82.0,1.6,22.9,948.2,Low Risk,Pune (Maharashtra)
2023-09-20,28.9,81.0,2.3,20.6,948.8,Low Risk,Pune (Maharashtra)
2023-09-21,29.8,84.0,18.5,14.5,948.9,Low Risk,Pune (Maharashtra)
2023-09-22,27.4,90.0,33.4,14.5,949.2,Low Risk,Pune (Maharashtra)
2023-09-23,27.5,91.0,32.1,12.3,949.5,Low Risk,Pune (Maharashtra)
2023-09-24,27.6,88.0,7.9,14.5,949.7,Low Risk,Pune (Maharashtra)
2023-09-25,28.7,86.0,5.8,14.3,948.8,Low Risk,Pune (Maharashtra)
2023-09-26,29.3,85.0,14.5,13.3,948.6,Low Risk,Pune (Maharashtra)
2023-09-27,27.9,89.0,33.6,9.8,947.9,Low Risk,Pune (Maharashtra)
2023-09-28,28.9,87.0,11.2,14.0,947.3,Low Risk,Pune (Maharashtra)
2023-09-29,29.4,88.0,19.9,14.8,947.1,Low Risk,Pune (Maharashtra)
2023-09-30,28.7,89.0,9.6,16.4,946.9,Low Risk,Pune (Maharashtra)
2023-10-01,27.7,90.0,14.1,20.6,946.9,Low Risk,Pune (Maharashtra)
2023-10-02,27.7,82.0,0.0,17.3,949.4,Low Risk,Pune (Maharashtra)
2023-10-03,29.8,80.0,0.2,13.4,950.7,Low Risk,Pune (Maharashtra)
2023-10-04,29.7,80.0,0.0,13.1,951.4,Low Risk,Pune (Maharashtra)
2023-10-05,30.0,77.0,0.0,9.0,951.1,Low Risk,Pune (Maharashtra)
2023-10-06,29.8,77.0,0.0,9.8,950.4,Low Risk,Pune (Maharashtra)
2023-10-07,30.5,74.0,0.0,8.8,950.7,Low Risk,Pune (Maharashtra)
2023-10-08,30.7,72.0,0.0,8.2,951.7,Low Risk,Pune (Maharashtra)
2023-10-09,30.8,70.0,0.0,6.5,952.9,Low Risk,Pune (Maharashtra)
2023-10-10,31.3,67.0,0.0,9.7,952.7,Low Risk,Pune (Maharashtra)
2023-10-11,30.1,71.0,0.0,10.9,952.6,Low Risk,Pune (Maharashtra)
2023-10-12,31.1,70.0,0.5,10.3,952.9,Low Risk,Pune (Maharashtra)
2023-10-13,31.9,69.0,0.0,12.7,953.4,Low Risk,Pune (Maharashtra)
2023-10-14,31.5,64.0,0.0,12.1,953.3,Low Risk,Pune (Maharashtra)
2023-10-15,30.8,64.0,0.0,7.9,952.0,Low Risk,Pune (Maharashtra)
2023-10-16,31.0,63.0,0.5,12.6,951.8,Low Risk,Pune (Maharashtra)
2023-10-17,30.9,62.0,0.2,8.4,953.1,Low Risk,Pune (Maharashtra)
2023-10-18,30.7,59.0,0.0,12.7,953.9,Low Risk,Pune (Maharashtra)
2023-10-19,30.8,66.0,1.0,13.7,953.8,Low Risk,Pune (Maharashtra)
2023-10-20,30.3,69.0,1.9,12.0,953.7,Low Risk,Pune (Maharashtra)
2023-10-21,30.5,63.0,0.5,11.3,954.2,Low Risk,Pune (Maharashtra)
2023-10-22,31.7,57.0,0.0,14.8,954.3,Low Risk,Pune (Maharashtra)
2023-10-23,31.5,58.0,0.0,10.2,953.2,Low Risk,Pune (Maharashtra)
2023-10-24,31.2,49.0,0.0,10.3,952.9,Low Risk,Pune (Maharashtra)
2023-10-25,31.0,48.0,0.0,11.0,954.3,Low Risk,Pune (Maharashtra)
2023-10-26,30.0,45.0,0.0,14.0,954.5,Low Risk,Pune (Maharashtra)
2023-10-27,30.2,44.0,0.0,15.1,953.0,Low Risk,Pune (Maharashtra)
2023-10-28,30.1,46.0,0.0,10.9,952.7,Low Risk,Pune (Maharashtra)
2023-10-29,30.6,46.0,0.0,14.4,952.4,Low Risk,Pune (Maharashtra)
2023-10-30,31.0,48.0,0.0,13.6,952.5,Low Risk,Pune (Maharashtra)
2023-10-31,30.5,55.0,0.0,14.3,953.0,Low Risk,Pune (Maharashtra)
2023-11-01,30.4,52.0,0.0,11.3,953.5,Low Risk,Pune (Maharashtra)
2023-11-02,30.4,51.0,0.0,11.1,952.8,Low Risk,Pune (Maharashtra)
2023-11-03,31.0,53.0,0.0,12.0,951.2,Low Risk,Pune (Maharashtra)
2023-11-04,30.8,54.0,0.0,14.8,951.2,Low Risk,Pune (Maharashtra)
2023-11-05,31.4,53.0,0.0,13.7,952.4,Low Risk,Pune (Maharashtra)
2023-11-06,31.3,50.0,0.0,15.1,953.4,Low Risk,Pune (Maharashtra)
2023-11-07,31.0,55.0,0.0,15.5,953.3,Low Risk,Pune (Maharashtra)
2023-11-08,30.0,73.0,1.6,16.7,953.1,Low Risk,Pune (Maharashtra)
2023-11-09,30.4,80.0,9.5,15.0,953.6,Low Risk,Pune (Maharashtra)
2023-11-10,29.8,83.0,2.5,13.7,954.8,Low Risk,Pune (Maharashtra)
2023-11-11,30.8,70.0,0.0,14.1,955.1,Low Risk,Pune (Maharashtra)
2023-11-12,31.1,64.0,0.0,13.4,955.0,Low Risk,Pune (Maharashtra)
2023-11-13,30.4,61.0,0.0,7.7,954.5,Low Risk,Pune (Maharashtra)
2023-11-14,30.0,58.0,0.0,10.4,953.8,Low Risk,Pune (Maharashtra)
2023-11-15,29.2,51.0,0.0,10.1,953.6,Low Risk,Pune (Maharashtra)
2023-11-16,29.3,56.0,0.0,9.8,953.6,Low Risk,Pune (Maharashtra)
2023-11-17,29.3,54.0,0.0,11.3,953.6,Low Risk,Pune (Maharashtra)
2023-11-18,30.3,55.0,0.0,10.0,953.0,Low Risk,Pune (Maharashtra)
2023-11-19,31.3,59.0,0.0,8.7,953.0,Low Risk,Pune (Maharashtra)
2023-11-20,30.8,62.0,0.0,12.8,953.5,Low Risk,Pune (Maharashtra)
2023-11-21,29.8,58.0,0.0,14.3,953.3,Low Risk,Pune (Maharashtra)
2023-11-22,29.7,55.0,0.0,10.5,952.5,Low Risk,Pune (Maharashtra)
2023-11-23,30.4,57.0,0.0,9.5,950.9,Low Risk,Pune (Maharashtra)
2023-11-24,30.8,63.0,0.4,14.6,951.2,Low Risk,Pune (Maharashtra)
2023-11-25,29.6,70.0,1.9,14.3,952.8,Low Risk,Pune (Maharashtra)
2023-11-26,30.2,77.0,25.0,16.6,953.1,Low Risk,Pune (Maharashtra)
2023-11-27,28.1,79.0,2.4,14.3,951.8,Low Risk,Pune (Maharashtra)
2023-11-28,28.6,81.0,0.3,11.8,950.9,Low Risk,Pune (Maharashtra)
2023-11-29,28.8,78.0,0.3,8.7,951.5,Low Risk,Pune (Maharashtra)
2023-11-30,29.3,77.0,0.3,13.3,952.0,Low Risk,Pune (Maharashtra)
2023-12-01,29.3,73.0,0.3,8.3,951.8,Low Risk,Pune (Maharashtra)
2023-12-02,30.3,67.0,0.3,16.3,951.2,Low Risk,Pune (Maharashtra)
2023-12-03,29.9,69.0,0.0,14.9,951.9,Low Risk,Pune (Maharashtra)
2023-12-04,30.5,68.0,0.0,13.7,951.0,Low Risk,Pune (Maharashtra)
2023-12-05,29.9,66.0,0.0,10.2,950.1,Low Risk,Pune (Maharashtra)
2023-12-06,28.1,73.0,0.5,10.8,951.0,Low Risk,Pune (Maharashtra)
2023-12-07,27.5,76.0,0.5,8.7,951.5,Low Risk,Pune (Maharashtra)
2023-12-08,28.3,72.0,0.3,8.6,952.1,Low Risk,Pune (Maharashtra)
2023-12-09,29.1,67.0,0.0,10.5,953.2,Low Risk,Pune (Maharashtra)
2023-12-10,29.3,67.0,0.0,11.0,952.3,Low Risk,Pune (Maharashtra)
2023-12-11,29.4,61.0,0.0,9.5,952.4,Low Risk,Pune (Maharashtra)
2023-12-12,29.3,63.0,0.0,10.5,951.4,Low Risk,Pune (Maharashtra)
2023-12-13,29.0,61.0,0.0,13.1,952.1,Low Risk,Pune (Maharashtra)
2023-12-14,28.0,59.0,0.0,13.3,953.6,Low Risk,Pune (Maharashtra)
2023-12-15,27.3,59.0,0.0,14.0,954.3,Low Risk,Pune (Maharashtra)
2023-12-16,27.4,60.0,0.0,13.0,953.7,Low Risk,Pune (Maharashtra)
2023-12-17,27.4,69.0,0.0,14.5,953.2,Low Risk,Pune (Maharashtra)
2023-12-18,27.0,64.0,0.0,19.4,954.4,Low Risk,Pune (Maharashtra)
2023-12-19,26.3,62.0,0.0,16.6,955.3,Low Risk,Pune (Maharashtra)
2023-12-20,27.2,61.0,0.0,14.8,955.0,Low Risk,Pune (Maharashtra)
2023-12-21,29.3,59.0,0.0,10.6,954.2,Low Risk,Pune (Maharashtra)
2023-12-22,29.6,60.0,0.0,9.2,954.1,Low Risk,Pune (Maharashtra)
2023-12-23,29.4,52.0,0.0,12.1,954.5,Low Risk,Pune (Maharashtra)
2023-12-24,29.1,50.0,0.0,12.3,956.0,Low Risk,Pune (Maharashtra)
2023-12-25,29.6,59.0,0.0,11.2,955.7,Low Risk,Pune (Maharashtra)
2023-12-26,30.6,54.0,0.0,10.6,955.5,Low Risk,Pune (Maharashtra)
2023-12-27,30.1,52.0,0.0,12.1,955.8,Low Risk,Pune (Maharashtra)
2023-12-28,30.0,62.0,0.0,11.3,954.2,Low Risk,Pune (Maharashtra)
2023-12-29,29.8,57.0,0.0,11.5,954.2,Low Risk,Pune (Maharashtra)
2023-12-30,29.6,58.0,0.0,10.0,953.5,Low Risk,Pune (Maharashtra)
2023-12-31,30.1,52.0,0.0,11.1,953.2,Low Risk,Pune (Maharashtra)
2024-01-01,29.5,55.0,0.0,10.1,953.2,Low Risk,Pune (Maharashtra)
2024-01-02,30.0,58.0,0.0,10.6,952.2,Low Risk,Pune (Maharashtra)
2024-01-03,29.8,60.0,0.0,7.6,951.6,Low Risk,Pune (Maharashtra)
2024-01-04,30.0,60.0,0.0,13.0,951.6,Low Risk,Pune (Maharashtra)
2024-01-05,29.6,59.0,0.0,13.2,951.8,Low Risk,Pune (Maharashtra)
2024-01-06,29.2,59.0,0.0,10.2,952.2,Low Risk,Pune (Maharashtra)
2024-01-07,29.5,62.0,0.8,13.0,952.5,Low Risk,Pune (Maharashtra)
2024-01-08,29.7,57.0,0.2,15.4,953.1,Low Risk,Pune (Maharashtra)
2024-01-09,28.2,72.0,1.0,16.3,953.5,Low Risk,Pune (Maharashtra)
2024-01-10,28.4,84.0,3.1,9.8,953.8,Low Risk,Pune (Maharashtra)
2024-01-11,28.7,73.0,0.0,10.4,954.1,Low Risk,Pune (Maharashtra)
2024-01-12,29.3,62.0,0.0,11.6,953.7,Low Risk,Pune (Maharashtra)
2024-01-13,29.7,51.0,0.0,11.2,954.3,Low Risk,Pune (Maharashtra)
2024-01-14,29.9,51.0,0.0,14.5,954.5,Low Risk,Pune (Maharashtra)
2024-01-15,28.4,49.0,0.0,13.4,953.4,Low Risk,Pune (Maharashtra)
2024-01-16,29.5,58.0,0.0,13.2,951.2,Low Risk,Pune (Maharashtra)
2024-01-17,28.9,63.0,0.0,16.6,950.4,Low Risk,Pune (Maharashtra)
2024-01-18,27.4,68.0,0.0,12.3,951.8,Low Risk,Pune (Maharashtra)
2024-01-19,28.8,66.0,0.0,13.8,951.8,Low Risk,Pune (Maharashtra)
2024-01-20,28.8,62.0,0.0,17.3,952.8,Low Risk,Pune (Maharashtra)
2024-01-21,28.5,62.0,0.0,10.6,953.3,Low Risk,Pune (Maharashtra)
2024-01-22,29.9,61.0,0.0,16.1,953.8,Low Risk,Pune (Maharashtra)
2024-01-23,27.4,57.0,0.0,11.0,953.5,Low Risk,Pune (Maharashtra)
2024-01-24,27.0,45.0,0.0,10.5,953.7,Low Risk,Pune (Maharashtra)
2024-01-25,27.4,46.0,0.0,10.9,955.1,Low Risk,Pune (Maharashtra)
2024-01-26,29.9,43.0,0.0,11.3,956.0,Low Risk,Pune (Maharashtra)
2024-01-27,29.9,40.0,0.0,11.5,956.3,Low Risk,Pune (Maharashtra)
2024-01-28,31.2,48.0,0.0,14.5,955.6,Low Risk,Pune (Maharashtra)
2024-01-29,30.7,45.0,0.0,8.7,955.1,Low Risk,Pune (Maharashtra)
2024-01-30,30.6,44.0,0.0,13.4,954.3,Low Risk,Pune (Maharashtra)
2024-01-31,31.4,47.0,0.0,18.1,953.7,Low Risk,Pune (Maharashtra)
2024-02-01,28.5,52.0,0.0,16.3,954.3,Low Risk,Pune (Maharashtra)
2024-02-02,28.8,53.0,0.0,10.9,954.8,Low Risk,Pune (Maharashtra)
2024-02-03,31.1,47.0,0.0,14.9,955.2,Low Risk,Pune (Maharashtra)
2024-02-04,33.1,47.0,0.0,8.8,956.1,Low Risk,Pune (Maharashtra)
2024-02-05,33.6,47.0,0.0,15.0,956.0,Low Risk,Pune (Maharashtra)
2024-02-06,34.6,45.0,0.0,18.5,955.8,Low Risk,Pune (Maharashtra)
2024-02-07,33.8,42.0,0.0,16.8,956.2,Low Risk,Pune (Maharashtra)
2024-02-08,32.9,39.0,0.0,10.0,955.5,Low Risk,Pune (Maharashtra)
2024-02-09,33.7,34.0,0.0,18.2,954.5,Low Risk,Pune (Maharashtra)
2024-02-10,34.2,37.0,0.0,20.3,955.3,Low Risk,Pune (Maharashtra)
2024-02-11,32.9,37.0,0.0,18.7,955.5,Low Risk,Pune (Maharashtra)
2024-02-12,33.1,37.0,0.0,18.4,954.9,Low Risk,Pune (Maharashtra)
2024-02-13,33.8,28.0,0.0,18.4,954.7,Low Risk,Pune (Maharashtra)
2024-02-14,32.7,33.0,0.0,9.8,954.4,Low Risk,Pune (Maharashtra)
2024-02-15,33.6,34.0,0.0,11.4,954.1,Low Risk,Pune (Maharashtra)
2024-02-16,35.2,39.0,0.0,12.9,954.5,Low Risk,Pune (Maharashtra)
2024-02-17,33.9,39.0,0.0,9.3,953.5,Low Risk,Pune (Maharashtra)
2024-02-18,34.6,38.0,0.0,15.6,952.1,Low Risk,Pune (Maharashtra)
2024-02-19,33.9,29.0,0.0,17.1,952.6,Low Risk,Pune (Maharashtra)
2024-02-20,33.7,33.0,0.0,21.5,953.1,Low Risk,Pune (Maharashtra)
2024-02-21,31.5,50.0,0.0,18.9,952.4,Low Risk,Pune (Maharashtra)
2024-02-22,30.5,58.0,0.0,18.7,952.6,Low Risk,Pune (Maharashtra)
2024-02-23,31.2,45.0,0.0,11.6,952.5,Low Risk,Pune (Maharashtra)
2024-02-24,33.0,36.0,0.0,18.0,951.9,Low Risk,Pune (Maharashtra)
2024-02-25,33.2,20.0,0.0,12.1,951.5,Low Risk,Pune (Maharashtra)
2024-02-26,34.9,38.0,0.0,16.6,951.4,Low Risk,Pune (Maharashtra)
2024-02-27,35.1,38.0,0.0,22.0,952.8,Low Risk,Pune (Maharashtra)
2024-02-28,33.6,35.0,0.0,11.9,953.0,Low Risk,Pune (Maharashtra)
2024-02-29,35.1,34.0,0.0,17.1,952.6,Low Risk,Pune (Maharashtra)
2024-03-01,35.8,37.0,0.0,15.5,953.0,Low Risk,Pune (Maharashtra)
2024-03-02,34.5,45.0,0.0,24.5,952.7,Low Risk,Pune (Maharashtra)
2024-03-03,31.1,63.0,0.0,22.2,952.6,Low Risk,Pune (Maharashtra)
2024-03-04,32.4,49.0,0.0,18.7,952.5,Low Risk,Pune (Maharashtra)
2024-03-05,34.6,39.0,0.0,19.5,952.6,Low Risk,Pune (Maharashtra)
2024-03-06,34.9,35.0,0.0,22.7,952.6,Low Risk,Pune (Maharashtra)
2024-03-07,34.7,23.0,0.0,17.8,952.1,Low Risk,Pune (Maharashtra)
2024-03-08,35.5,23.0,0.0,20.8,952.9,Low Risk,Pune (Maharashtra)
2024-03-09,35.2,21.0,0.0,15.3,953.0,Low Risk,Pune (Maharashtra)
2024-03-10,36.5,26.0,0.0,19.5,953.5,Low Risk,Pune (Maharashtra)
2024-03-11,36.0,25.0,0.0,18.8,954.8,Low Risk,Pune (Maharashtra)
2024-03-12,37.2,29.0,0.0,20.5,954.0,Low Risk,Pune (Maharashtra)
2024-03-13,35.4,30.0,0.0,18.1,953.2,Low Risk,Pune (Maharashtra)
2024-03-14,35.2,32.0,0.0,17.8,953.2,Low Risk,Pune (Maharashtra)
2024-03-15,35.1,29.0,0.0,20.5,952.3,Low Risk,Pune (Maharashtra)
2024-03-16,35.6,35.0,0.0,20.7,952.2,Low Risk,Pune (Maharashtra)
2024-03-17,36.2,30.0,0.0,23.9,952.4,Low Risk,Pune (Maharashtra)
2024-03-18,35.1,21.0,0.0,21.5,952.5,Low Risk,Pune (Maharashtra)
2024-03-19,34.9,27.0,0.0,17.4,952.3,Low Risk,Pune (Maharashtra)
2024-03-20,35.5,19.0,0.0,16.6,952.4,Low Risk,Pune (Maharashtra)
2024-03-21,36.3,22.0,0.0,13.1,951.3,Low Risk,Pune (Maharashtra)
2024-03-22,36.4,38.0,0.0,20.8,950.0,Low Risk,Pune (Maharashtra)
2024-03-23,36.6,30.0,0.0,22.2,950.2,Low Risk,Pune (Maharashtra)
2024-03-24,37.6,27.0,0.0,18.5,951.6,Low Risk,Pune (Maharashtra)
2024-03-25,37.8,35.0,0.0,15.8,952.0,Low Risk,Pune (Maharashtra)
2024-03-26,38.3,33.0,0.0,16.9,952.2,Low Risk,Pune (Maharashtra)
2024-03-27,39.5,34.0,0.0,20.9,953.3,Low Risk,Pune (Maharashtra)
2024-03-28,38.7,34.0,0.0,22.7,952.1,Low Risk,Pune (Maharashtra)
2024-03-29,38.9,37.0,0.1,21.1,951.2,Low Risk,Pune (Maharashtra)
2024-03-30,38.2,40.0,0.0,20.9,952.4,Low Risk,Pune (Maharashtra)
2024-03-31,38.4,29.0,0.0,21.7,953.5,Low Risk,Pune (Maharashtra)
2024-04-01,39.0,20.0,0.0,21.1,951.1,Low Risk,Pune (Maharashtra)
2024-04-02,39.1,27.0,0.0,21.7,949.6,Low Risk,Pune (Maharashtra)
2024-04-03,39.1,31.0,0.0,23.1,950.4,Low Risk,Pune (Maharashtra)
2024-04-04,39.2,29.0,0.0,21.3,950.9,Low Risk,Pune (Maharashtra)
2024-04-05,39.9,28.0,0.0,22.9,950.4,Low Risk,Pune (Maharashtra)
2024-04-06,39.4,24.0,0.0,25.8,949.6,Low Risk,Pune (Maharashtra)
2024-04-07,38.2,22.0,0.0,25.8,949.1,Low Risk,Pune (Maharashtra)
2024-04-08,38.0,20.0,0.0,17.7,949.8,Low Risk,Pune (Maharashtra)
2024-04-09,38.8,32.0,0.0,22.0,949.8,Low Risk,Pune (Maharashtra)
2024-04-10,38.8,32.0,0.0,22.0,950.0,Low Risk,Pune (Maharashtra)
2024-04-11,39.1,27.0,0.0,23.8,950.5,Low Risk,Pune (Maharashtra)
2024-04-12,38.3,28.0,0.0,23.6,950.4,Low Risk,Pune (Maharashtra)
2024-04-13,37.9,35.0,0.0,20.9,950.5,Low Risk,Pune (Maharashtra)
2024-04-14,39.2,45.0,0.0,24.0,951.1,Low Risk,Pune (Maharashtra)
2024-04-15,40.4,43.0,0.1,20.2,951.7,Low Risk,Pune (Maharashtra)
2024-04-16,39.5,35.0,0.0,14.8,950.9,Low Risk,Pune (Maharashtra)
2024-04-17,40.7,33.0,0.3,22.5,950.6,Low Risk,Pune (Maharashtra)
2024-04-18,40.3,50.0,0.1,18.8,949.8,Low Risk,Pune (Maharashtra)
2024-04-19,40.2,40.0,0.0,24.6,948.4,Low Risk,Pune (Maharashtra)
2024-04-20,38.9,43.0,0.0,19.3,948.9,Low Risk,Pune (Maharashtra)
2024-04-21,38.2,37.0,0.0,19.7,949.0,Low Risk,Pune (Maharashtra)
2024-04-22,38.8,34.0,0.0,19.5,949.7,Low Risk,Pune (Maharashtra)
2024-04-23,39.4,32.0,0.0,23.3,948.7,Low Risk,Pune (Maharashtra)
2024-04-24,39.4,37.0,0.0,11.3,948.2,Low Risk,Pune (Maharashtra)
2024-04-25,39.2,40.0,3.0,17.0,948.6,Low Risk,Pune (Maharashtra)
2024-04-26,39.4,33.0,0.1,24.2,948.5,Low Risk,Pune (Maharashtra)
2024-04-27,40.3,33.0,0.0,14.4,948.7,Low Risk,Pune (Maharashtra)
2024-04-28,41.0,30.0,0.0,22.2,948.7,Low Risk,Pune (Maharashtra)
2024-04-29,40.8,24.0,0.0,21.4,949.8,Low Risk,Pune (Maharashtra)
2024-04-30,40.9,20.0,0.0,20.0,948.8,Low Risk,Pune (Maharashtra)
2024-05-01,38.3,27.0,0.0,24.3,947.5,Low Risk,Pune (Maharashtra)
2024-05-02,38.8,33.0,0.0,18.7,947.5,Low Risk,Pune (Maharashtra)
2024-05-03,39.8,32.0,0.0,18.6,948.5,Low Risk,Pune (Maharashtra)
2024-05-04,39.0,42.0,0.0,16.7,949.3,Low Risk,Pune (Maharashtra)
2024-05-05,39.2,45.0,0.0,23.0,948.1,Low Risk,Pune (Maharashtra)
2024-05-06,37.9,47.0,0.0,21.5,948.7,Low Risk,Pune (Maharashtra)
2024-05-07,37.4,55.0,0.0,23.6,949.5,Low Risk,Pune (Maharashtra)
2024-05-08,38.6,61.0,0.0,26.2,949.0,Low Risk,Pune (Maharashtra)
2024-05-09,36.5,58.0,0.4,22.8,948.4,Low Risk,Pune (Maharashtra)
2024-05-10,36.9,62.0,11.8,17.1,949.5,Low Risk,Pune (Maharashtra)
2024-05-11,36.4,58.0,0.2,25.4,950.4,Low Risk,Pune (Maharashtra)
2024-05-12,36.1,52.0,2.1,16.1,950.5,Low Risk,Pune (Maharashtra)
2024-05-13,34.8,56.0,7.0,24.0,950.1,Low Risk,Pune (Maharashtra)
2024-05-14,37.7,52.0,0.0,17.6,949.9,Low Risk,Pune (Maharashtra)
2024-05-15,38.3,49.0,0.0,19.1,950.1,Low Risk,Pune (Maharashtra)
2024-05-16,39.1,58.0,4.4,14.0,950.2,Low Risk,Pune (Maharashtra)
2024-05-17,37.7,59.0,2.0,23.1,949.0,Low Risk,Pune (Maharashtra)
2024-05-18,38.7,51.0,0.3,19.1,947.1,Low Risk,Pune (Maharashtra)
2024-05-19,38.9,56.0,0.3,20.8,945.6,Low Risk,Pune (Maharashtra)
2024-05-20,40.5,62.0,0.8,24.5,945.8,Low Risk,Pune (Maharashtra)
2024-05-21,41.7,56.0,0.0,21.8,945.6,Low Risk,Pune (Maharashtra)
2024-05-22,39.9,59.0,0.4,20.4,945.4,Low Risk,Pune (Maharashtra)
2024-05-23,38.8,68.0,2.7,20.9,944.4,Low Risk,Pune (Maharashtra)
2024-05-24,35.9,62.0,0.3,26.4,944.1,Low Risk,Pune (Maharashtra)
2024-05-25,34.1,66.0,0.0,27.4,944.9,Low Risk,Pune (Maharashtra)
2024-05-26,34.3,68.0,0.0,26.9,945.7,Low Risk,Pune (Maharashtra)
2024-05-27,32.7,73.0,0.0,27.8,945.4,Low Risk,Pune (Maharashtra)
2024-05-28,34.1,68.0,0.0,31.8,945.7,Low Risk,Pune (Maharashtra)
2024-05-29,34.4,66.0,0.0,28.1,945.9,Low Risk,Pune (Maharashtra)
2024-05-30,36.2,64.0,0.0,23.1,947.1,Low Risk,Pune (Maharashtra)
2024-05-31,35.8,67.0,0.0,21.7,947.8,Low Risk,Pune (Maharashtra)
2024-06-01,35.9,65.0,0.1,20.2,947.7,Low Risk,Pune (Maharashtra)
2024-06-02,36.2,58.0,0.0,18.8,948.1,Low Risk,Pune (Maharashtra)
2024-06-03,37.4,62.0,2.1,19.4,948.4,Low Risk,Pune (Maharashtra)
2024-06-04,31.4,81.0,21.0,16.5,948.9,Low Risk,Pune (Maharashtra)
2024-06-05,33.2,79.0,7.9,23.9,949.0,Low Risk,Pune (Maharashtra)
2024-06-06,33.6,79.0,6.1,17.5,949.4,Low Risk,Pune (Maharashtra)
2024-06-07,33.9,78.0,13.8,19.2,947.6,Low Risk,Pune (Maharashtra)
2024-06-08,32.3,80.0,9.3,17.3,946.4,Low Risk,Pune (Maharashtra)
2024-06-09,27.0,85.0,2.8,16.1,945.9,Low Risk,Pune (Maharashtra)
2024-06-10,27.7,85.0,17.1,18.2,947.0,Low Risk,Pune (Maharashtra)
2024-06-11,27.9,86.0,21.9,19.9,947.7,Low Risk,Pune (Maharashtra)
2024-06-12,28.8,84.0,9.5,18.4,948.6,Low Risk,Pune (Maharashtra)
2024-06-13,28.8,82.0,9.1,19.8,948.3,Low Risk,Pune (Maharashtra)
2024-06-14,28.9,80.0,1.2,20.6,947.5,Low Risk,Pune (Maharashtra)
2024-06-15,29.3,80.0,3.4,16.0,946.9,Low Risk,Pune (Maharashtra)
2024-06-16,30.5,82.0,8.7,15.9,947.1,Low Risk,Pune (Maharashtra)
2024-06-17,30.6,82.0,5.9,17.1,947.5,Low Risk,Pune (Maharashtra)
2024-06-18,29.6,81.0,19.5,23.2,947.1,Low Risk,Pune (Maharashtra)
2024-06-19,27.8,82.0,1.8,23.2,945.5,Low Risk,Pune (Maharashtra)
2024-06-20,29.0,84.0,3.4,23.7,944.7,Low Risk,Pune (Maharashtra)
2024-06-21,29.4,81.0,0.6,23.8,945.1,Low Risk,Pune (Maharashtra)
2024-06-22,29.8,78.0,0.5,20.5,943.9,Low Risk,Pune (Maharashtra)
2024-06-23,30.3,80.0,2.5,15.5,942.9,Low Risk,Pune (Maharashtra)
2024-06-24,30.8,80.0,5.4,16.2,941.5,Low Risk,Pune (Maharashtra)
2024-06-25,29.4,81.0,4.0,22.3,940.5,Low Risk,Pune (Maharashtra)
2024-06-26,29.7,84.0,5.3,26.7,940.6,Low Risk,Pune (Maharashtra)
2024-06-27,27.6,84.0,2.2,28.4,942.7,Low Risk,Pune (Maharashtra)
2024-06-28,27.8,84.0,11.5,28.8,943.7,Low Risk,Pune (Maharashtra)
2024-06-29,28.4,82.0,1.7,27.6,944.9,Low Risk,Pune (Maharashtra)
2024-06-30,27.9,84.0,4.7,26.1,945.2,Low Risk,Pune (Maharashtra)
2024-07-01,27.2,85.0,4.9,32.1,944.3,Low Risk,Pune (Maharashtra)
2024-07-02,27.4,87.0,11.4,27.2,943.5,Low Risk,Pune (Maharashtra)
2024-07-03,27.5,83.0,0.7,25.8,944.6,Low Risk,Pune (Maharashtra)
2024-07-04,26.8,84.0,1.0,22.9,945.6,Low Risk,Pune (Maharashtra)
2024-07-05,28.1,83.0,4.5,27.7,943.9,Low Risk,Pune (Maharashtra)
2024-07-06,27.7,83.0,4.3,30.8,943.0,Low Risk,Pune (Maharashtra)
2024-07-07,26.0,86.0,6.4,19.9,943.9,Low Risk,Pune (Maharashtra)
2024-07-08,27.1,88.0,63.8,19.2,943.8,Low Risk,Pune (Maharashtra)
2024-07-09,27.7,85.0,17.1,17.2,944.6,Low Risk,Pune (Maharashtra)
2024-07-10,28.2,81.0,0.7,21.6,947.2,Low Risk,Pune (Maharashtra)
2024-07-11,26.9,86.0,12.0,23.1,946.8,Low Risk,Pune (Maharashtra)
2024-07-12,26.2,88.0,22.2,24.0,944.9,Low Risk,Pune (Maharashtra)
2024-07-13,26.5,87.0,17.9,27.2,944.2,Low Risk,Pune (Maharashtra)
2024-07-14,24.3,92.0,74.5,19.8,942.6,Low Risk,Pune (Maharashtra)
2024-07-15,28.7,85.0,6.1,20.5,942.1,Low Risk,Pune (Maharashtra)
2024-07-16,28.8,83.0,2.5,26.7,941.8,Low Risk,Pune (Maharashtra)
2024-07-17,26.9,86.0,11.0,25.0,943.3,Low Risk,Pune (Maharashtra)
2024-07-18,26.7,87.0,6.3,26.7,943.7,Low Risk,Pune (Maharashtra)
2024-07-19,25.1,88.0,5.8,24.9,942.1,Low Risk,Pune (Maharashtra)
2024-07-20,25.9,88.0,21.3,27.3,942.6,Low Risk,Pune (Maharashtra)
2024-07-21,26.7,87.0,10.6,28.0,943.0,Low Risk,Pune (Maharashtra)
2024-07-22,24.4,90.0,21.3,26.9,944.5,Low Risk,Pune (Maharashtra)
2024-07-23,24.1,91.0,21.7,27.6,945.2,Low Risk,Pune (Maharashtra)
2024-07-24,24.6,90.0,24.5,32.9,942.9,Low Risk,Pune (Maharashtra)
2024-07-25,23.7,91.0,54.9,29.4,942.0,Low Risk,Pune (Maharashtra)
2024-07-26,25.1,89.0,15.9,26.1,943.3,Low Risk,Pune (Maharashtra)
2024-07-27,25.1,90.0,10.0,32.8,943.9,Low Risk,Pune (Maharashtra)
2024-07-28,25.0,90.0,11.4,27.7,941.9,Low Risk,Pune (Maharashtra)
2024-07-29,26.3,89.0,13.0,26.0,940.9,Low Risk,Pune (Maharashtra)
2024-07-30,27.7,85.0,7.4,26.5,944.4,Low Risk,Pune (Maharashtra)
2024-07-31,26.3,87.0,14.7,24.4,946.4,Low Risk,Pune (Maharashtra)
2024-08-01,26.6,85.0,2.2,26.8,946.1,Low Risk,Pune (Maharashtra)
2024-08-02,26.7,86.0,9.8,30.1,945.6,Low Risk,Pune (Maharashtra)
2024-08-03,25.8,87.0,8.2,29.6,945.9,Low Risk,Pune (Maharashtra)
2024-08-04,26.0,90.0,28.4,30.0,946.2,Low Risk,Pune (Maharashtra)
2024-08-05,26.8,85.0,3.3,26.5,947.3,Low Risk,Pune (Maharashtra)
2024-08-06,27.4,82.0,0.7,25.5,947.4,Low Risk,Pune (Maharashtra)
2024-08-07,27.0,84.0,2.7,23.8,947.3,Low Risk,Pune (Maharashtra)
2024-08-08,27.2,83.0,2.9,22.3,948.2,Low Risk,Pune (Maharashtra)
2024-08-09,24.8,89.0,6.4,20.1,949.1,Low Risk,Pune (Maharashtra)
2024-08-10,28.6,85.0,4.4,22.6,948.9,Low Risk,Pune (Maharashtra)
2024-08-11,27.6,83.0,1.1,23.2,947.5,Low Risk,Pune (Maharashtra)
2024-08-12,28.2,83.0,1.2,21.6,947.3,Low Risk,Pune (Maharashtra)
2024-08-13,29.5,81.0,0.5,16.7,947.8,Low Risk,Pune (Maharashtra)
2024-08-14,29.2,83.0,0.8,16.7,947.6,Low Risk,Pune (Maharashtra)
2024-08-15,30.4,82.0,0.3,17.3,946.8,Low Risk,Pune (Maharashtra)
2024-08-16,30.3,82.0,1.0,17.0,945.9,Low Risk,Pune (Maharashtra)
2024-08-17,28.8,85.0,2.9,11.5,947.1,Low Risk,Pune (Maharashtra)
2024-08-18,28.3,89.0,31.0,6.8,947.7,Low Risk,Pune (Maharashtra)
2024-08-19,30.3,86.0,8.9,8.1,947.1,Low Risk,Pune (Maharashtra)
2024-08-20,29.8,85.0,8.7,12.8,946.5,Low Risk,Pune (Maharashtra)
2024-08-21,30.3,87.0,18.1,14.0,946.7,Low Risk,Pune (Maharashtra)
2024-08-22,28.9,87.0,16.4,12.1,946.3,Low Risk,Pune (Maharashtra)
2024-08-23,27.9,89.0,15.4,17.6,946.9,Low Risk,Pune (Maharashtra)
2024-08-24,24.1,93.0,61.8,21.2,946.9,Low Risk,Pune (Maharashtra)
2024-08-25,25.3,90.0,24.3,30.5,945.9,Low Risk,Pune (Maharashtra)
2024-08-26,24.3,87.0,6.1,25.3,944.8,Low Risk,Pune (Maharashtra)
2024-08-27,26.1,86.0,7.9,27.9,946.0,Low Risk,Pune (Maharashtra)
2024-08-28,26.7,85.0,4.0,30.5,946.9,Low Risk,Pune (Maharashtra)
2024-08-29,27.1,84.0,1.5,25.5,946.2,Low Risk,Pune (Maharashtra)
2024-08-30,27.1,84.0,2.2,20.8,947.0,Low Risk,Pune (Maharashtra)
2024-08-31,25.6,87.0,9.7,17.6,947.9,Low Risk,Pune (Maharashtra)
2024-09-01,25.6,89.0,2.3,22.3,947.3,Low Risk,Pune (Maharashtra)
2024-09-02,23.8,93.0,49.4,18.8,946.0,Low Risk,Pune (Maharashtra)
2024-09-03,26.4,87.0,10.4,21.3,947.0,Low Risk,Pune (Maharashtra)
2024-09-04,26.6,85.0,1.4,23.8,947.9,Low Risk,Pune (Maharashtra)
2024-09-05,27.5,86.0,17.8,23.3,946.7,Low Risk,Pune (Maharashtra)
2024-09-06,26.4,86.0,1.7,24.9,947.5,Low Risk,Pune (Maharashtra)
2024-09-07,27.8,84.0,0.9,23.6,948.2,Low Risk,Pune (Maharashtra)
2024-09-08,28.2,83.0,1.8,19.8,948.2,Low Risk,Pune (Maharashtra)
2024-09-09,28.2,85.0,2.9,19.9,946.0,Low Risk,Pune (Maharashtra)
2024-09-10,27.7,85.0,18.7,17.7,945.3,Low Risk,Pune (Maharashtra)
2024-09-11,27.8,84.0,2.3,19.9,946.3,Low Risk,Pune (Maharashtra)
2024-09-12,27.5,81.0,0.3,23.6,948.1,Low Risk,Pune (Maharashtra)
2024-09-13,27.1,82.0,0.3,21.2,948.4,Low Risk,Pune (Maharashtra)
2024-09-14,27.1,82.0,0.9,22.8,948.1,Low Risk,Pune (Maharashtra)
2024-09-15,26.8,83.0,1.6,21.7,948.5,Low Risk,Pune (Maharashtra)
2024-09-16,28.3,80.0,0.7,16.5,949.2,Low Risk,Pune (Maharashtra)
2024-09-17,27.8,79.0,1.3,16.2,949.2,Low Risk,Pune (Maharashtra)
2024-09-18,28.6,78.0,0.0,14.1,947.6,Low Risk,Pune (Maharashtra)
2024-09-19,29.0,79.0,0.0,15.3,948.1,Low Risk,Pune (Maharashtra)
2024-09-20,28.1,85.0,4.4,14.9,948.4,Low Risk,Pune (Maharashtra)
2024-09-21,29.5,84.0,7.2,17.3,949.1,Low Risk,Pune (Maharashtra)
2024-09-22,29.6,84.0,13.0,13.8,948.4,Low Risk,Pune (Maharashtra)
2024-09-23,28.6,89.0,33.5,14.2,947.4,Low Risk,Pune (Maharashtra)
2024-09-24,29.5,90.0,19.7,8.9,945.7,Low Risk,Pune (Maharashtra)
2024-09-25,27.6,92.0,39.1,14.0,945.0,Low Risk,Pune (Maharashtra)
2024-09-26,25.4,90.0,13.3,22.7,944.3,Low Risk,Pune (Maharashtra)
2024-09-27,25.6,87.0,2.7,26.9,946.0,Low Risk,Pune (Maharashtra)
2024-09-28,27.5,84.0,0.9,20.2,948.8,Low Risk,Pune (Maharashtra)
2024-09-29,28.2,84.0,2.0,15.5,950.8,Low Risk,Pune (Maharashtra)
2024-09-30,29.8,82.0,0.0,8.6,950.9,Low Risk,Pune (Maharashtra)
2024-10-01,30.4,82.0,0.0,10.1,949.5,Low Risk,Pune (Maharashtra)
2023-01-01,23.2,62.0,0.0,10.7,955.0,Low Risk,Indore (MP)
2023-01-02,23.0,65.0,0.0,10.7,954.9,Low Risk,Indore (MP)
2023-01-03,22.5,65.0,0.0,13.3,955.0,Low Risk,Indore (MP)
2023-01-04,20.4,63.0,0.0,18.4,955.4,Low Risk,Indore (MP)
2023-01-05,22.1,71.0,0.0,14.4,956.0,Low Risk,Indore (MP)
2023-01-06,24.0,69.0,0.0,11.9,956.9,Low Risk,Indore (MP)
2023-01-07,23.7,64.0,0.0,9.9,956.1,Low Risk,Indore (MP)
2023-01-08,23.9,55.0,0.0,12.1,954.5,Low Risk,Indore (MP)
2023-01-09,24.4,55.0,0.0,12.1,955.0,Low Risk,Indore (MP)
2023-01-10,24.6,55.0,0.0,11.8,954.4,Low Risk,Indore (MP)
2023-01-11,25.6,57.0,0.0,10.9,951.4,Low Risk,Indore (MP)
2023-01-12,25.2,62.0,0.0,13.1,949.7,Low Risk,Indore (MP)
2023-01-13,24.3,67.0,0.0,16.1,950.3,Low Risk,Indore (MP)
2023-01-14,21.7,62.0,0.0,12.0,951.6,Low Risk,Indore (MP)
2023-01-15,21.0,62.0,0.0,11.2,950.9,Low Risk,Indore (MP)
2023-01-16,22.6,56.0,0.0,10.9,950.7,Low Risk,Indore (MP)
2023-01-17,22.6,56.0,0.0,10.7,951.5,Low Risk,Indore (MP)
2023-01-18,23.4,52.0,0.0,11.5,953.0,Low Risk,Indore (MP)
2023-01-19,25.6,61.0,0.0,10.7,952.3,Low Risk,Indore (MP)
2023-01-20,27.3,59.0,0.0,18.0,951.0,Low Risk,Indore (MP)
2023-01-21,27.3,60.0,0.0,15.9,951.0,Low Risk,Indore (MP)
2023-01-22,25.6,58.0,0.0,13.0,950.4,Low Risk,Indore (MP)
2023-01-23,26.3,61.0,0.0,17.2,949.9,Low Risk,Indore (MP)
2023-01-24,25.9,68.0,0.0,15.5,949.8,Low Risk,Indore (MP)
2023-01-25,25.1,66.0,0.7,13.6,950.9,Low Risk,Indore (MP)
2023-01-26,22.9,80.0,1.1,14.5,952.4,Low Risk,Indore (MP)
2023-01-27,25.9,77.0,0.0,17.0,953.1,Low Risk,Indore (MP)
2023-01-28,27.0,72.0,0.0,12.1,950.9,Low Risk,Indore (MP)
2023-01-29,27.5,59.0,0.1,23.8,948.5,Low Risk,Indore (MP)
2023-01-30,25.0,69.0,0.4,15.1,952.1,Low Risk,Indore (MP)
2023-01-31,24.8,70.0,0.0,15.8,953.8,Low Risk,Indore (MP)
2023-02-01,24.4,61.0,0.0,16.1,953.7,Low Risk,Indore (MP)
2023-02-02,25.5,50.0,0.0,11.1,953.1,Low Risk,Indore (MP)
2023-02-03,25.9,50.0,0.0,11.7,952.8,Low Risk,Indore (MP)
2023-02-04,26.1,47.0,0.0,10.8,951.4,Low Risk,Indore (MP)
2023-02-05,27.2,44.0,0.0,11.0,950.3,Low Risk,Indore (MP)
2023-02-06,28.3,39.0,0.0,12.5,949.7,Low Risk,Indore (MP)
2023-02-07,26.9,52.0,0.0,11.2,949.8,Low Risk,Indore (MP)
2023-02-08,27.1,44.0,0.0,11.0,951.2,Low Risk,Indore (MP)
2023-02-09,29.1,49.0,0.0,11.1,950.9,Low Risk,Indore (MP)
2023-02-10,30.8,41.0,0.0,16.7,951.3,Low Risk,Indore (MP)
2023-02-11,29.7,42.0,0.0,15.2,952.0,Low Risk,Indore (MP)
2023-02-12,28.0,44.0,0.0,15.5,954.3,Low Risk,Indore (MP)
2023-02-13,26.8,34.0,0.0,11.3,954.4,Low Risk,Indore (MP)
2023-02-14,28.7,32.0,0.0,11.6,953.4,Low Risk,Indore (MP)
2023-02-15,31.4,38.0,0.0,12.1,951.8,Low Risk,Indore (MP)
2023-02-16,31.9,40.0,0.0,10.6,952.2,Low Risk,Indore (MP)
2023-02-17,31.3,40.0,0.0,12.2,952.6,Low Risk,Indore (MP)
2023-02-18,31.0,44.0,0.0,11.5,952.4,Low Risk,Indore (MP)
2023-02-19,31.1,44.0,0.0,10.9,952.2,Low Risk,Indore (MP)
2023-02-20,32.7,42.0,0.0,10.6,951.1,Low Risk,Indore (MP)
2023-02-21,32.7,33.0,0.0,15.5,951.2,Low Risk,Indore (MP)
2023-02-22,31.3,36.0,0.0,14.2,950.9,Low Risk,Indore (MP)
2023-02-23,31.3,39.0,0.0,10.1,950.9,Low Risk,Indore (MP)
2023-02-24,31.2,37.0,0.0,11.3,952.3,Low Risk,Indore (MP)
2023-02-25,31.7,28.0,0.0,12.8,953.5,Low Risk,Indore (MP)
2023-02-26,31.5,27.0,0.0,11.4,954.4,Low Risk,Indore (MP)
2023-02-27,31.9,29.0,0.0,12.0,953.9,Low Risk,Indore (MP)
2023-02-28,32.5,31.0,0.0,16.0,953.7,Low Risk,Indore (MP)
2023-03-01,32.6,32.0,0.0,10.5,954.3,Low Risk,Indore (MP)
2023-03-02,33.3,31.0,0.0,14.2,955.0,Low Risk,Indore (MP)
2023-03-03,33.5,32.0,0.0,15.0,955.9,Low Risk,Indore (MP)
2023-03-04,33.2,32.0,0.0,18.2,955.7,Low Risk,Indore (MP)
2023-03-05,32.7,40.0,0.0,18.9,956.0,Low Risk,Indore (MP)
2023-03-06,31.7,41.0,0.2,25.6,954.3,Low Risk,Indore (MP)
2023-03-07,28.3,58.0,0.9,18.0,953.9,Low Risk,Indore (MP)
2023-03-08,30.6,46.0,0.0,14.7,954.0,Low Risk,Indore (MP)
2023-03-09,30.0,45.0,0.0,14.8,953.6,Low Risk,Indore (MP)
2023-03-10,30.8,39.0,0.0,16.3,953.3,Low Risk,Indore (MP)
2023-03-11,31.5,36.0,0.0,10.8,953.0,Low Risk,Indore (MP)
2023-03-12,32.6,33.0,0.0,14.4,952.3,Low Risk,Indore (MP)
2023-03-13,32.4,33.0,0.0,17.9,951.1,Low Risk,Indore (MP)
2023-03-14,32.9,31.0,0.0,12.6,949.2,Low Risk,Indore (MP)
2023-03-15,33.3,34.0,0.0,15.6,948.3,Low Risk,Indore (MP)
2023-03-16,30.2,41.0,0.2,19.6,949.2,Low Risk,Indore (MP)
2023-03-17,27.1,55.0,2.5,13.8,949.5,Low Risk,Indore (MP)
2023-03-18,28.4,58.0,0.1,19.3,948.3,Low Risk,Indore (MP)
2023-03-19,26.7,67.0,3.3,18.5,946.8,Low Risk,Indore (MP)
2023-03-20,27.5,64.0,0.1,16.0,945.9,Low Risk,Indore (MP)
2023-03-21,28.9,50.0,0.0,17.5,946.8,Low Risk,Indore (MP)
2023-03-22,29.7,52.0,0.0,19.9,948.0,Low Risk,Indore (MP)
2023-03-23,29.1,54.0,0.0,13.7,948.1,Low Risk,Indore (MP)
2023-03-24,30.8,52.0,0.2,18.2,948.2,Low Risk,Indore (MP)
2023-03-25,32.5,48.0,0.0,18.3,949.5,Low Risk,Indore (MP)
2023-03-26,31.5,36.0,0.0,16.5,949.1,Low Risk,Indore (MP)
2023-03-27,33.0,32.0,0.0,13.3,948.5,Low Risk,Indore (MP)
2023-03-28,33.3,32.0,0.0,13.6,948.3,Low Risk,Indore (MP)
2023-03-29,34.9,25.0,0.0,22.2,948.4,Low Risk,Indore (MP)
2023-03-30,33.1,38.0,0.0,20.2,947.3,Low Risk,Indore (MP)
2023-03-31,31.1,43.0,0.0,21.5,947.1,Low Risk,Indore (MP)
2023-04-01,31.4,40.0,0.0,16.4,948.1,Low Risk,Indore (MP)
2023-04-02,32.9,36.0,0.0,12.9,947.8,Low Risk,Indore (MP)
2023-04-03,33.9,31.0,0.0,20.2,947.7,Low Risk,Indore (MP)
2023-04-04,34.4,31.0,0.0,22.8,948.7,Low Risk,Indore (MP)
2023-04-05,33.7,34.0,0.0,20.5,948.9,Low Risk,Indore (MP)
2023-04-06,34.4,33.0,0.0,15.6,949.8,Low Risk,Indore (MP)
2023-04-07,35.1,29.0,0.0,19.3,951.2,Low Risk,Indore (MP)
2023-04-08,34.6,42.0,0.0,12.1,952.7,Low Risk,Indore (MP)
2023-04-09,35.4,36.0,0.0,14.5,952.8,Low Risk,Indore (MP)
2023-04-10,35.1,29.0,0.0,12.1,951.6,Low Risk,Indore (MP)
2023-04-11,36.6,28.0,0.0,14.4,951.4,Low Risk,Indore (MP)
2023-04-12,37.7,26.0,0.0,16.7,951.0,Low Risk,Indore (MP)
2023-04-13,38.0,26.0,0.0,21.6,950.6,Low Risk,Indore (MP)
2023-04-14,37.2,25.0,0.0,16.4,949.9,Low Risk,Indore (MP)
2023-04-15,35.7,27.0,0.0,20.5,949.7,Low Risk,Indore (MP)
2023-04-16,36.1,31.0,0.0,14.2,948.7,Low Risk,Indore (MP)
2023-04-17,37.9,24.0,0.0,23.7,948.8,Low Risk,Indore (MP)
2023-04-18,38.5,22.0,0.0,17.4,950.1,Low Risk,Indore (MP)
2023-04-19,37.9,25.0,0.0,25.3,947.9,Low Risk,Indore (MP)
2023-04-20,36.9,27.0,0.0,28.0,945.0,Low Risk,Indore (MP)
2023-04-21,35.6,29.0,0.1,23.5,945.1,Low Risk,Indore (MP)
2023-04-22,34.1,31.0,0.0,15.1,945.0,Low Risk,Indore (MP)
2023-04-23,35.4,29.0,0.0,23.1,944.9,Low Risk,Indore (MP)
2023-04-24,35.2,23.0,0.0,20.3,947.0,Low Risk,Indore (MP)
2023-04-25,36.1,29.0,0.0,18.9,947.9,Low Risk,Indore (MP)
2023-04-26,31.7,45.0,1.8,18.4,947.6,Low Risk,Indore (MP)
2023-04-27,33.8,48.0,0.4,18.4,948.0,Low Risk,Indore (MP)
2023-04-28,31.5,54.0,3.3,15.6,948.8,Low Risk,Indore (MP)
2023-04-29,32.0,60.0,0.1,15.7,947.7,Low Risk,Indore (MP)
2023-04-30,28.7,68.0,3.0,19.8,946.1,Low Risk,Indore (MP)
2023-05-01,29.8,62.0,0.3,15.0,945.6,Low Risk,Indore (MP)
2023-05-02,31.2,56.0,0.0,16.6,946.7,Low Risk,Indore (MP)
2023-05-03,31.7,63.0,0.3,17.9,948.0,Low Risk,Indore (MP)
2023-05-04,30.9,63.0,0.6,17.3,947.8,Low Risk,Indore (MP)
2023-05-05,32.4,55.0,0.1,12.6,947.2,Low Risk,Indore (MP)
2023-05-06,34.6,50.0,0.9,15.7,946.8,Low Risk,Indore (MP)
2023-05-07,36.0,44.0,0.0,15.0,946.5,Low Risk,Indore (MP)
2023-05-08,37.1,34.0,0.0,17.3,946.1,Low Risk,Indore (MP)
2023-05-09,38.2,26.0,0.0,17.1,946.9,Low Risk,Indore (MP)
2023-05-10,39.4,19.0,0.0,14.3,946.7,Low Risk,Indore (MP)
2023-05-11,39.6,15.0,0.0,14.1,947.3,Low Risk,Indore (MP)
2023-05-12,40.8,16.0,0.0,15.0,946.7,Low Risk,Indore (MP)
2023-05-13,41.9,18.0,0.0,20.3,946.3,Low Risk,Indore (MP)
2023-05-14,41.3,22.0,0.0,23.3,945.0,Low Risk,Indore (MP)
2023-05-15,38.6,33.0,0.0,22.7,945.8,Low Risk,Indore (MP)
2023-05-16,38.1,45.0,0.0,19.8,947.5,Low Risk,Indore (MP)
2023-05-17,38.2,40.0,0.0,18.2,948.5,Low Risk,Indore (MP)
2023-05-18,39.4,30.0,0.0,20.6,949.8,Low Risk,Indore (MP)
2023-05-19,39.4,29.0,0.0,17.3,948.4,Low Risk,Indore (MP)
2023-05-20,40.2,28.0,0.0,17.4,947.4,Low Risk,Indore (MP)
2023-05-21,40.2,34.0,0.0,16.0,948.3,Low Risk,Indore (MP)
2023-05-22,40.5,31.0,0.0,16.4,949.0,Low Risk,Indore (MP)
2023-05-23,39.5,31.0,0.0,20.0,949.1,Low Risk,Indore (MP)
2023-05-24,39.2,33.0,0.0,26.7,947.5,Low Risk,Indore (MP)
2023-05-25,37.6,39.0,0.0,29.2,947.4,Low Risk,Indore (MP)
2023-05-26,36.4,44.0,0.0,24.4,947.9,Low Risk,Indore (MP)
2023-05-27,37.8,47.0,0.0,25.8,946.8,Low Risk,Indore (MP)
2023-05-28,37.5,48.0,0.0,21.4,947.2,Low Risk,Indore (MP)
2023-05-29,36.8,44.0,0.0,19.4,947.6,Low Risk,Indore (MP)
2023-05-30,38.5,38.0,0.0,21.5,948.0,Low Risk,Indore (MP)
2023-05-31,37.2,36.0,0.0,24.0,947.8,Low Risk,Indore (MP)
2023-06-01,38.8,28.0,0.0,22.0,947.0,Low Risk,Indore (MP)
2023-06-02,37.1,36.0,0.0,19.7,946.7,Low Risk,Indore (MP)
2023-06-03,35.1,49.0,1.4,22.4,946.6,Low Risk,Indore (MP)
2023-06-04,34.9,49.0,6.0,17.3,946.6,Low Risk,Indore (MP)
2023-06-05,36.4,45.0,0.0,18.5,945.6,Low Risk,Indore (MP)
2023-06-06,37.0,44.0,0.0,17.9,945.4,Low Risk,Indore (MP)
2023-06-07,38.1,42.0,2.7,19.0,945.2,Low Risk,Indore (MP)
2023-06-08,37.2,47.0,0.0,20.2,945.8,Low Risk,Indore (MP)
2023-06-09,38.2,43.0,0.0,18.1,943.9,Low Risk,Indore (MP)
2023-06-10,38.3,43.0,0.0,21.1,942.8,Low Risk,Indore (MP)
2023-06-11,37.5,45.0,0.0,17.7,943.0,Low Risk,Indore (MP)
2023-06-12,38.3,40.0,0.0,17.1,942.7,Low Risk,Indore (MP)
2023-06-13,38.4,42.0,0.0,24.0,943.2,Low Risk,Indore (MP)
2023-06-14,37.4,49.0,0.4,26.1,944.6,Low Risk,Indore (MP)
2023-06-15,37.3,49.0,0.0,23.1,944.7,Low Risk,Indore (MP)
2023-06-16,37.1,50.0,0.2,27.6,943.6,Low Risk,Indore (MP)
2023-06-17,36.2,53.0,0.3,31.5,943.5,Low Risk,Indore (MP)
2023-06-18,35.7,56.0,0.0,31.9,943.7,Low Risk,Indore (MP)
2023-06-19,34.2,57.0,0.7,30.6,943.1,Low Risk,Indore (MP)
2023-06-20,34.5,62.0,4.0,24.1,942.8,Low Risk,Indore (MP)
2023-06-21,35.3,57.0,1.5,22.5,943.4,Low Risk,Indore (MP)
2023-06-22,31.9,68.0,12.2,22.8,943.7,Low Risk,Indore (MP)
2023-06-23,32.4,73.0,19.0,21.4,943.4,Low Risk,Indore (MP)
2023-06-24,29.4,85.0,25.1,18.7,942.2,Low Risk,Indore (MP)
2023-06-25,31.5,80.0,5.0,16.3,941.5,Low Risk,Indore (MP)
2023-06-26,26.9,91.0,27.8,18.2,942.4,Low Risk,Indore (MP)
2023-06-27,27.0,90.0,7.6,18.5,942.0,Low Risk,Indore (MP)
2023-06-28,28.6,86.0,10.1,17.1,942.7,Low Risk,Indore (MP)
2023-06-29,27.3,90.0,28.3,17.7,941.9,Low Risk,Indore (MP)
2023-06-30,28.0,88.0,17.4,22.8,941.6,Low Risk,Indore (MP)
2023-07-01,28.8,87.0,28.7,20.1,942.8,Low Risk,Indore (MP)
2023-07-02,28.6,85.0,10.2,19.9,943.5,Low Risk,Indore (MP)
2023-07-03,31.9,79.0,0.8,15.5,942.8,Low Risk,Indore (MP)
2023-07-04,32.3,77.0,1.4,13.1,940.7,Low Risk,Indore (MP)
2023-07-05,30.7,84.0,18.4,13.8,939.3,Low Risk,Indore (MP)
2023-07-06,31.0,84.0,22.6,11.1,940.2,Low Risk,Indore (MP)
2023-07-07,29.0,88.0,25.5,11.2,941.1,Low Risk,Indore (MP)
2023-07-08,29.4,85.0,4.2,21.9,941.8,Low Risk,Indore (MP)
2023-07-09,29.2,86.0,14.2,24.3,942.4,Low Risk,Indore (MP)
2023-07-10,29.3,86.0,15.7,25.1,942.6,Low Risk,Indore (MP)
2023-07-11,28.0,89.0,29.7,21.3,943.0,Low Risk,Indore (MP)
2023-07-12,28.8,88.0,9.7,21.9,942.3,Low Risk,Indore (MP)
2023-07-13,29.8,87.0,3.9,19.6,942.5,Low Risk,Indore (MP)
2023-07-14,29.4,89.0,12.1,18.1,943.7,Low Risk,Indore (MP)
2023-07-15,28.9,87.0,9.0,18.1,943.9,Low Risk,Indore (MP)
2023-07-16,29.4,88.0,7.5,20.2,943.2,Low Risk,Indore (MP)
2023-07-17,28.2,89.0,13.7,19.8,941.9,Low Risk,Indore (MP)
2023-07-18,28.9,89.0,25.7,17.4,940.5,Low Risk,Indore (MP)
2023-07-19,29.7,90.0,15.4,13.0,938.8,Low Risk,Indore (MP)
2023-07-20,31.0,87.0,7.6,12.6,939.1,Low Risk,Indore (MP)
2023-07-21,29.7,88.0,17.0,16.1,941.1,Low Risk,Indore (MP)
2023-07-22,29.4,89.0,27.3,16.6,941.2,Low Risk,Indore (MP)
2023-07-23,30.4,87.0,20.0,12.2,940.8,Low Risk,Indore (MP)
2023-07-24,30.2,83.0,9.7,16.4,941.4,Low Risk,Indore (MP)
2023-07-25,29.9,84.0,4.5,17.8,942.9,Low Risk,Indore (MP)
2023-07-26,29.6,83.0,5.6,16.2,943.9,Low Risk,Indore (MP)
2023-07-27,30.6,87.0,4.9,16.1,943.2,Low Risk,Indore (MP)
2023-07-28,28.2,87.0,6.6,21.6,942.9,Low Risk,Indore (MP)
2023-07-29,29.4,81.0,0.8,23.8,943.5,Low Risk,Indore (MP)
2023-07-30,28.9,82.0,6.3,22.8,943.1,Low Risk,Indore (MP)
2023-07-31,29.6,83.0,2.5,23.1,942.6,Low Risk,Indore (MP)
2023-08-01,29.3,82.0,3.0,25.6,942.3,Low Risk,Indore (MP)
2023-08-02,28.7,83.0,3.5,29.9,942.5,Low Risk,Indore (MP)
2023-08-03,25.7,89.0,5.8,26.7,942.1,Low Risk,Indore (MP)
2023-08-04,25.8,91.0,9.1,21.5,943.6,Low Risk,Indore (MP)
2023-08-05,28.7,84.0,1.2,23.1,945.5,Low Risk,Indore (MP)
2023-08-06,28.5,83.0,3.3,28.5,944.4,Low Risk,Indore (MP)
2023-08-07,28.4,80.0,1.6,28.0,942.9,Low Risk,Indore (MP)
2023-08-08,28.8,80.0,1.1,25.2,943.9,Low Risk,Indore (MP)
2023-08-09,28.9,79.0,0.3,22.0,946.3,Low Risk,Indore (MP)
2023-08-10,29.7,80.0,1.0,20.0,947.1,Low Risk,Indore (MP)
2023-08-11,29.1,81.0,0.6,19.2,946.8,Low Risk,Indore (MP)
2023-08-12,28.3,82.0,0.4,17.9,946.0,Low Risk,Indore (MP)
2023-08-13,28.8,80.0,3.8,24.0,944.3,Low Risk,Indore (MP)
2023-08-14,28.3,80.0,1.1,19.2,945.3,Low Risk,Indore (MP)
2023-08-15,29.2,82.0,2.5,15.5,946.1,Low Risk,Indore (MP)
2023-08-16,28.6,81.0,1.7,17.0,946.5,Low Risk,Indore (MP)
2023-08-17,28.5,83.0,1.4,19.2,946.2,Low Risk,Indore (MP)
2023-08-18,29.2,86.0,5.7,20.3,944.9,Low Risk,Indore (MP)
2023-08-19,28.1,88.0,23.3,19.7,943.4,Low Risk,Indore (MP)
2023-08-20,28.5,89.0,36.0,23.5,943.1,Low Risk,Indore (MP)
2023-08-21,27.3,87.0,7.6,21.3,944.2,Low Risk,Indore (MP)
2023-08-22,29.0,87.0,6.3,18.1,944.3,Low Risk,Indore (MP)
2023-08-23,28.5,82.0,0.8,22.5,944.0,Low Risk,Indore (MP)
2023-08-24,27.7,82.0,0.2,23.9,943.1,Low Risk,Indore (MP)
2023-08-25,29.0,80.0,1.2,22.9,943.4,Low Risk,Indore (MP)
2023-08-26,29.2,79.0,0.7,19.5,944.9,Low Risk,Indore (MP)
2023-08-27,28.8,78.0,1.5,20.6,945.6,Low Risk,Indore (MP)
2023-08-28,28.9,77.0,0.5,22.3,945.3,Low Risk,Indore (MP)
2023-08-29,29.1,77.0,0.2,21.0,946.1,Low Risk,Indore (MP)
2023-08-30,29.8,78.0,0.0,15.7,947.4,Low Risk,Indore (MP)
2023-08-31,30.0,77.0,0.1,11.2,947.6,Low Risk,Indore (MP)
2023-09-01,30.9,74.0,0.0,12.5,947.5,Low Risk,Indore (MP)
2023-09-02,31.1,71.0,0.0,13.5,946.8,Low Risk,Indore (MP)
2023-09-03,31.1,71.0,0.2,14.5,945.7,Low Risk,Indore (MP)
2023-09-04,30.9,73.0,0.3,17.1,944.4,Low Risk,Indore (MP)
2023-09-05,31.2,66.0,0.0,21.4,943.4,Low Risk,Indore (MP)
2023-09-06,28.0,82.0,6.2,21.7,942.4,Low Risk,Indore (MP)
2023-09-07,27.7,92.0,19.8,19.7,942.0,Low Risk,Indore (MP)
2023-09-08,28.3,92.0,37.2,14.3,942.1,Low Risk,Indore (MP)
2023-09-09,27.8,92.0,17.1,24.4,942.0,Low Risk,Indore (MP)
2023-09-10,29.1,84.0,0.4,25.0,941.9,Low Risk,Indore (MP)
2023-09-11,29.3,78.0,0.1,26.8,943.1,Low Risk,Indore (MP)
2023-09-12,29.2,78.0,0.0,25.8,944.1,Low Risk,Indore (MP)
2023-09-13,27.4,84.0,5.3,22.4,944.0,Low Risk,Indore (MP)
2023-09-14,27.1,88.0,8.5,18.8,944.2,Low Risk,Indore (MP)
2023-09-15,28.5,91.0,41.9,25.4,943.2,Low Risk,Indore (MP)
2023-09-16,23.9,95.0,158.2,37.8,938.0,Flood Risk,Indore (MP)
2023-09-17,24.6,91.0,68.2,40.2,940.4,Low Risk,Indore (MP)
2023-09-18,28.7,86.0,4.3,22.0,942.8,Low Risk,Indore (MP)
2023-09-19,28.9,85.0,1.0,16.5,945.2,Low Risk,Indore (MP)
2023-09-20,29.2,83.0,0.5,9.8,946.2,Low Risk,Indore (MP)
2023-09-21,29.9,86.0,1.1,10.4,946.3,Low Risk,Indore (MP)
2023-09-22,28.8,88.0,5.5,16.0,946.5,Low Risk,Indore (MP)
2023-09-23,27.7,90.0,2.9,14.3,946.8,Low Risk,Indore (MP)
2023-09-24,30.2,85.0,5.2,14.9,946.8,Low Risk,Indore (MP)
2023-09-25,29.5,89.0,8.9,11.6,946.5,Low Risk,Indore (MP)
2023-09-26,30.0,87.0,5.4,15.6,946.6,Low Risk,Indore (MP)
2023-09-27,30.4,83.0,5.7,11.2,946.5,Low Risk,Indore (MP)
2023-09-28,30.9,80.0,0.7,12.5,946.2,Low Risk,Indore (MP)
2023-09-29,31.6,69.0,0.0,14.4,946.0,Low Risk,Indore (MP)
2023-09-30,32.3,55.0,0.0,17.6,945.8,Low Risk,Indore (MP)
2023-10-01,31.9,56.0,0.0,15.2,945.0,Low Risk,Indore (MP)
2023-10-02,32.2,54.0,0.0,18.2,946.1,Low Risk,Indore (MP)
2023-10-03,31.8,55.0,0.0,14.9,947.7,Low Risk,Indore (MP)
2023-10-04,31.2,57.0,0.0,16.6,948.6,Low Risk,Indore (MP)
2023-10-05,31.7,55.0,0.0,17.1,948.4,Low Risk,Indore (MP)
2023-10-06,31.6,54.0,0.0,15.0,947.9,Low Risk,Indore (MP)
2023-10-07,32.1,62.0,0.0,13.1,948.6,Low Risk,Indore (MP)
2023-10-08,32.3,60.0,0.0,11.2,949.9,Low Risk,Indore (MP)
2023-10-09,33.0,58.0,0.0,12.3,951.0,Low Risk,Indore (MP)
2023-10-10,32.8,56.0,0.0,10.8,951.1,Low Risk,Indore (MP)
2023-10-11,32.6,54.0,0.0,11.9,951.2,Low Risk,Indore (MP)
2023-10-12,32.8,52.0,0.0,11.3,951.7,Low Risk,Indore (MP)
2023-10-13,32.8,48.0,0.0,10.0,952.3,Low Risk,Indore (MP)
2023-10-14,31.8,47.0,0.0,10.7,952.0,Low Risk,Indore (MP)
2023-10-15,32.7,49.0,0.0,15.4,950.2,Low Risk,Indore (MP)
2023-10-16,31.0,58.0,0.0,11.6,950.5,Low Risk,Indore (MP)
2023-10-17,30.7,53.0,0.0,9.7,952.0,Low Risk,Indore (MP)
2023-10-18,31.1,51.0,0.0,12.8,952.7,Low Risk,Indore (MP)
2023-10-19,31.7,52.0,0.0,10.8,952.7,Low Risk,Indore (MP)
2023-10-20,31.2,53.0,0.0,9.4,953.0,Low Risk,Indore (MP)
2023-10-21,31.5,45.0,0.0,10.5,953.3,Low Risk,Indore (MP)
2023-10-22,32.3,37.0,0.0,11.0,953.4,Low Risk,Indore (MP)
2023-10-23,31.6,40.0,0.0,14.6,952.4,Low Risk,Indore (MP)
2023-10-24,30.5,39.0,0.0,12.6,952.1,Low Risk,Indore (MP)
2023-10-25,30.8,37.0,0.0,13.6,953.2,Low Risk,Indore (MP)
2023-10-26,30.9,36.0,0.0,12.3,953.2,Low Risk,Indore (MP)
2023-10-27,31.2,32.0,0.0,14.8,952.1,Low Risk,Indore (MP)
2023-10-28,31.2,37.0,0.0,10.5,951.9,Low Risk,Indore (MP)
2023-10-29,31.8,39.0,0.0,14.0,951.8,Low Risk,Indore (MP)
2023-10-30,31.3,43.0,0.0,14.6,951.9,Low Risk,Indore (MP)
2023-10-31,31.3,47.0,0.0,15.1,952.6,Low Risk,Indore (MP)
2023-11-01,31.3,47.0,0.0,15.3,953.0,Low Risk,Indore (MP)
2023-11-02,31.0,42.0,0.0,11.9,952.2,Low Risk,Indore (MP)
2023-11-03,31.3,41.0,0.0,13.0,950.6,Low Risk,Indore (MP)
2023-11-04,31.8,37.0,0.0,12.0,950.6,Low Risk,Indore (MP)
2023-11-05,31.5,39.0,0.0,12.2,952.1,Low Risk,Indore (MP)
2023-11-06,31.3,37.0,0.0,19.0,953.1,Low Risk,Indore (MP)
2023-11-07,31.1,38.0,0.0,12.2,953.0,Low Risk,Indore (MP)
2023-11-08,31.1,38.0,0.0,11.3,952.3,Low Risk,Indore (MP)
2023-11-09,31.3,41.0,0.0,12.1,952.3,Low Risk,Indore (MP)
2023-11-10,32.1,41.0,0.0,11.2,953.4,Low Risk,Indore (MP)
2023-11-11,31.2,41.0,0.0,12.9,954.7,Low Risk,Indore (MP)
2023-11-12,30.3,40.0,0.0,11.2,955.0,Low Risk,Indore (MP)
2023-11-13,28.5,50.0,0.0,10.4,954.0,Low Risk,Indore (MP)
2023-11-14,28.9,48.0,0.0,9.7,953.3,Low Risk,Indore (MP)
2023-11-15,28.5,50.0,0.0,11.3,953.2,Low Risk,Indore (MP)
2023-11-16,28.6,53.0,0.0,12.4,953.5,Low Risk,Indore (MP)
2023-11-17,28.3,56.0,0.0,11.9,953.5,Low Risk,Indore (MP)
2023-11-18,28.9,58.0,0.0,13.2,952.4,Low Risk,Indore (MP)
2023-11-19,30.0,57.0,0.0,11.5,952.7,Low Risk,Indore (MP)
2023-11-20,30.4,51.0,0.0,10.1,953.2,Low Risk,Indore (MP)
2023-11-21,29.1,53.0,0.0,12.1,953.1,Low Risk,Indore (MP)
2023-11-22,28.3,53.0,0.0,9.4,952.0,Low Risk,Indore (MP)
2023-11-23,28.8,51.0,0.0,10.0,950.5,Low Risk,Indore (MP)
2023-11-24,29.1,49.0,0.0,15.5,951.5,Low Risk,Indore (MP)
2023-11-25,28.9,50.0,0.0,16.1,952.9,Low Risk,Indore (MP)
2023-11-26,27.8,54.0,5.4,17.8,952.6,Low Risk,Indore (MP)
2023-11-27,22.4,85.0,27.6,25.6,951.0,Low Risk,Indore (MP)
2023-11-28,23.8,85.0,0.5,12.5,950.1,Low Risk,Indore (MP)
2023-11-29,24.7,85.0,0.7,11.8,950.8,Low Risk,Indore (MP)
2023-11-30,25.4,86.0,4.9,12.9,951.4,Low Risk,Indore (MP)
2023-12-01,24.8,88.0,0.3,12.6,951.6,Low Risk,Indore (MP)
2023-12-02,26.0,84.0,1.8,13.9,951.9,Low Risk,Indore (MP)
2023-12-03,27.5,80.0,0.0,18.4,951.9,Low Risk,Indore (MP)
2023-12-04,26.3,85.0,5.3,16.0,951.1,Low Risk,Indore (MP)
2023-12-05,24.6,83.0,0.2,16.9,950.6,Low Risk,Indore (MP)
2023-12-06,23.1,81.0,0.0,19.7,951.1,Low Risk,Indore (MP)
2023-12-07,24.4,77.0,0.3,14.8,951.1,Low Risk,Indore (MP)
2023-12-08,24.7,79.0,0.0,10.1,951.7,Low Risk,Indore (MP)
2023-12-09,24.9,73.0,0.0,10.2,952.8,Low Risk,Indore (MP)
2023-12-10,24.8,72.0,0.0,8.7,951.6,Low Risk,Indore (MP)
2023-12-11,25.2,71.0,0.0,9.0,951.4,Low Risk,Indore (MP)
2023-12-12,25.5,70.0,0.0,11.7,950.4,Low Risk,Indore (MP)
2023-12-13,25.1,59.0,0.0,11.1,952.1,Low Risk,Indore (MP)
2023-12-14,25.2,66.0,0.0,9.0,953.1,Low Risk,Indore (MP)
2023-12-15,25.3,63.0,0.0,12.3,953.9,Low Risk,Indore (MP)
2023-12-16,25.1,63.0,0.0,11.1,953.2,Low Risk,Indore (MP)
2023-12-17,24.3,64.0,0.0,10.2,953.4,Low Risk,Indore (MP)
2023-12-18,22.8,54.0,0.0,15.5,955.1,Low Risk,Indore (MP)
2023-12-19,22.0,60.0,0.0,15.9,955.7,Low Risk,Indore (MP)
2023-12-20,23.4,56.0,0.0,15.1,955.0,Low Risk,Indore (MP)
2023-12-21,24.9,51.0,0.0,11.7,953.7,Low Risk,Indore (MP)
2023-12-22,22.6,57.0,0.0,12.4,953.2,Low Risk,Indore (MP)
2023-12-23,27.3,56.0,0.0,10.4,953.7,Low Risk,Indore (MP)
2023-12-24,27.5,64.0,0.0,9.7,955.3,Low Risk,Indore (MP)
2023-12-25,27.5,68.0,0.0,9.0,954.8,Low Risk,Indore (MP)
2023-12-26,27.9,62.0,0.0,10.4,954.3,Low Risk,Indore (MP)
2023-12-27,27.6,59.0,0.0,10.8,954.9,Low Risk,Indore (MP)
2023-12-28,26.9,64.0,0.0,9.6,953.6,Low Risk,Indore (MP)
2023-12-29,27.0,65.0,0.0,11.0,953.3,Low Risk,Indore (MP)
2023-12-30,28.3,68.0,0.0,11.8,952.6,Low Risk,Indore (MP)
2023-12-31,27.5,69.0,0.0,13.2,952.1,Low Risk,Indore (MP)
2024-01-01,27.9,67.0,0.0,13.9,952.0,Low Risk,Indore (MP)
2024-01-02,26.8,76.0,0.0,15.0,951.3,Low Risk,Indore (MP)
2024-01-03,25.1,78.0,1.6,13.8,951.0,Low Risk,Indore (MP)
2024-01-04,23.4,85.0,0.8,11.7,951.6,Low Risk,Indore (MP)
2024-01-05,22.3,86.0,0.7,11.6,951.6,Low Risk,Indore (MP)
2024-01-06,23.7,80.0,0.2,13.5,952.9,Low Risk,Indore (MP)
2024-01-07,22.7,86.0,3.9,12.7,953.5,Low Risk,Indore (MP)
2024-01-08,24.0,87.0,27.9,14.8,953.4,Low Risk,Indore (MP)
2024-01-09,26.2,79.0,0.0,11.8,953.1,Low Risk,Indore (MP)
2024-01-10,23.9,86.0,0.3,11.2,953.5,Low Risk,Indore (MP)
2024-01-11,25.0,83.0,0.3,9.3,953.9,Low Risk,Indore (MP)
2024-01-12,26.2,81.0,0.0,11.5,953.3,Low Risk,Indore (MP)
2024-01-13,27.6,73.0,0.0,15.5,952.8,Low Risk,Indore (MP)
2024-01-14,25.8,68.0,0.0,12.7,952.2,Low Risk,Indore (MP)
2024-01-15,24.1,72.0,0.0,9.5,951.8,Low Risk,Indore (MP)
2024-01-16,24.1,74.0,0.0,8.0,949.7,Low Risk,Indore (MP)
2024-01-17,24.8,70.0,0.0,10.8,948.8,Low Risk,Indore (MP)
2024-01-18,24.6,64.0,0.0,11.3,950.6,Low Risk,Indore (MP)
2024-01-19,23.7,60.0,0.0,13.3,951.8,Low Risk,Indore (MP)
2024-01-20,24.0,59.0,0.0,11.8,952.3,Low Risk,Indore (MP)
2024-01-21,22.3,58.0,0.0,10.5,953.0,Low Risk,Indore (MP)
2024-01-22,23.6,54.0,0.0,9.3,953.0,Low Risk,Indore (MP)
2024-01-23,22.8,51.0,0.0,16.6,952.9,Low Risk,Indore (MP)
2024-01-24,22.9,46.0,0.0,9.4,953.2,Low Risk,Indore (MP)
2024-01-25,23.5,52.0,0.0,10.6,954.6,Low Risk,Indore (MP)
2024-01-26,24.7,51.0,0.0,10.5,955.3,Low Risk,Indore (MP)
2024-01-27,25.5,52.0,0.0,10.8,955.3,Low Risk,Indore (MP)
2024-01-28,26.9,56.0,0.0,12.3,953.8,Low Risk,Indore (MP)
2024-01-29,26.4,59.0,0.0,12.7,953.5,Low Risk,Indore (MP)
2024-01-30,25.6,59.0,0.0,9.2,952.8,Low Risk,Indore (MP)
2024-01-31,25.7,59.0,0.0,10.1,951.7,Low Risk,Indore (MP)
2024-02-01,26.4,63.0,0.0,11.9,952.2,Low Risk,Indore (MP)
2024-02-02,26.5,61.0,0.0,10.7,953.7,Low Risk,Indore (MP)
2024-02-03,26.8,59.0,0.0,13.6,954.3,Low Risk,Indore (MP)
2024-02-04,29.2,58.0,0.0,13.5,954.1,Low Risk,Indore (MP)
2024-02-05,29.2,61.0,0.0,19.8,953.6,Low Risk,Indore (MP)
2024-02-06,28.4,66.0,0.0,16.2,954.2,Low Risk,Indore (MP)
2024-02-07,27.2,67.0,0.0,14.3,955.0,Low Risk,Indore (MP)
2024-02-08,23.7,55.0,0.0,15.0,955.4,Low Risk,Indore (MP)
2024-02-09,25.2,44.0,0.0,11.8,954.1,Low Risk,Indore (MP)
2024-02-10,27.0,49.0,0.0,14.1,954.6,Low Risk,Indore (MP)
2024-02-11,26.0,54.0,0.0,13.0,954.8,Low Risk,Indore (MP)
2024-02-12,27.9,58.0,0.0,13.0,953.6,Low Risk,Indore (MP)
2024-02-13,27.7,58.0,0.0,12.6,953.1,Low Risk,Indore (MP)
2024-02-14,27.4,62.0,0.1,15.1,953.7,Low Risk,Indore (MP)
2024-02-15,27.6,54.0,0.0,14.6,954.6,Low Risk,Indore (MP)
2024-02-16,28.9,53.0,0.0,14.0,954.9,Low Risk,Indore (MP)
2024-02-17,30.6,50.0,0.0,12.4,952.2,Low Risk,Indore (MP)
2024-02-18,31.7,43.0,0.0,21.3,950.3,Low Risk,Indore (MP)
2024-02-19,31.0,35.0,0.0,19.9,950.4,Low Risk,Indore (MP)
2024-02-20,30.7,39.0,0.0,16.6,950.4,Low Risk,Indore (MP)
2024-02-21,28.3,49.0,0.0,26.6,949.2,Low Risk,Indore (MP)
2024-02-22,27.1,53.0,0.1,20.3,950.2,Low Risk,Indore (MP)
2024-02-23,26.3,47.0,0.0,12.4,951.0,Low Risk,Indore (MP)
2024-02-24,27.3,39.0,0.0,12.3,950.7,Low Risk,Indore (MP)
2024-02-25,27.2,38.0,0.0,13.2,951.2,Low Risk,Indore (MP)
2024-02-26,29.2,51.0,0.0,16.2,951.3,Low Risk,Indore (MP)
2024-02-27,31.8,64.0,0.2,23.0,951.8,Low Risk,Indore (MP)
2024-02-28,30.1,62.0,0.0,10.8,951.9,Low Risk,Indore (MP)
2024-02-29,32.0,42.0,0.0,12.2,951.5,Low Risk,Indore (MP)
2024-03-01,33.9,35.0,0.0,18.5,951.0,Low Risk,Indore (MP)
2024-03-02,31.3,45.0,0.1,24.9,949.8,Low Risk,Indore (MP)
2024-03-03,27.3,52.0,0.0,23.3,949.9,Low Risk,Indore (MP)
2024-03-04,25.9,32.0,0.0,11.2,951.7,Low Risk,Indore (MP)
2024-03-05,28.7,40.0,0.0,13.1,951.9,Low Risk,Indore (MP)
2024-03-06,30.1,37.0,0.0,15.8,950.9,Low Risk,Indore (MP)
2024-03-07,30.5,36.0,0.0,15.6,951.0,Low Risk,Indore (MP)
2024-03-08,30.0,33.0,0.0,13.0,951.7,Low Risk,Indore (MP)
2024-03-09,31.3,32.0,0.0,15.8,951.4,Low Risk,Indore (MP)
2024-03-10,31.9,35.0,0.0,18.6,951.8,Low Risk,Indore (MP)
2024-03-11,33.0,35.0,0.0,14.7,953.1,Low Risk,Indore (MP)
2024-03-12,33.0,34.0,0.0,15.8,952.1,Low Risk,Indore (MP)
2024-03-13,33.0,31.0,0.0,19.1,951.0,Low Risk,Indore (MP)
2024-03-14,31.3,32.0,0.0,13.1,951.5,Low Risk,Indore (MP)
2024-03-15,32.0,31.0,0.0,11.8,950.4,Low Risk,Indore (MP)
2024-03-16,33.2,30.0,0.0,14.1,951.1,Low Risk,Indore (MP)
2024-03-17,34.0,31.0,0.0,16.5,950.9,Low Risk,Indore (MP)
2024-03-18,32.8,32.0,0.0,15.1,950.2,Low Risk,Indore (MP)
2024-03-19,32.4,23.0,0.0,16.6,951.0,Low Risk,Indore (MP)
2024-03-20,35.1,20.0,0.0,19.4,950.8,Low Risk,Indore (MP)
2024-03-21,34.0,21.0,0.0,11.6,949.7,Low Risk,Indore (MP)
2024-03-22,35.8,21.0,0.0,13.9,948.0,Low Risk,Indore (MP)
2024-03-23,36.1,20.0,0.0,16.3,948.2,Low Risk,Indore (MP)
2024-03-24,35.8,26.0,0.0,17.2,949.6,Low Risk,Indore (MP)
2024-03-25,36.6,28.0,0.0,13.1,950.5,Low Risk,Indore (MP)
2024-03-26,36.9,26.0,0.0,10.9,950.4,Low Risk,Indore (MP)
2024-03-27,37.9,24.0,0.0,17.1,951.8,Low Risk,Indore (MP)
2024-03-28,39.3,27.0,0.0,16.9,950.1,Low Risk,Indore (MP)
2024-03-29,37.5,31.0,0.0,14.8,949.6,Low Risk,Indore (MP)
2024-03-30,37.4,31.0,0.0,19.1,950.8,Low Risk,Indore (MP)
2024-03-31,36.1,27.0,0.0,22.5,951.7,Low Risk,Indore (MP)
2024-04-01,35.9,24.0,0.0,18.8,948.9,Low Risk,Indore (MP)
2024-04-02,37.3,26.0,0.0,18.2,947.5,Low Risk,Indore (MP)
2024-04-03,37.6,24.0,0.0,18.3,948.3,Low Risk,Indore (MP)
2024-04-04,36.9,25.0,0.0,17.7,949.0,Low Risk,Indore (MP)
2024-04-05,36.6,28.0,0.0,19.7,948.8,Low Risk,Indore (MP)
2024-04-06,36.1,27.0,0.0,18.9,948.4,Low Risk,Indore (MP)
2024-04-07,36.5,23.0,0.1,12.7,947.2,Low Risk,Indore (MP)
2024-04-08,36.5,24.0,0.0,13.9,948.0,Low Risk,Indore (MP)
2024-04-09,35.5,39.0,1.2,20.2,948.9,Low Risk,Indore (MP)
2024-04-10,36.1,52.0,0.3,23.4,949.1,Low Risk,Indore (MP)
2024-04-11,34.9,54.0,5.1,17.6,949.8,Low Risk,Indore (MP)
2024-04-12,31.7,57.0,2.7,21.1,949.4,Low Risk,Indore (MP)
2024-04-13,34.6,50.0,0.0,17.7,948.7,Low Risk,Indore (MP)
2024-04-14,36.4,47.0,0.0,12.0,949.8,Low Risk,Indore (MP)
2024-04-15,36.7,40.0,0.0,17.3,950.9,Low Risk,Indore (MP)
2024-04-16,38.1,34.0,0.0,15.3,949.7,Low Risk,Indore (MP)
2024-04-17,39.7,26.0,0.0,14.3,948.5,Low Risk,Indore (MP)
2024-04-18,39.4,24.0,0.0,16.6,947.7,Low Risk,Indore (MP)
2024-04-19,38.6,28.0,0.0,21.2,946.8,Low Risk,Indore (MP)
2024-04-20,37.5,28.0,0.0,22.9,946.5,Low Risk,Indore (MP)
2024-04-21,36.9,29.0,0.0,18.4,947.3,Low Risk,Indore (MP)
2024-04-22,34.6,38.0,1.4,20.2,948.0,Low Risk,Indore (MP)
2024-04-23,37.5,30.0,0.0,20.3,947.0,Low Risk,Indore (MP)
2024-04-24,38.3,24.0,0.0,18.6,946.2,Low Risk,Indore (MP)
2024-04-25,38.3,26.0,0.0,19.9,946.9,Low Risk,Indore (MP)
2024-04-26,35.1,37.0,0.3,21.1,947.3,Low Risk,Indore (MP)
2024-04-27,38.4,34.0,0.0,17.0,947.5,Low Risk,Indore (MP)
2024-04-28,39.1,23.0,0.0,22.6,947.7,Low Risk,Indore (MP)
2024-04-29,39.2,22.0,0.0,20.4,948.0,Low Risk,Indore (MP)
2024-04-30,38.5,20.0,0.0,19.5,946.5,Low Risk,Indore (MP)
2024-05-01,38.1,15.0,0.0,21.6,944.2,Low Risk,Indore (MP)
2024-05-02,37.2,14.0,0.0,11.8,944.8,Low Risk,Indore (MP)
2024-05-03,38.8,14.0,0.0,10.3,946.2,Low Risk,Indore (MP)
2024-05-04,40.2,18.0,0.0,16.9,946.8,Low Risk,Indore (MP)
2024-05-05,39.1,28.0,0.0,25.5,945.5,Low Risk,Indore (MP)
2024-05-06,39.1,32.0,0.0,18.4,945.8,Low Risk,Indore (MP)
2024-05-07,40.6,28.0,0.0,14.9,946.1,Low Risk,Indore (MP)
2024-05-08,40.1,31.0,0.0,16.9,946.0,Low Risk,Indore (MP)
2024-05-09,40.3,28.0,0.0,18.5,945.1,Low Risk,Indore (MP)
2024-05-10,40.6,33.0,0.0,19.1,946.6,Low Risk,Indore (MP)
2024-05-11,39.1,31.0,0.0,19.2,948.0,Low Risk,Indore (MP)
2024-05-12,40.0,26.0,0.0,22.4,948.1,Low Risk,Indore (MP)
2024-05-13,35.8,39.0,0.5,17.3,948.6,Low Risk,Indore (MP)
2024-05-14,39.2,36.0,1.0,21.9,948.8,Low Risk,Indore (MP)
2024-05-15,38.3,34.0,0.0,13.0,948.9,Low Risk,Indore (MP)
2024-05-16,40.2,30.0,0.0,15.3,948.4,Low Risk,Indore (MP)
2024-05-17,40.8,28.0,0.2,23.1,946.7,Low Risk,Indore (MP)
2024-05-18,40.9,28.0,0.0,13.0,944.9,Low Risk,Indore (MP)
2024-05-19,41.9,22.0,0.0,14.3,942.8,Low Risk,Indore (MP)
2024-05-20,42.2,23.0,0.0,13.2,942.6,Low Risk,Indore (MP)
2024-05-21,42.9,20.0,0.0,17.0,943.1,Drought Risk,Indore (MP)
2024-05-22,43.2,20.0,0.0,21.5,942.6,Drought Risk,Indore (MP)
2024-05-23,43.5,21.0,0.0,19.0,940.9,Drought Risk,Indore (MP)
2024-05-24,45.0,21.0,0.0,17.1,940.0,Drought Risk,Indore (MP)
2024-05-25,43.4,25.0,0.0,18.2,940.7,Low Risk,Indore (MP)
2024-05-26,42.9,33.0,0.0,28.9,941.1,Low Risk,Indore (MP)
2024-05-27,42.4,38.0,0.0,27.0,939.9,Low Risk,Indore (MP)
2024-05-28,41.8,45.0,0.0,29.0,940.1,Low Risk,Indore (MP)
2024-05-29,41.0,48.0,0.0,25.1,940.8,Low Risk,Indore (MP)
2024-05-30,40.4,48.0,0.0,23.1,943.1,Low Risk,Indore (MP)
2024-05-31,39.7,46.0,0.0,22.8,944.3,Low Risk,Indore (MP)
2024-06-01,40.1,41.0,0.0,19.4,944.4,Low Risk,Indore (MP)
2024-06-02,40.0,36.0,0.0,20.1,945.1,Low Risk,Indore (MP)
2024-06-03,39.6,35.0,0.3,20.3,945.5,Low Risk,Indore (MP)
2024-06-04,39.3,41.0,1.2,19.5,945.4,Low Risk,Indore (MP)
2024-06-05,39.3,43.0,0.4,20.5,945.7,Low Risk,Indore (MP)
2024-06-06,39.5,41.0,0.0,18.2,946.3,Low Risk,Indore (MP)
2024-06-07,40.9,31.0,0.0,19.1,944.4,Low Risk,Indore (MP)
2024-06-08,34.5,51.0,0.6,19.8,944.0,Low Risk,Indore (MP)
2024-06-09,39.0,52.0,6.7,26.2,943.1,Low Risk,Indore (MP)
2024-06-10,36.4,52.0,0.0,17.7,944.0,Low Risk,Indore (MP)
2024-06-11,35.8,55.0,0.0,18.6,944.2,Low Risk,Indore (MP)
2024-06-12,36.4,58.0,1.4,19.3,944.8,Low Risk,Indore (MP)
2024-06-13,37.3,54.0,0.4,21.4,944.3,Low Risk,Indore (MP)
2024-06-14,36.8,63.0,6.4,21.8,943.7,Low Risk,Indore (MP)
2024-06-15,34.4,65.0,0.2,23.1,943.6,Low Risk,Indore (MP)
2024-06-16,35.5,64.0,0.0,15.8,944.0,Low Risk,Indore (MP)
2024-06-17,35.8,63.0,1.2,16.6,944.2,Low Risk,Indore (MP)
2024-06-18,34.7,67.0,14.2,19.0,943.2,Low Risk,Indore (MP)
2024-06-19,35.1,62.0,0.1,24.4,941.3,Low Risk,Indore (MP)
2024-06-20,33.5,68.0,2.7,21.3,940.8,Low Risk,Indore (MP)
2024-06-21,32.9,73.0,2.0,17.7,941.5,Low Risk,Indore (MP)
2024-06-22,32.0,81.0,29.1,15.1,940.5,Low Risk,Indore (MP)
2024-06-23,33.7,76.0,7.4,13.7,939.9,Low Risk,Indore (MP)
2024-06-24,32.8,80.0,13.6,16.4,938.7,Low Risk,Indore (MP)
2024-06-25,31.7,85.0,20.2,10.0,938.0,Low Risk,Indore (MP)
2024-06-26,32.6,80.0,4.3,14.0,938.0,Low Risk,Indore (MP)
2024-06-27,31.4,81.0,2.5,13.7,939.6,Low Risk,Indore (MP)
2024-06-28,30.6,83.0,14.0,16.5,940.6,Low Risk,Indore (MP)
2024-06-29,29.8,84.0,10.8,21.2,941.4,Low Risk,Indore (MP)
2024-06-30,28.3,90.0,51.7,17.9,941.2,Low Risk,Indore (MP)
2024-07-01,28.9,87.0,9.7,26.6,939.9,Low Risk,Indore (MP)
2024-07-02,27.5,85.0,12.9,25.4,938.6,Low Risk,Indore (MP)
2024-07-03,29.9,82.0,23.7,26.0,939.9,Low Risk,Indore (MP)
2024-07-04,28.7,87.0,9.8,19.1,941.3,Low Risk,Indore (MP)
2024-07-05,28.4,91.0,18.7,23.0,939.4,Low Risk,Indore (MP)
2024-07-06,29.2,85.0,2.2,23.5,938.6,Low Risk,Indore (MP)
2024-07-07,29.7,82.0,1.6,17.8,940.4,Low Risk,Indore (MP)
2024-07-08,30.1,88.0,21.4,9.4,941.2,Low Risk,Indore (MP)
2024-07-09,30.5,86.0,5.9,8.0,941.8,Low Risk,Indore (MP)
2024-07-10,30.3,84.0,5.0,13.5,943.9,Low Risk,Indore (MP)
2024-07-11,29.3,82.0,1.4,18.9,942.7,Low Risk,Indore (MP)
2024-07-12,29.0,85.0,7.6,20.2,940.3,Low Risk,Indore (MP)
2024-07-13,29.3,84.0,9.7,18.5,939.8,Low Risk,Indore (MP)
2024-07-14,30.6,87.0,4.4,16.5,938.8,Low Risk,Indore (MP)
2024-07-15,30.5,87.0,13.5,14.4,938.8,Low Risk,Indore (MP)
2024-07-16,30.8,88.0,6.9,11.2,938.5,Low Risk,Indore (MP)
2024-07-17,28.6,89.0,8.4,16.3,939.9,Low Risk,Indore (MP)
2024-07-18,29.7,84.0,9.2,13.5,940.0,Low Risk,Indore (MP)
2024-07-19,30.7,83.0,10.5,16.5,938.6,Low Risk,Indore (MP)
2024-07-20,31.0,80.0,0.3,15.6,939.1,Low Risk,Indore (MP)
2024-07-21,29.0,84.0,2.0,17.3,939.2,Low Risk,Indore (MP)
2024-07-22,30.3,87.0,13.7,21.7,939.9,Low Risk,Indore (MP)
2024-07-23,27.5,91.0,14.8,21.5,940.1,Low Risk,Indore (MP)
2024-07-24,27.1,91.0,3.9,20.4,937.5,Low Risk,Indore (MP)
2024-07-25,28.2,85.0,2.4,22.7,936.7,Low Risk,Indore (MP)
2024-07-26,27.1,88.0,2.4,22.7,938.1,Low Risk,Indore (MP)
2024-07-27,27.0,92.0,26.3,23.8,938.9,Low Risk,Indore (MP)
2024-07-28,28.4,93.0,22.6,21.1,936.8,Low Risk,Indore (MP)
2024-07-29,26.9,91.0,9.6,26.6,936.4,Low Risk,Indore (MP)
2024-07-30,28.2,88.0,1.5,15.8,940.5,Low Risk,Indore (MP)
2024-07-31,29.8,83.0,1.7,19.1,942.2,Low Risk,Indore (MP)
2024-08-01,25.2,93.0,18.2,21.3,941.3,Low Risk,Indore (MP)
2024-08-02,26.1,91.0,23.3,24.2,940.3,Low Risk,Indore (MP)
2024-08-03,26.2,91.0,18.2,23.3,940.8,Low Risk,Indore (MP)
2024-08-04,24.8,94.0,26.2,23.1,940.9,Low Risk,Indore (MP)
2024-08-05,28.2,87.0,3.9,28.8,942.8,Low Risk,Indore (MP)
2024-08-06,28.7,84.0,1.6,26.1,943.0,Low Risk,Indore (MP)
2024-08-07,29.0,80.0,1.9,23.4,943.3,Low Risk,Indore (MP)
2024-08-08,26.8,89.0,8.3,20.5,944.4,Low Risk,Indore (MP)
2024-08-09,25.7,92.0,17.4,18.4,945.3,Low Risk,Indore (MP)
2024-08-10,26.3,92.0,15.3,20.5,944.7,Low Risk,Indore (MP)
2024-08-11,27.3,87.0,4.0,22.9,943.3,Low Risk,Indore (MP)
2024-08-12,28.1,86.0,0.4,16.6,943.7,Low Risk,Indore (MP)
2024-08-13,28.5,87.0,1.9,18.2,944.8,Low Risk,Indore (MP)
2024-08-14,29.9,82.0,0.8,13.9,945.0,Low Risk,Indore (MP)
2024-08-15,30.1,81.0,0.3,13.4,944.1,Low Risk,Indore (MP)
2024-08-16,29.2,81.0,0.5,16.5,943.3,Low Risk,Indore (MP)
2024-08-17,30.0,80.0,0.0,12.1,944.9,Low Risk,Indore (MP)
2024-08-18,29.8,82.0,0.8,8.7,945.8,Low Risk,Indore (MP)
2024-08-19,30.3,81.0,0.9,13.9,945.1,Low Risk,Indore (MP)
2024-08-20,30.0,84.0,12.2,9.4,944.6,Low Risk,Indore (MP)
2024-08-21,29.5,88.0,10.6,13.6,945.3,Low Risk,Indore (MP)
2024-08-22,29.2,90.0,10.0,11.2,944.5,Low Risk,Indore (MP)
2024-08-23,27.7,92.0,31.8,10.5,944.3,Low Risk,Indore (MP)
2024-08-24,26.9,93.0,29.0,12.6,942.3,Low Risk,Indore (MP)
2024-08-25,25.1,94.0,24.2,21.0,938.7,Low Risk,Indore (MP)
2024-08-26,25.4,91.0,37.9,25.3,938.8,Low Risk,Indore (MP)
2024-08-27,29.0,81.0,0.8,23.5,942.5,Low Risk,Indore (MP)
2024-08-28,27.3,86.0,4.3,23.3,943.5,Low Risk,Indore (MP)
2024-08-29,29.2,82.0,0.5,17.7,943.2,Low Risk,Indore (MP)
2024-08-30,28.5,84.0,3.3,13.3,944.7,Low Risk,Indore (MP)
2024-08-31,28.1,87.0,4.9,16.6,945.4,Low Risk,Indore (MP)
2024-09-01,28.3,90.0,20.4,14.6,944.2,Low Risk,Indore (MP)
2024-09-02,28.3,91.0,39.4,15.9,942.7,Low Risk,Indore (MP)
2024-09-03,29.7,89.0,11.8,12.0,943.4,Low Risk,Indore (MP)
2024-09-04,28.1,85.0,4.3,19.1,944.0,Low Risk,Indore (MP)
2024-09-05,28.4,85.0,4.3,16.6,942.8,Low Risk,Indore (MP)
2024-09-06,28.6,87.0,11.7,17.8,943.4,Low Risk,Indore (MP)
2024-09-07,26.4,90.0,5.4,19.0,944.4,Low Risk,Indore (MP)
2024-09-08,28.0,89.0,16.6,17.4,944.6,Low Risk,Indore (MP)
2024-09-09,29.2,89.0,13.0,18.2,942.2,Low Risk,Indore (MP)
2024-09-10,29.0,90.0,16.0,15.0,941.2,Low Risk,Indore (MP)
2024-09-11,26.4,90.0,4.0,21.1,941.6,Low Risk,Indore (MP)
2024-09-12,28.8,83.0,3.2,25.7,943.5,Low Risk,Indore (MP)
2024-09-13,27.8,81.0,1.4,22.0,944.7,Low Risk,Indore (MP)
2024-09-14,28.4,81.0,0.7,18.7,944.8,Low Risk,Indore (MP)
2024-09-15,26.7,85.0,1.8,14.6,945.2,Low Risk,Indore (MP)
2024-09-16,28.6,80.0,0.3,18.1,946.2,Low Risk,Indore (MP)
2024-09-17,27.4,79.0,0.2,16.7,946.0,Low Risk,Indore (MP)
2024-09-18,28.8,77.0,0.1,19.1,944.0,Low Risk,Indore (MP)
2024-09-19,29.7,78.0,0.1,17.7,945.1,Low Risk,Indore (MP)
2024-09-20,29.3,80.0,1.3,15.8,945.6,Low Risk,Indore (MP)
2024-09-21,29.4,82.0,1.2,13.8,946.5,Low Risk,Indore (MP)
2024-09-22,30.5,83.0,0.7,13.0,946.1,Low Risk,Indore (MP)
2024-09-23,29.7,88.0,2.2,13.0,945.5,Low Risk,Indore (MP)
2024-09-24,31.2,86.0,2.5,7.6,943.9,Low Risk,Indore (MP)
2024-09-25,31.1,84.0,19.9,15.9,943.0,Low Risk,Indore (MP)
2024-09-26,29.1,89.0,14.4,10.3,942.1,Low Risk,Indore (MP)
2024-09-27,28.4,89.0,17.0,9.7,942.5,Low Risk,Indore (MP)
2024-09-28,27.8,90.0,10.9,16.2,944.6,Low Risk,Indore (MP)
2024-09-29,28.2,89.0,5.4,13.8,947.8,Low Risk,Indore (MP)
2024-09-30,29.8,84.0,0.3,10.7,948.7,Low Risk,Indore (MP)
2024-10-01,30.8,81.0,0.2,9.2,947.4,Low Risk,Indore (MP)
2023-01-01,17.6,86.0,0.0,8.7,989.2,Low Risk,Karnal (Haryana)
2023-01-02,15.8,92.0,0.0,9.4,990.3,Low Risk,Karnal (Haryana)
2023-01-03,15.3,92.0,0.0,9.4,991.1,Low Risk,Karnal (Haryana)
2023-01-04,15.9,91.0,0.0,10.0,991.4,Low Risk,Karnal (Haryana)
2023-01-05,14.5,92.0,0.0,9.5,992.4,Low Risk,Karnal (Haryana)
2023-01-06,12.7,92.0,0.0,10.1,992.9,Low Risk,Karnal (Haryana)
2023-01-07,15.0,91.0,0.0,9.7,990.8,Low Risk,Karnal (Haryana)
2023-01-08,16.9,90.0,0.0,12.4,988.1,Low Risk,Karnal (Haryana)
2023-01-09,15.4,94.0,0.0,7.2,989.1,Low Risk,Karnal (Haryana)
2023-01-10,16.8,94.0,0.0,12.0,988.0,Low Risk,Karnal (Haryana)
2023-01-11,16.5,93.0,0.3,11.2,984.0,Low Risk,Karnal (Haryana)
2023-01-12,19.2,85.0,1.0,14.2,982.2,Low Risk,Karnal (Haryana)
2023-01-13,18.6,87.0,3.6,16.6,983.0,Low Risk,Karnal (Haryana)
2023-01-14,15.8,89.0,0.0,13.9,985.8,Low Risk,Karnal (Haryana)
2023-01-15,14.9,76.0,0.0,14.8,984.4,Low Risk,Karnal (Haryana)
2023-01-16,15.0,74.0,0.0,11.0,985.6,Low Risk,Karnal (Haryana)
2023-01-17,15.2,71.0,0.0,13.9,986.0,Low Risk,Karnal (Haryana)
2023-01-18,15.9,76.0,0.0,10.7,987.8,Low Risk,Karnal (Haryana)
2023-01-19,16.6,74.0,4.2,16.0,988.3,Low Risk,Karnal (Haryana)
2023-01-20,17.1,83.0,2.2,16.2,986.9,Low Risk,Karnal (Haryana)
2023-01-21,19.3,80.0,0.0,9.5,986.2,Low Risk,Karnal (Haryana)
2023-01-22,20.5,77.0,0.0,12.3,985.3,Low Risk,Karnal (Haryana)
2023-01-23,22.0,75.0,0.0,8.9,984.8,Low Risk,Karnal (Haryana)
2023-01-24,17.6,88.0,30.8,12.3,983.9,Low Risk,Karnal (Haryana)
2023-01-25,19.0,91.0,8.5,8.8,985.4,Low Risk,Karnal (Haryana)
2023-01-26,17.8,89.0,0.0,17.3,987.6,Low Risk,Karnal (Haryana)
2023-01-27,18.1,76.0,0.0,15.5,987.1,Low Risk,Karnal (Haryana)
2023-01-28,18.8,76.0,0.0,14.1,984.0,Low Risk,Karnal (Haryana)
2023-01-29,15.9,89.0,1.5,19.9,983.6,Low Risk,Karnal (Haryana)
2023-01-30,17.3,82.0,12.0,19.7,987.2,Low Risk,Karnal (Haryana)
2023-01-31,19.5,85.0,0.0,18.7,987.9,Low Risk,Karnal (Haryana)
2023-02-01,19.6,78.0,0.0,18.4,986.5,Low Risk,Karnal (Haryana)
2023-02-02,20.6,70.0,0.0,18.8,985.2,Low Risk,Karnal (Haryana)
2023-02-03,21.0,74.0,0.0,13.8,985.2,Low Risk,Karnal (Haryana)
2023-02-04,21.8,71.0,0.0,18.1,982.8,Low Risk,Karnal (Haryana)
2023-02-05,22.4,71.0,0.0,14.7,981.6,Low Risk,Karnal (Haryana)
2023-02-06,23.6,73.0,0.0,9.4,981.4,Low Risk,Karnal (Haryana)
2023-02-07,22.5,68.0,0.0,16.4,980.9,Low Risk,Karnal (Haryana)
2023-02-08,21.8,60.0,0.0,17.8,983.0,Low Risk,Karnal (Haryana)
2023-02-09,24.0,63.0,0.0,17.8,981.6,Low Risk,Karnal (Haryana)
2023-02-10,24.5,68.0,0.0,15.9,981.2,Low Risk,Karnal (Haryana)
2023-02-11,24.8,62.0,0.0,13.9,983.5,Low Risk,Karnal (Haryana)
2023-02-12,20.2,51.0,0.0,22.7,986.9,Low Risk,Karnal (Haryana)
2023-02-13,19.4,39.0,0.0,26.6,984.8,Low Risk,Karnal (Haryana)
2023-02-14,22.6,44.0,0.0,19.7,984.9,Low Risk,Karnal (Haryana)
2023-02-15,25.7,49.0,0.0,22.7,982.1,Low Risk,Karnal (Haryana)
2023-02-16,25.5,76.0,0.0,8.8,984.2,Low Risk,Karnal (Haryana)
2023-02-17,26.2,78.0,0.0,9.6,985.7,Low Risk,Karnal (Haryana)
2023-02-18,26.1,83.0,0.0,9.0,984.7,Low Risk,Karnal (Haryana)
2023-02-19,26.8,81.0,0.0,8.1,983.7,Low Risk,Karnal (Haryana)
2023-02-20,30.1,68.0,0.0,11.2,981.1,Low Risk,Karnal (Haryana)
2023-02-21,28.1,70.0,0.0,12.9,980.7,Low Risk,Karnal (Haryana)
2023-02-22,27.5,59.0,0.0,16.1,982.5,Low Risk,Karnal (Haryana)
2023-02-23,27.3,52.0,0.0,20.7,982.3,Low Risk,Karnal (Haryana)
2023-02-24,28.1,48.0,0.0,17.2,984.0,Low Risk,Karnal (Haryana)
2023-02-25,27.2,58.0,0.0,11.0,985.8,Low Risk,Karnal (Haryana)
2023-02-26,28.1,62.0,0.0,12.3,987.7,Low Risk,Karnal (Haryana)
2023-02-27,28.2,58.0,0.0,15.1,987.2,Low Risk,Karnal (Haryana)
2023-02-28,25.7,54.0,0.0,23.9,987.5,Low Risk,Karnal (Haryana)
2023-03-01,28.8,54.0,0.0,18.2,989.0,Low Risk,Karnal (Haryana)
2023-03-02,29.4,56.0,0.0,16.1,988.5,Low Risk,Karnal (Haryana)
2023-03-03,29.7,53.0,0.0,18.2,988.8,Low Risk,Karnal (Haryana)
2023-03-04,28.9,54.0,0.0,15.0,989.0,Low Risk,Karnal (Haryana)
2023-03-05,28.9,53.0,0.0,18.9,987.9,Low Risk,Karnal (Haryana)
2023-03-06,28.8,51.0,0.0,16.8,985.5,Low Risk,Karnal (Haryana)
2023-03-07,28.9,50.0,0.0,13.6,985.2,Low Risk,Karnal (Haryana)
2023-03-08,28.4,53.0,0.0,11.6,986.3,Low Risk,Karnal (Haryana)
2023-03-09,29.0,53.0,0.0,12.9,986.5,Low Risk,Karnal (Haryana)
2023-03-10,29.9,56.0,0.0,15.5,985.4,Low Risk,Karnal (Haryana)
2023-03-11,30.1,57.0,0.0,15.6,985.1,Low Risk,Karnal (Haryana)
2023-03-12,31.6,57.0,0.0,17.0,984.7,Low Risk,Karnal (Haryana)
2023-03-13,31.1,57.0,0.0,15.1,983.4,Low Risk,Karnal (Haryana)
2023-03-14,31.9,51.0,0.0,19.9,980.5,Low Risk,Karnal (Haryana)
2023-03-15,31.7,50.0,0.0,13.5,979.6,Low Risk,Karnal (Haryana)
2023-03-16,31.3,48.0,0.2,11.8,980.5,Low Risk,Karnal (Haryana)
2023-03-17,28.8,55.0,0.3,23.8,982.1,Low Risk,Karnal (Haryana)
2023-03-18,24.8,80.0,6.8,17.4,981.5,Low Risk,Karnal (Haryana)
2023-03-19,25.6,80.0,3.9,9.5,979.3,Low Risk,Karnal (Haryana)
2023-03-20,23.0,87.0,31.4,14.7,978.3,Low Risk,Karnal (Haryana)
2023-03-21,23.1,83.0,0.8,10.6,979.2,Low Risk,Karnal (Haryana)
2023-03-22,25.8,74.0,0.0,10.7,980.5,Low Risk,Karnal (Haryana)
2023-03-23,27.7,64.0,0.0,18.7,979.1,Low Risk,Karnal (Haryana)
2023-03-24,26.5,73.0,22.6,16.7,979.2,Low Risk,Karnal (Haryana)
2023-03-25,25.8,79.0,5.0,15.5,982.0,Low Risk,Karnal (Haryana)
2023-03-26,27.1,64.0,0.1,17.8,981.5,Low Risk,Karnal (Haryana)
2023-03-27,25.9,65.0,0.0,13.5,980.5,Low Risk,Karnal (Haryana)
2023-03-28,27.6,63.0,0.0,11.6,980.2,Low Risk,Karnal (Haryana)
2023-03-29,29.9,59.0,0.0,9.8,980.7,Low Risk,Karnal (Haryana)
2023-03-30,30.2,64.0,14.8,21.3,979.3,Low Risk,Karnal (Haryana)
2023-03-31,22.9,83.0,14.4,13.6,978.9,Low Risk,Karnal (Haryana)
2023-04-01,25.3,80.0,0.9,11.5,979.7,Low Risk,Karnal (Haryana)
2023-04-02,27.5,72.0,0.0,15.3,978.6,Low Risk,Karnal (Haryana)
2023-04-03,31.4,59.0,0.3,18.8,977.3,Low Risk,Karnal (Haryana)
2023-04-04,28.4,60.0,3.7,23.2,979.6,Low Risk,Karnal (Haryana)
2023-04-05,30.2,46.0,0.0,16.1,980.1,Low Risk,Karnal (Haryana)
2023-04-06,31.1,39.0,0.0,20.6,982.3,Low Risk,Karnal (Haryana)
2023-04-07,31.8,38.0,0.0,17.3,983.8,Low Risk,Karnal (Haryana)
2023-04-08,33.4,34.0,0.0,16.4,984.3,Low Risk,Karnal (Haryana)
2023-04-09,33.7,30.0,0.0,14.0,984.4,Low Risk,Karnal (Haryana)
2023-04-10,34.6,30.0,0.0,18.3,982.4,Low Risk,Karnal (Haryana)
2023-04-11,36.3,25.0,0.0,25.3,981.9,Low Risk,Karnal (Haryana)
2023-04-12,37.4,23.0,0.0,19.2,981.4,Low Risk,Karnal (Haryana)
2023-04-13,37.6,25.0,0.0,21.6,979.8,Low Risk,Karnal (Haryana)
2023-04-14,38.4,26.0,0.0,17.1,978.9,Low Risk,Karnal (Haryana)
2023-04-15,40.1,24.0,0.0,14.4,978.4,Low Risk,Karnal (Haryana)
2023-04-16,39.1,24.0,0.0,17.7,977.8,Low Risk,Karnal (Haryana)
2023-04-17,40.0,23.0,0.0,16.6,977.3,Low Risk,Karnal (Haryana)
2023-04-18,40.4,23.0,0.0,15.3,978.5,Low Risk,Karnal (Haryana)
2023-04-19,36.2,38.0,0.2,26.5,976.7,Low Risk,Karnal (Haryana)
2023-04-20,34.2,35.0,0.0,16.6,973.6,Low Risk,Karnal (Haryana)
2023-04-21,34.4,31.0,0.0,17.3,974.9,Low Risk,Karnal (Haryana)
2023-04-22,34.2,26.0,0.0,16.2,975.9,Low Risk,Karnal (Haryana)
2023-04-23,34.4,30.0,1.1,23.5,977.2,Low Risk,Karnal (Haryana)
2023-04-24,33.3,33.0,0.0,17.2,980.5,Low Risk,Karnal (Haryana)
2023-04-25,33.2,38.0,0.0,16.4,982.2,Low Risk,Karnal (Haryana)
2023-04-26,35.5,38.0,0.0,14.2,978.8,Low Risk,Karnal (Haryana)
2023-04-27,34.5,36.0,0.3,14.8,978.8,Low Risk,Karnal (Haryana)
2023-04-28,33.5,43.0,0.0,12.8,979.3,Low Risk,Karnal (Haryana)
2023-04-29,34.6,50.0,3.1,18.3,978.1,Low Risk,Karnal (Haryana)
2023-04-30,30.8,65.0,4.3,10.9,977.7,Low Risk,Karnal (Haryana)
2023-05-01,24.9,85.0,16.4,12.6,978.1,Low Risk,Karnal (Haryana)
2023-05-02,25.2,85.0,27.5,15.6,979.8,Low Risk,Karnal (Haryana)
2023-05-03,27.9,78.0,7.0,20.5,980.7,Low Risk,Karnal (Haryana)
2023-05-04,29.0,72.0,0.0,8.5,980.2,Low Risk,Karnal (Haryana)
2023-05-05,30.5,61.0,3.1,16.3,978.4,Low Risk,Karnal (Haryana)
2023-05-06,33.1,47.0,0.0,15.9,976.3,Low Risk,Karnal (Haryana)
2023-05-07,34.8,46.0,0.0,18.3,975.6,Low Risk,Karnal (Haryana)
2023-05-08,34.3,45.0,0.3,23.8,975.2,Low Risk,Karnal (Haryana)
2023-05-09,34.4,36.0,0.0,18.8,977.8,Low Risk,Karnal (Haryana)
2023-05-10,34.1,32.0,0.0,16.6,976.7,Low Risk,Karnal (Haryana)
2023-05-11,37.0,34.0,0.0,15.3,977.2,Low Risk,Karnal (Haryana)
2023-05-12,39.0,33.0,0.0,12.2,976.4,Low Risk,Karnal (Haryana)
2023-05-13,39.2,38.0,0.0,13.6,975.7,Low Risk,Karnal (Haryana)
2023-05-14,39.3,30.0,0.0,15.5,972.9,Low Risk,Karnal (Haryana)
2023-05-15,39.0,28.0,0.0,21.1,972.3,Low Risk,Karnal (Haryana)
2023-05-16,38.6,27.0,0.0,15.3,974.0,Low Risk,Karnal (Haryana)
2023-05-17,39.9,27.0,0.0,20.8,975.3,Low Risk,Karnal (Haryana)
2023-05-18,35.6,42.0,0.1,18.9,979.2,Low Risk,Karnal (Haryana)
2023-05-19,36.7,37.0,0.0,19.2,976.7,Low Risk,Karnal (Haryana)
2023-05-20,38.7,32.0,0.0,18.4,974.5,Low Risk,Karnal (Haryana)
2023-05-21,41.6,30.0,0.0,16.2,974.8,Low Risk,Karnal (Haryana)
2023-05-22,42.6,27.0,0.0,27.4,975.0,Low Risk,Karnal (Haryana)
2023-05-23,42.0,33.0,0.0,22.3,975.5,Low Risk,Karnal (Haryana)
2023-05-24,34.3,52.0,3.8,18.9,975.7,Low Risk,Karnal (Haryana)
2023-05-25,35.0,57.0,7.4,23.8,975.6,Low Risk,Karnal (Haryana)
2023-05-26,33.3,56.0,0.1,7.5,976.6,Low Risk,Karnal (Haryana)
2023-05-27,32.7,68.0,17.8,22.8,976.2,Low Risk,Karnal (Haryana)
2023-05-28,35.0,57.0,0.0,9.0,976.8,Low Risk,Karnal (Haryana)
2023-05-29,33.9,71.0,9.9,25.5,979.1,Low Risk,Karnal (Haryana)
2023-05-30,34.1,62.0,1.8,20.3,978.8,Low Risk,Karnal (Haryana)
2023-05-31,26.8,84.0,13.2,19.2,977.4,Low Risk,Karnal (Haryana)
2023-06-01,32.3,70.0,0.0,13.3,977.1,Low Risk,Karnal (Haryana)
2023-06-02,30.5,63.0,4.7,17.4,976.4,Low Risk,Karnal (Haryana)
2023-06-03,33.5,57.0,0.0,9.5,976.4,Low Risk,Karnal (Haryana)
2023-06-04,35.6,54.0,0.0,14.1,975.8,Low Risk,Karnal (Haryana)
2023-06-05,37.0,52.0,0.0,19.4,974.5,Low Risk,Karnal (Haryana)
2023-06-06,37.1,46.0,0.0,17.7,974.5,Low Risk,Karnal (Haryana)
2023-06-07,36.4,43.0,0.0,17.3,974.5,Low Risk,Karnal (Haryana)
2023-06-08,37.9,40.0,0.0,23.3,973.7,Low Risk,Karnal (Haryana)
2023-06-09,40.0,37.0,0.0,20.3,970.6,Low Risk,Karnal (Haryana)
2023-06-10,40.8,43.0,0.0,27.5,969.4,Low Risk,Karnal (Haryana)
2023-06-11,39.1,50.0,0.0,17.8,969.7,Low Risk,Karnal (Haryana)
2023-06-12,39.2,46.0,0.0,21.7,969.3,Low Risk,Karnal (Haryana)
2023-06-13,41.2,40.0,0.0,27.3,969.0,Low Risk,Karnal (Haryana)
2023-06-14,39.5,46.0,0.4,25.0,970.2,Low Risk,Karnal (Haryana)
2023-06-15,37.3,53.0,0.0,23.5,971.4,Low Risk,Karnal (Haryana)
2023-06-16,37.6,56.0,0.1,21.2,971.3,Low Risk,Karnal (Haryana)
2023-06-17,37.5,52.0,0.0,11.0,971.4,Low Risk,Karnal (Haryana)
2023-06-18,35.9,66.0,4.9,16.6,971.6,Low Risk,Karnal (Haryana)
2023-06-19,36.0,65.0,0.4,16.6,970.6,Low Risk,Karnal (Haryana)
2023-06-20,36.8,62.0,1.5,17.4,970.2,Low Risk,Karnal (Haryana)
2023-06-21,36.2,69.0,11.5,11.6,971.0,Low Risk,Karnal (Haryana)
2023-06-22,35.9,72.0,1.6,15.3,971.2,Low Risk,Karnal (Haryana)
2023-06-23,34.6,75.0,18.3,17.4,971.2,Low Risk,Karnal (Haryana)
2023-06-24,34.7,77.0,8.3,20.0,970.7,Low Risk,Karnal (Haryana)
2023-06-25,32.3,86.0,36.0,20.0,971.8,Low Risk,Karnal (Haryana)
2023-06-26,32.8,82.0,1.4,18.0,972.6,Low Risk,Karnal (Haryana)
2023-06-27,33.7,81.0,16.6,13.2,971.7,Low Risk,Karnal (Haryana)
2023-06-28,33.1,81.0,0.3,22.7,973.0,Low Risk,Karnal (Haryana)
2023-06-29,32.0,84.0,3.2,17.6,972.2,Low Risk,Karnal (Haryana)
2023-06-30,34.2,78.0,8.2,15.5,970.6,Low Risk,Karnal (Haryana)
2023-07-01,34.0,78.0,1.0,12.5,971.3,Low Risk,Karnal (Haryana)
2023-07-02,34.4,77.0,0.8,10.7,971.8,Low Risk,Karnal (Haryana)
2023-07-03,35.2,75.0,0.8,13.3,971.3,Low Risk,Karnal (Haryana)
2023-07-04,34.9,79.0,1.0,15.7,970.0,Low Risk,Karnal (Haryana)
2023-07-05,32.9,82.0,1.8,16.2,970.4,Low Risk,Karnal (Haryana)
2023-07-06,32.1,81.0,0.3,16.3,972.3,Low Risk,Karnal (Haryana)
2023-07-07,31.8,84.0,8.0,14.2,972.9,Low Risk,Karnal (Haryana)
2023-07-08,28.8,92.0,36.0,19.1,973.1,Low Risk,Karnal (Haryana)
2023-07-09,30.6,91.0,17.1,23.7,972.0,Low Risk,Karnal (Haryana)
2023-07-10,31.7,91.0,47.1,13.2,972.3,Low Risk,Karnal (Haryana)
2023-07-11,31.5,86.0,42.8,13.7,972.0,Low Risk,Karnal (Haryana)
2023-07-12,32.3,87.0,4.3,10.2,971.7,Low Risk,Karnal (Haryana)
2023-07-13,32.6,85.0,3.5,15.3,972.0,Low Risk,Karnal (Haryana)
2023-07-14,32.9,83.0,1.1,14.4,972.6,Low Risk,Karnal (Haryana)
2023-07-15,33.0,86.0,9.6,11.7,971.9,Low Risk,Karnal (Haryana)
2023-07-16,32.5,87.0,27.4,17.1,972.2,Low Risk,Karnal (Haryana)
2023-07-17,32.8,86.0,10.0,11.3,971.2,Low Risk,Karnal (Haryana)
2023-07-18,31.0,89.0,14.0,13.8,971.4,Low Risk,Karnal (Haryana)
2023-07-19,32.6,87.0,11.7,11.3,971.4,Low Risk,Karnal (Haryana)
2023-07-20,34.6,76.0,0.0,9.2,971.2,Low Risk,Karnal (Haryana)
2023-07-21,35.0,79.0,1.8,11.0,972.6,Low Risk,Karnal (Haryana)
2023-07-22,33.0,80.0,14.2,17.7,975.6,Low Risk,Karnal (Haryana)
2023-07-23,33.5,75.0,0.0,15.1,975.5,Low Risk,Karnal (Haryana)
2023-07-24,33.3,79.0,2.1,13.7,973.3,Low Risk,Karnal (Haryana)
2023-07-25,33.7,83.0,12.2,13.1,973.1,Low Risk,Karnal (Haryana)
2023-07-26,30.0,89.0,19.9,14.8,974.9,Low Risk,Karnal (Haryana)
2023-07-27,32.1,87.0,4.7,10.0,973.7,Low Risk,Karnal (Haryana)
2023-07-28,30.8,89.0,14.1,7.7,971.5,Low Risk,Karnal (Haryana)
2023-07-29,31.9,84.0,7.5,7.4,970.5,Low Risk,Karnal (Haryana)
2023-07-30,32.2,86.0,0.8,9.8,970.1,Low Risk,Karnal (Haryana)
2023-07-31,33.5,80.0,0.6,11.0,969.5,Low Risk,Karnal (Haryana)
2023-08-01,34.4,77.0,0.0,15.5,968.4,Low Risk,Karnal (Haryana)
2023-08-02,34.2,81.0,10.6,14.6,969.2,Low Risk,Karnal (Haryana)
2023-08-03,33.0,86.0,3.0,16.5,969.5,Low Risk,Karnal (Haryana)
2023-08-04,31.7,88.0,6.5,8.7,971.8,Low Risk,Karnal (Haryana)
2023-08-05,33.2,85.0,0.5,12.2,972.9,Low Risk,Karnal (Haryana)
2023-08-06,33.5,84.0,2.5,19.1,970.0,Low Risk,Karnal (Haryana)
2023-08-07,33.2,78.0,0.7,18.9,967.8,Low Risk,Karnal (Haryana)
2023-08-08,33.1,75.0,0.4,22.0,969.0,Low Risk,Karnal (Haryana)
2023-08-09,33.6,76.0,0.0,18.4,972.6,Low Risk,Karnal (Haryana)
2023-08-10,32.0,83.0,1.7,10.5,974.3,Low Risk,Karnal (Haryana)
2023-08-11,33.7,79.0,1.7,12.9,974.2,Low Risk,Karnal (Haryana)
2023-08-12,34.3,74.0,0.0,16.2,971.8,Low Risk,Karnal (Haryana)
2023-08-13,34.3,72.0,1.3,17.0,969.9,Low Risk,Karnal (Haryana)
2023-08-14,30.7,81.0,0.5,16.4,974.2,Low Risk,Karnal (Haryana)
2023-08-15,33.0,83.0,0.5,8.0,974.8,Low Risk,Karnal (Haryana)
2023-08-16,33.8,78.0,0.5,15.8,974.0,Low Risk,Karnal (Haryana)
2023-08-17,34.6,74.0,0.1,16.6,973.3,Low Risk,Karnal (Haryana)
2023-08-18,34.5,78.0,0.1,9.7,973.8,Low Risk,Karnal (Haryana)
2023-08-19,34.0,81.0,4.9,11.5,974.5,Low Risk,Karnal (Haryana)
2023-08-20,34.3,79.0,0.9,12.5,975.1,Low Risk,Karnal (Haryana)
2023-08-21,34.7,81.0,1.2,12.8,973.5,Low Risk,Karnal (Haryana)
2023-08-22,34.8,87.0,21.1,13.4,971.5,Low Risk,Karnal (Haryana)
2023-08-23,28.7,92.0,8.6,19.5,970.8,Low Risk,Karnal (Haryana)
2023-08-24,33.2,78.0,0.3,15.1,969.8,Low Risk,Karnal (Haryana)
2023-08-25,33.7,73.0,0.0,13.3,969.9,Low Risk,Karnal (Haryana)
2023-08-26,32.9,77.0,0.5,14.3,972.0,Low Risk,Karnal (Haryana)
2023-08-27,33.4,73.0,0.0,15.6,971.6,Low Risk,Karnal (Haryana)
2023-08-28,32.7,70.0,0.0,19.8,971.6,Low Risk,Karnal (Haryana)
2023-08-29,34.0,73.0,0.3,13.6,974.0,Low Risk,Karnal (Haryana)
2023-08-30,34.4,71.0,0.0,13.7,975.6,Low Risk,Karnal (Haryana)
2023-08-31,34.5,70.0,0.0,12.9,976.3,Low Risk,Karnal (Haryana)
2023-09-01,35.9,64.0,0.0,17.4,975.9,Low Risk,Karnal (Haryana)
2023-09-02,35.7,62.0,0.0,21.0,974.7,Low Risk,Karnal (Haryana)
2023-09-03,35.2,57.0,0.0,17.7,973.7,Low Risk,Karnal (Haryana)
2023-09-04,35.7,61.0,0.0,13.5,973.4,Low Risk,Karnal (Haryana)
2023-09-05,35.1,71.0,0.5,7.2,974.7,Low Risk,Karnal (Haryana)
2023-09-06,35.3,69.0,0.6,14.8,975.6,Low Risk,Karnal (Haryana)
2023-09-07,36.1,64.0,0.0,9.7,974.9,Low Risk,Karnal (Haryana)
2023-09-08,34.3,71.0,0.0,9.4,975.3,Low Risk,Karnal (Haryana)
2023-09-09,31.8,81.0,3.8,11.2,974.8,Low Risk,Karnal (Haryana)
2023-09-10,29.7,80.0,0.0,19.3,973.1,Low Risk,Karnal (Haryana)
2023-09-11,34.3,71.0,0.0,10.1,973.0,Low Risk,Karnal (Haryana)
2023-09-12,34.4,74.0,0.0,7.4,973.2,Low Risk,Karnal (Haryana)
2023-09-13,33.4,83.0,3.7,9.5,973.5,Low Risk,Karnal (Haryana)
2023-09-14,33.9,80.0,2.6,15.6,974.8,Low Risk,Karnal (Haryana)
2023-09-15,31.1,87.0,10.2,15.3,976.1,Low Risk,Karnal (Haryana)
2023-09-16,32.8,83.0,1.6,12.6,975.5,Low Risk,Karnal (Haryana)
2023-09-17,31.3,85.0,17.2,22.5,974.2,Low Risk,Karnal (Haryana)
2023-09-18,31.9,82.0,0.7,15.1,974.7,Low Risk,Karnal (Haryana)
2023-09-19,32.4,82.0,0.1,10.3,977.0,Low Risk,Karnal (Haryana)
2023-09-20,32.4,82.0,0.5,10.4,977.1,Low Risk,Karnal (Haryana)
2023-09-21,33.5,78.0,0.0,12.6,976.2,Low Risk,Karnal (Haryana)
2023-09-22,33.2,76.0,0.1,9.9,976.4,Low Risk,Karnal (Haryana)
2023-09-23,32.6,81.0,0.2,13.7,977.1,Low Risk,Karnal (Haryana)
2023-09-24,32.6,80.0,3.0,16.9,976.7,Low Risk,Karnal (Haryana)
2023-09-25,32.7,76.0,0.0,10.9,977.1,Low Risk,Karnal (Haryana)
2023-09-26,33.1,69.0,0.0,12.3,978.1,Low Risk,Karnal (Haryana)
2023-09-27,33.3,65.0,0.0,15.5,977.7,Low Risk,Karnal (Haryana)
2023-09-28,33.2,61.0,0.0,12.6,977.2,Low Risk,Karnal (Haryana)
2023-09-29,33.6,61.0,0.0,9.2,977.1,Low Risk,Karnal (Haryana)
2023-09-30,34.9,58.0,0.0,16.4,977.2,Low Risk,Karnal (Haryana)
2023-10-01,33.4,57.0,0.0,13.4,976.8,Low Risk,Karnal (Haryana)
2023-10-02,33.2,43.0,0.0,16.8,977.5,Low Risk,Karnal (Haryana)
2023-10-03,33.9,42.0,0.0,20.4,977.9,Low Risk,Karnal (Haryana)
2023-10-04,33.6,55.0,0.0,18.1,978.1,Low Risk,Karnal (Haryana)
2023-10-05,33.6,55.0,0.0,15.9,977.5,Low Risk,Karnal (Haryana)
2023-10-06,34.4,58.0,0.0,13.3,976.3,Low Risk,Karnal (Haryana)
2023-10-07,34.2,62.0,0.0,10.1,977.6,Low Risk,Karnal (Haryana)
2023-10-08,34.5,67.0,0.0,14.5,978.2,Low Risk,Karnal (Haryana)
2023-10-09,35.1,58.0,0.0,14.6,978.9,Low Risk,Karnal (Haryana)
2023-10-10,33.9,55.0,0.0,17.2,980.0,Low Risk,Karnal (Haryana)
2023-10-11,32.6,55.0,0.0,15.0,980.8,Low Risk,Karnal (Haryana)
2023-10-12,31.6,58.0,0.0,12.2,982.1,Low Risk,Karnal (Haryana)
2023-10-13,32.7,63.0,0.0,10.6,982.7,Low Risk,Karnal (Haryana)
2023-10-14,32.7,62.0,0.3,13.3,982.1,Low Risk,Karnal (Haryana)
2023-10-15,33.3,67.0,2.3,16.3,980.3,Low Risk,Karnal (Haryana)
2023-10-16,26.9,71.0,18.4,22.1,981.7,Low Risk,Karnal (Haryana)
2023-10-17,27.6,71.0,0.0,8.9,985.1,Low Risk,Karnal (Haryana)
2023-10-18,28.0,67.0,0.0,13.2,985.2,Low Risk,Karnal (Haryana)
2023-10-19,27.6,68.0,0.0,10.8,984.8,Low Risk,Karnal (Haryana)
2023-10-20,28.5,67.0,0.0,8.7,985.2,Low Risk,Karnal (Haryana)
2023-10-21,29.6,66.0,0.0,9.4,985.7,Low Risk,Karnal (Haryana)
2023-10-22,29.4,66.0,0.0,9.7,986.2,Low Risk,Karnal (Haryana)
2023-10-23,29.5,65.0,0.0,12.0,984.6,Low Risk,Karnal (Haryana)
2023-10-24,29.8,63.0,0.0,10.0,983.9,Low Risk,Karnal (Haryana)
2023-10-25,30.1,60.0,0.0,12.4,984.7,Low Risk,Karnal (Haryana)
2023-10-26,30.3,59.0,0.0,14.1,984.1,Low Risk,Karnal (Haryana)
2023-10-27,30.3,56.0,0.0,10.7,983.3,Low Risk,Karnal (Haryana)
2023-10-28,29.7,65.0,0.0,9.0,983.6,Low Risk,Karnal (Haryana)
2023-10-29,29.9,67.0,0.0,8.0,984.0,Low Risk,Karnal (Haryana)
2023-10-30,30.1,69.0,0.0,9.4,984.7,Low Risk,Karnal (Haryana)
2023-10-31,30.3,70.0,0.0,8.0,985.9,Low Risk,Karnal (Haryana)
2023-11-01,29.8,70.0,0.0,10.1,986.5,Low Risk,Karnal (Haryana)
2023-11-02,29.1,68.0,0.0,9.8,984.7,Low Risk,Karnal (Haryana)
2023-11-03,28.2,68.0,0.4,19.4,982.3,Low Risk,Karnal (Haryana)
2023-11-04,29.1,63.0,0.0,11.8,982.5,Low Risk,Karnal (Haryana)
2023-11-05,28.9,63.0,0.0,12.3,984.0,Low Risk,Karnal (Haryana)
2023-11-06,28.4,62.0,0.0,9.8,985.7,Low Risk,Karnal (Haryana)
2023-11-07,28.9,65.0,0.0,9.8,984.9,Low Risk,Karnal (Haryana)
2023-11-08,29.8,64.0,0.0,13.0,983.8,Low Risk,Karnal (Haryana)
2023-11-09,28.7,65.0,0.0,8.9,983.8,Low Risk,Karnal (Haryana)
2023-11-10,24.2,78.0,3.1,13.2,986.2,Low Risk,Karnal (Haryana)
2023-11-11,24.9,77.0,0.0,11.0,987.6,Low Risk,Karnal (Haryana)
2023-11-12,25.9,72.0,0.0,11.8,987.5,Low Risk,Karnal (Haryana)
2023-11-13,25.7,73.0,0.0,9.0,987.6,Low Risk,Karnal (Haryana)
2023-11-14,25.8,70.0,0.0,9.5,987.1,Low Risk,Karnal (Haryana)
2023-11-15,26.4,74.0,0.0,9.4,986.7,Low Risk,Karnal (Haryana)
2023-11-16,26.7,76.0,0.0,8.2,987.7,Low Risk,Karnal (Haryana)
2023-11-17,27.3,70.0,0.0,8.0,987.6,Low Risk,Karnal (Haryana)
2023-11-18,26.8,69.0,0.0,8.0,985.9,Low Risk,Karnal (Haryana)
2023-11-19,26.0,69.0,0.0,12.5,986.9,Low Risk,Karnal (Haryana)
2023-11-20,25.6,68.0,0.0,9.2,987.1,Low Risk,Karnal (Haryana)
2023-11-21,25.2,64.0,0.0,16.6,985.9,Low Risk,Karnal (Haryana)
2023-11-22,25.3,64.0,0.0,14.8,983.6,Low Risk,Karnal (Haryana)
2023-11-23,24.5,70.0,0.0,9.3,983.7,Low Risk,Karnal (Haryana)
2023-11-24,24.8,76.0,0.0,10.8,985.6,Low Risk,Karnal (Haryana)
2023-11-25,25.0,74.0,0.0,9.0,986.6,Low Risk,Karnal (Haryana)
2023-11-26,25.1,73.0,0.0,8.2,987.5,Low Risk,Karnal (Haryana)
2023-11-27,22.2,80.0,2.9,10.5,985.4,Low Risk,Karnal (Haryana)
2023-11-28,22.8,84.0,0.4,8.9,985.3,Low Risk,Karnal (Haryana)
2023-11-29,24.5,76.0,0.0,7.2,985.4,Low Risk,Karnal (Haryana)
2023-11-30,21.7,86.0,15.0,18.8,986.7,Low Risk,Karnal (Haryana)
2023-12-01,24.2,80.0,0.0,8.2,986.7,Low Risk,Karnal (Haryana)
2023-12-02,23.7,81.0,0.0,8.8,986.9,Low Risk,Karnal (Haryana)
2023-12-03,23.2,79.0,0.0,9.4,987.2,Low Risk,Karnal (Haryana)
2023-12-04,22.0,77.0,0.0,9.4,985.9,Low Risk,Karnal (Haryana)
2023-12-05,22.6,75.0,0.0,11.2,985.4,Low Risk,Karnal (Haryana)
2023-12-06,23.4,82.0,0.0,9.1,985.9,Low Risk,Karnal (Haryana)
2023-12-07,23.3,81.0,0.0,10.2,985.2,Low Risk,Karnal (Haryana)
2023-12-08,22.4,80.0,0.0,12.6,984.6,Low Risk,Karnal (Haryana)
2023-12-09,22.5,71.0,0.0,14.2,985.4,Low Risk,Karnal (Haryana)
2023-12-10,21.7,71.0,0.0,20.1,983.6,Low Risk,Karnal (Haryana)
2023-12-11,21.0,75.0,0.0,8.9,984.5,Low Risk,Karnal (Haryana)
2023-12-12,21.3,78.0,0.0,10.0,983.9,Low Risk,Karnal (Haryana)
2023-12-13,21.4,72.0,0.0,10.6,985.6,Low Risk,Karnal (Haryana)
2023-12-14,21.5,71.0,0.0,16.5,986.1,Low Risk,Karnal (Haryana)
2023-12-15,20.4,77.0,0.0,10.0,987.5,Low Risk,Karnal (Haryana)
2023-12-16,20.1,77.0,0.0,9.8,986.3,Low Risk,Karnal (Haryana)
2023-12-17,20.7,74.0,0.0,14.5,987.4,Low Risk,Karnal (Haryana)
2023-12-18,20.9,70.0,0.0,19.7,988.6,Low Risk,Karnal (Haryana)
2023-12-19,21.0,71.0,0.0,15.6,988.5,Low Risk,Karnal (Haryana)
2023-12-20,19.8,78.0,0.0,8.7,988.4,Low Risk,Karnal (Haryana)
2023-12-21,20.2,81.0,0.0,11.0,986.8,Low Risk,Karnal (Haryana)
2023-12-22,21.0,82.0,0.0,9.7,986.5,Low Risk,Karnal (Haryana)
2023-12-23,21.7,79.0,0.0,11.0,989.0,Low Risk,Karnal (Haryana)
2023-12-24,22.2,80.0,0.0,8.9,990.2,Low Risk,Karnal (Haryana)
2023-12-25,21.2,83.0,0.0,9.7,988.2,Low Risk,Karnal (Haryana)
2023-12-26,20.6,82.0,0.0,8.9,988.0,Low Risk,Karnal (Haryana)
2023-12-27,21.9,83.0,0.0,10.2,989.2,Low Risk,Karnal (Haryana)
2023-12-28,18.5,91.0,0.0,9.2,988.0,Low Risk,Karnal (Haryana)
2023-12-29,18.9,93.0,0.0,8.8,988.7,Low Risk,Karnal (Haryana)
2023-12-30,17.9,93.0,0.0,8.9,987.5,Low Risk,Karnal (Haryana)
2023-12-31,16.4,92.0,0.0,7.7,987.5,Low Risk,Karnal (Haryana)
2024-01-01,15.7,91.0,0.0,7.8,987.6,Low Risk,Karnal (Haryana)
2024-01-02,14.5,89.0,0.0,7.1,987.0,Low Risk,Karnal (Haryana)
2024-01-03,15.0,92.0,0.0,8.9,986.8,Low Risk,Karnal (Haryana)
2024-01-04,16.6,91.0,0.0,8.3,986.8,Low Risk,Karnal (Haryana)
2024-01-05,16.5,90.0,0.0,8.9,987.1,Low Risk,Karnal (Haryana)
2024-01-06,17.5,86.0,0.0,9.8,988.5,Low Risk,Karnal (Haryana)
2024-01-07,17.9,89.0,0.0,8.4,989.1,Low Risk,Karnal (Haryana)
2024-01-08,17.2,87.0,0.0,8.8,988.9,Low Risk,Karnal (Haryana)
2024-01-09,15.8,90.0,0.0,12.9,988.9,Low Risk,Karnal (Haryana)
2024-01-10,15.3,89.0,0.0,14.2,987.3,Low Risk,Karnal (Haryana)
2024-01-11,13.9,91.0,0.0,11.5,987.9,Low Risk,Karnal (Haryana)
2024-01-12,15.5,88.0,0.0,12.1,986.7,Low Risk,Karnal (Haryana)
2024-01-13,14.9,93.0,0.0,10.6,986.1,Low Risk,Karnal (Haryana)
2024-01-14,15.8,91.0,0.0,8.4,986.4,Low Risk,Karnal (Haryana)
2024-01-15,13.8,94.0,0.0,8.4,985.9,Low Risk,Karnal (Haryana)
2024-01-16,14.7,91.0,0.0,11.7,983.9,Low Risk,Karnal (Haryana)
2024-01-17,16.9,90.0,0.0,10.5,984.0,Low Risk,Karnal (Haryana)
2024-01-18,16.4,94.0,0.0,9.7,985.9,Low Risk,Karnal (Haryana)
2024-01-19,14.8,94.0,0.0,6.9,987.4,Low Risk,Karnal (Haryana)
2024-01-20,14.2,93.0,0.0,9.4,988.0,Low Risk,Karnal (Haryana)
2024-01-21,15.3,91.0,0.0,13.6,987.0,Low Risk,Karnal (Haryana)
2024-01-22,13.7,93.0,0.0,9.9,988.1,Low Risk,Karnal (Haryana)
2024-01-23,15.3,91.0,0.0,10.0,987.4,Low Risk,Karnal (Haryana)
2024-01-24,15.9,93.0,0.0,9.0,987.5,Low Risk,Karnal (Haryana)
2024-01-25,15.0,93.0,0.0,8.4,989.5,Low Risk,Karnal (Haryana)
2024-01-26,16.9,90.0,0.0,9.9,990.0,Low Risk,Karnal (Haryana)
2024-01-27,19.4,84.0,0.0,19.4,988.0,Low Risk,Karnal (Haryana)
2024-01-28,18.3,88.0,0.0,11.2,987.0,Low Risk,Karnal (Haryana)
2024-01-29,19.7,88.0,0.0,10.7,987.2,Low Risk,Karnal (Haryana)
2024-01-30,19.5,90.0,0.0,9.6,986.0,Low Risk,Karnal (Haryana)
2024-01-31,18.1,93.0,5.2,10.4,985.1,Low Risk,Karnal (Haryana)
2024-02-01,18.2,89.0,3.7,26.5,985.3,Low Risk,Karnal (Haryana)
2024-02-02,17.7,82.0,0.0,16.8,988.4,Low Risk,Karnal (Haryana)
2024-02-03,18.7,72.0,1.8,15.3,986.7,Low Risk,Karnal (Haryana)
2024-02-04,18.7,88.0,4.7,14.6,985.5,Low Risk,Karnal (Haryana)
2024-02-05,18.7,85.0,1.0,10.6,987.0,Low Risk,Karnal (Haryana)
2024-02-06,17.5,76.0,0.0,16.2,988.4,Low Risk,Karnal (Haryana)
2024-02-07,16.4,69.0,0.0,21.5,989.0,Low Risk,Karnal (Haryana)
2024-02-08,17.4,68.0,0.0,23.3,987.2,Low Risk,Karnal (Haryana)
2024-02-09,19.2,76.0,0.0,13.4,987.8,Low Risk,Karnal (Haryana)
2024-02-10,19.0,88.0,0.0,8.7,990.4,Low Risk,Karnal (Haryana)
2024-02-11,20.6,80.0,0.0,10.0,989.7,Low Risk,Karnal (Haryana)
2024-02-12,20.9,82.0,0.0,8.9,988.7,Low Risk,Karnal (Haryana)
2024-02-13,20.9,80.0,0.0,8.3,988.0,Low Risk,Karnal (Haryana)
2024-02-14,21.8,80.0,0.0,9.7,987.7,Low Risk,Karnal (Haryana)
2024-02-15,22.2,77.0,0.0,13.3,988.5,Low Risk,Karnal (Haryana)
2024-02-16,22.7,71.0,0.0,12.2,988.9,Low Risk,Karnal (Haryana)
2024-02-17,22.8,68.0,0.0,16.9,984.2,Low Risk,Karnal (Haryana)
2024-02-18,24.7,70.0,0.0,15.5,981.7,Low Risk,Karnal (Haryana)
2024-02-19,25.7,59.0,0.2,30.3,980.0,Low Risk,Karnal (Haryana)
2024-02-20,24.6,73.0,12.5,22.5,980.3,Low Risk,Karnal (Haryana)
2024-02-21,23.1,69.0,0.0,14.7,980.5,Low Risk,Karnal (Haryana)
2024-02-22,21.1,61.0,0.0,13.8,982.8,Low Risk,Karnal (Haryana)
2024-02-23,20.8,56.0,0.0,12.3,985.0,Low Risk,Karnal (Haryana)
2024-02-24,21.3,56.0,0.0,11.3,985.5,Low Risk,Karnal (Haryana)
2024-02-25,22.0,57.0,0.0,12.9,987.8,Low Risk,Karnal (Haryana)
2024-02-26,22.3,57.0,0.0,10.7,987.4,Low Risk,Karnal (Haryana)
2024-02-27,20.4,64.0,0.2,14.1,987.2,Low Risk,Karnal (Haryana)
2024-02-28,22.6,62.0,0.0,19.2,985.4,Low Risk,Karnal (Haryana)
2024-02-29,24.5,64.0,0.0,12.6,984.0,Low Risk,Karnal (Haryana)
2024-03-01,24.1,73.0,2.4,21.7,983.6,Low Risk,Karnal (Haryana)
2024-03-02,22.5,79.0,24.8,26.8,980.7,Low Risk,Karnal (Haryana)
2024-03-03,20.8,82.0,5.5,13.9,981.7,Low Risk,Karnal (Haryana)
2024-03-04,19.9,68.0,0.0,14.3,985.8,Low Risk,Karnal (Haryana)
2024-03-05,19.5,61.0,0.0,14.5,986.4,Low Risk,Karnal (Haryana)
2024-03-06,20.5,61.0,0.0,13.0,984.4,Low Risk,Karnal (Haryana)
2024-03-07,22.5,61.0,0.0,14.7,984.2,Low Risk,Karnal (Haryana)
2024-03-08,23.0,58.0,0.0,17.5,985.1,Low Risk,Karnal (Haryana)
2024-03-09,24.0,58.0,0.0,17.6,984.7,Low Risk,Karnal (Haryana)
2024-03-10,25.1,61.0,0.0,10.9,984.4,Low Risk,Karnal (Haryana)
2024-03-11,27.0,59.0,0.4,11.9,985.9,Low Risk,Karnal (Haryana)
2024-03-12,27.2,58.0,0.0,13.9,984.1,Low Risk,Karnal (Haryana)
2024-03-13,26.2,68.0,0.6,15.6,981.7,Low Risk,Karnal (Haryana)
2024-03-14,27.0,52.0,0.0,13.5,984.5,Low Risk,Karnal (Haryana)
2024-03-15,26.3,51.0,0.0,15.5,983.2,Low Risk,Karnal (Haryana)
2024-03-16,26.8,57.0,0.0,10.6,985.1,Low Risk,Karnal (Haryana)
2024-03-17,27.7,56.0,0.0,11.0,984.6,Low Risk,Karnal (Haryana)
2024-03-18,27.6,56.0,0.0,10.4,982.9,Low Risk,Karnal (Haryana)
2024-03-19,28.3,56.0,0.0,11.7,982.6,Low Risk,Karnal (Haryana)
2024-03-20,30.0,57.0,0.0,10.1,983.1,Low Risk,Karnal (Haryana)
2024-03-21,26.9,66.0,0.0,19.6,983.2,Low Risk,Karnal (Haryana)
2024-03-22,29.1,63.0,0.0,13.6,980.2,Low Risk,Karnal (Haryana)
2024-03-23,31.1,56.0,0.0,19.6,978.5,Low Risk,Karnal (Haryana)
2024-03-24,27.5,54.0,0.0,31.1,980.6,Low Risk,Karnal (Haryana)
2024-03-25,30.8,57.0,0.0,17.2,982.2,Low Risk,Karnal (Haryana)
2024-03-26,31.2,55.0,0.0,13.7,981.1,Low Risk,Karnal (Haryana)
2024-03-27,33.4,54.0,0.0,17.4,983.0,Low Risk,Karnal (Haryana)
2024-03-28,35.5,49.0,0.0,17.8,980.2,Low Risk,Karnal (Haryana)
2024-03-29,33.8,59.0,0.0,10.7,979.5,Low Risk,Karnal (Haryana)
2024-03-30,31.5,55.0,5.2,19.9,980.5,Low Risk,Karnal (Haryana)
2024-03-31,32.0,43.0,0.0,16.9,981.4,Low Risk,Karnal (Haryana)
2024-04-01,29.2,46.0,0.0,17.1,979.0,Low Risk,Karnal (Haryana)
2024-04-02,30.2,41.0,0.0,16.7,977.8,Low Risk,Karnal (Haryana)
2024-04-03,32.5,40.0,0.0,12.5,978.7,Low Risk,Karnal (Haryana)
2024-04-04,33.7,38.0,0.0,15.0,979.0,Low Risk,Karnal (Haryana)
2024-04-05,33.3,30.0,0.0,19.1,978.4,Low Risk,Karnal (Haryana)
2024-04-06,33.0,26.0,0.0,16.8,978.2,Low Risk,Karnal (Haryana)
2024-04-07,33.3,29.0,0.0,19.7,978.1,Low Risk,Karnal (Haryana)
2024-04-08,34.3,30.0,0.0,17.1,979.3,Low Risk,Karnal (Haryana)
2024-04-09,34.1,32.0,0.0,11.0,980.0,Low Risk,Karnal (Haryana)
2024-04-10,34.9,33.0,0.0,10.5,980.1,Low Risk,Karnal (Haryana)
2024-04-11,35.3,29.0,0.0,16.1,981.4,Low Risk,Karnal (Haryana)
2024-04-12,35.9,35.0,0.0,15.9,980.3,Low Risk,Karnal (Haryana)
2024-04-13,35.8,34.0,0.8,20.8,980.2,Low Risk,Karnal (Haryana)
2024-04-14,31.2,53.0,1.0,25.6,982.4,Low Risk,Karnal (Haryana)
2024-04-15,33.0,54.0,0.0,12.8,981.4,Low Risk,Karnal (Haryana)
2024-04-16,34.5,44.0,0.0,19.5,980.2,Low Risk,Karnal (Haryana)
2024-04-17,34.1,33.0,0.0,25.7,978.7,Low Risk,Karnal (Haryana)
2024-04-18,36.1,30.0,0.0,16.4,977.3,Low Risk,Karnal (Haryana)
2024-04-19,33.8,37.0,0.9,15.5,975.6,Low Risk,Karnal (Haryana)
2024-04-20,35.3,32.0,0.0,17.2,974.9,Low Risk,Karnal (Haryana)
2024-04-21,36.0,29.0,0.0,19.7,976.2,Low Risk,Karnal (Haryana)
2024-04-22,36.0,31.0,0.0,13.0,976.9,Low Risk,Karnal (Haryana)
2024-04-23,35.2,36.0,0.0,19.3,976.9,Low Risk,Karnal (Haryana)
2024-04-24,35.5,33.0,0.0,16.7,976.4,Low Risk,Karnal (Haryana)
2024-04-25,37.4,28.0,0.0,21.7,976.5,Low Risk,Karnal (Haryana)
2024-04-26,38.3,25.0,0.0,13.4,975.3,Low Risk,Karnal (Haryana)
2024-04-27,36.1,32.0,0.1,23.7,976.6,Low Risk,Karnal (Haryana)
2024-04-28,36.3,32.0,0.0,12.6,977.6,Low Risk,Karnal (Haryana)
2024-04-29,33.9,33.0,0.0,20.2,977.4,Low Risk,Karnal (Haryana)
2024-04-30,35.5,30.0,0.0,15.9,975.6,Low Risk,Karnal (Haryana)
2024-05-01,31.2,29.0,0.0,21.2,974.1,Low Risk,Karnal (Haryana)
2024-05-02,34.5,29.0,0.0,20.3,975.0,Low Risk,Karnal (Haryana)
2024-05-03,37.8,23.0,0.0,23.0,975.6,Low Risk,Karnal (Haryana)
2024-05-04,40.5,20.0,0.0,18.2,975.6,Low Risk,Karnal (Haryana)
2024-05-05,39.7,21.0,0.0,21.0,972.3,Low Risk,Karnal (Haryana)
2024-05-06,40.3,23.0,0.0,20.3,973.8,Low Risk,Karnal (Haryana)
2024-05-07,40.5,25.0,0.0,12.6,975.7,Low Risk,Karnal (Haryana)
2024-05-08,37.9,40.0,0.0,19.7,976.5,Low Risk,Karnal (Haryana)
2024-05-09,37.5,43.0,0.0,20.2,976.0,Low Risk,Karnal (Haryana)
2024-05-10,37.7,47.0,0.7,21.6,976.8,Low Risk,Karnal (Haryana)
2024-05-11,38.7,49.0,0.0,22.2,978.1,Low Risk,Karnal (Haryana)
2024-05-12,35.9,47.0,0.0,19.1,978.5,Low Risk,Karnal (Haryana)
2024-05-13,39.7,28.0,0.0,17.2,978.5,Low Risk,Karnal (Haryana)
2024-05-14,40.0,21.0,0.0,19.1,978.4,Low Risk,Karnal (Haryana)
2024-05-15,41.3,22.0,0.0,15.5,978.3,Low Risk,Karnal (Haryana)
2024-05-16,41.9,25.0,0.0,12.0,977.8,Low Risk,Karnal (Haryana)
2024-05-17,43.5,22.0,0.0,23.9,974.9,Drought Risk,Karnal (Haryana)
2024-05-18,44.4,20.0,0.0,25.1,972.3,Drought Risk,Karnal (Haryana)
2024-05-19,44.4,17.0,0.0,27.2,970.8,Drought Risk,Karnal (Haryana)
2024-05-20,43.1,23.0,0.0,19.6,971.8,Low Risk,Karnal (Haryana)
2024-05-21,41.8,32.0,0.0,17.0,972.7,Low Risk,Karnal (Haryana)
2024-05-22,39.9,41.0,0.0,24.0,973.3,Low Risk,Karnal (Haryana)
2024-05-23,40.1,43.0,0.0,24.5,972.9,Low Risk,Karnal (Haryana)
2024-05-24,39.7,41.0,0.0,20.5,972.7,Low Risk,Karnal (Haryana)
2024-05-25,43.9,30.0,0.0,25.1,970.3,Low Risk,Karnal (Haryana)
2024-05-26,44.8,22.0,0.0,25.2,968.7,Drought Risk,Karnal (Haryana)
2024-05-27,44.9,20.0,0.0,17.3,966.2,Drought Risk,Karnal (Haryana)
2024-05-28,44.8,15.0,0.0,18.5,964.4,Drought Risk,Karnal (Haryana)
2024-05-29,45.3,18.0,0.0,16.3,965.5,Drought Risk,Karnal (Haryana)
2024-05-30,45.8,15.0,0.0,20.1,968.4,Drought Risk,Karnal (Haryana)
2024-05-31,44.9,14.0,0.0,16.9,970.3,Drought Risk,Karnal (Haryana)
2024-06-01,42.7,18.0,0.0,22.7,971.6,Drought Risk,Karnal (Haryana)
2024-06-02,42.4,26.0,0.0,13.9,972.9,Low Risk,Karnal (Haryana)
2024-06-03,43.9,21.0,0.0,19.8,971.8,Drought Risk,Karnal (Haryana)
2024-06-04,42.5,20.0,0.0,23.4,971.5,Drought Risk,Karnal (Haryana)
2024-06-05,42.1,26.0,0.0,24.5,972.7,Low Risk,Karnal (Haryana)
2024-06-06,40.4,34.0,0.4,22.1,975.1,Low Risk,Karnal (Haryana)
2024-06-07,42.4,27.0,0.0,21.8,972.6,Low Risk,Karnal (Haryana)
2024-06-08,39.9,27.0,0.0,23.2,971.9,Low Risk,Karnal (Haryana)
2024-06-09,42.0,23.0,0.0,20.9,971.6,Low Risk,Karnal (Haryana)
2024-06-10,42.8,17.0,0.0,18.4,971.6,Drought Risk,Karnal (Haryana)
2024-06-11,43.2,18.0,0.0,17.0,971.0,Drought Risk,Karnal (Haryana)
2024-06-12,45.0,17.0,0.0,24.0,970.5,Drought Risk,Karnal (Haryana)
2024-06-13,45.1,18.0,0.0,22.4,969.5,Drought Risk,Karnal (Haryana)
2024-06-14,44.2,22.0,0.0,26.5,968.9,Drought Risk,Karnal (Haryana)
2024-06-15,43.8,23.0,0.0,22.5,969.3,Low Risk,Karnal (Haryana)
2024-06-16,44.3,26.0,0.0,23.7,969.6,Low Risk,Karnal (Haryana)
2024-06-17,45.1,24.0,0.0,23.7,969.5,Low Risk,Karnal (Haryana)
2024-06-18,44.0,26.0,0.0,26.1,967.5,Low Risk,Karnal (Haryana)
2024-06-19,41.3,32.0,0.4,24.9,965.9,Low Risk,Karnal (Haryana)
2024-06-20,37.1,53.0,2.1,15.2,968.2,Low Risk,Karnal (Haryana)
2024-06-21,37.0,59.0,15.7,17.5,970.4,Low Risk,Karnal (Haryana)
2024-06-22,36.6,55.0,0.0,10.1,970.4,Low Risk,Karnal (Haryana)
2024-06-23,36.5,60.0,0.8,22.3,971.1,Low Risk,Karnal (Haryana)
2024-06-24,37.6,57.0,0.0,11.9,969.8,Low Risk,Karnal (Haryana)
2024-06-25,36.0,64.0,1.0,12.2,968.9,Low Risk,Karnal (Haryana)
2024-06-26,35.2,72.0,29.6,14.5,969.4,Low Risk,Karnal (Haryana)
2024-06-27,31.6,75.0,1.0,21.0,972.1,Low Risk,Karnal (Haryana)
2024-06-28,33.5,73.0,0.4,19.6,970.9,Low Risk,Karnal (Haryana)
2024-06-29,34.1,74.0,2.3,12.7,969.3,Low Risk,Karnal (Haryana)
2024-06-30,35.8,75.0,3.6,15.7,968.7,Low Risk,Karnal (Haryana)
2024-07-01,35.4,79.0,20.0,13.7,966.5,Low Risk,Karnal (Haryana)
2024-07-02,33.2,83.0,23.7,15.3,965.4,Low Risk,Karnal (Haryana)
2024-07-03,33.8,83.0,31.8,16.6,967.9,Low Risk,Karnal (Haryana)
2024-07-04,32.3,81.0,2.6,18.6,970.5,Low Risk,Karnal (Haryana)
2024-07-05,30.2,84.0,5.1,26.9,968.0,Low Risk,Karnal (Haryana)
2024-07-06,33.0,78.0,1.1,17.1,966.7,Low Risk,Karnal (Haryana)
2024-07-07,31.9,80.0,0.6,15.1,969.4,Low Risk,Karnal (Haryana)
2024-07-08,30.8,80.0,4.0,14.1,972.8,Low Risk,Karnal (Haryana)
2024-07-09,32.8,82.0,22.7,13.1,973.5,Low Risk,Karnal (Haryana)
2024-07-10,34.3,77.0,0.5,10.0,973.1,Low Risk,Karnal (Haryana)
2024-07-11,35.1,76.0,0.3,13.9,969.0,Low Risk,Karnal (Haryana)
2024-07-12,35.2,73.0,2.0,23.1,967.0,Low Risk,Karnal (Haryana)
2024-07-13,32.7,79.0,9.2,8.6,968.3,Low Risk,Karnal (Haryana)
2024-07-14,34.3,73.0,0.0,7.2,968.1,Low Risk,Karnal (Haryana)
2024-07-15,33.6,80.0,2.7,15.0,971.0,Low Risk,Karnal (Haryana)
2024-07-16,33.8,79.0,19.3,14.1,971.8,Low Risk,Karnal (Haryana)
2024-07-17,33.7,81.0,16.1,12.2,971.6,Low Risk,Karnal (Haryana)
2024-07-18,33.6,80.0,0.7,13.4,970.1,Low Risk,Karnal (Haryana)
2024-07-19,34.3,80.0,2.3,15.2,968.9,Low Risk,Karnal (Haryana)
2024-07-20,34.1,80.0,1.3,12.0,969.7,Low Risk,Karnal (Haryana)
2024-07-21,33.9,78.0,1.2,13.9,969.6,Low Risk,Karnal (Haryana)
2024-07-22,33.5,84.0,13.4,13.4,969.8,Low Risk,Karnal (Haryana)
2024-07-23,34.1,80.0,0.1,17.5,968.8,Low Risk,Karnal (Haryana)
2024-07-24,33.6,82.0,0.6,7.4,965.4,Low Risk,Karnal (Haryana)
2024-07-25,33.5,80.0,0.1,9.6,964.7,Low Risk,Karnal (Haryana)
2024-07-26,33.4,82.0,3.4,10.5,966.3,Low Risk,Karnal (Haryana)
2024-07-27,33.7,85.0,6.7,12.0,968.7,Low Risk,Karnal (Haryana)
2024-07-28,35.0,77.0,0.2,14.4,969.0,Low Risk,Karnal (Haryana)
2024-07-29,35.0,75.0,0.1,12.1,969.1,Low Risk,Karnal (Haryana)
2024-07-30,36.1,77.0,1.8,19.6,970.3,Low Risk,Karnal (Haryana)
2024-07-31,34.4,87.0,44.3,15.6,969.9,Low Risk,Karnal (Haryana)
2024-08-01,32.2,84.0,35.9,13.4,969.6,Low Risk,Karnal (Haryana)
2024-08-02,32.1,84.0,1.4,12.6,968.8,Low Risk,Karnal (Haryana)
2024-08-03,32.2,81.0,3.5,24.5,970.5,Low Risk,Karnal (Haryana)
2024-08-04,32.6,77.0,0.1,11.7,972.2,Low Risk,Karnal (Haryana)
2024-08-05,32.5,77.0,1.9,21.6,972.1,Low Risk,Karnal (Haryana)
2024-08-06,32.3,81.0,0.8,15.1,970.2,Low Risk,Karnal (Haryana)
2024-08-07,30.2,85.0,1.6,19.5,971.4,Low Risk,Karnal (Haryana)
2024-08-08,32.0,84.0,2.1,15.2,973.0,Low Risk,Karnal (Haryana)
2024-08-09,31.7,84.0,6.8,14.2,974.1,Low Risk,Karnal (Haryana)
2024-08-10,32.3,87.0,5.0,12.8,973.2,Low Risk,Karnal (Haryana)
2024-08-11,30.9,89.0,9.0,13.5,971.9,Low Risk,Karnal (Haryana)
2024-08-12,30.8,87.0,7.4,13.6,973.0,Low Risk,Karnal (Haryana)
2024-08-13,32.1,85.0,5.1,16.2,974.2,Low Risk,Karnal (Haryana)
2024-08-14,31.5,86.0,1.7,9.5,974.4,Low Risk,Karnal (Haryana)
2024-08-15,33.1,83.0,2.6,13.0,973.4,Low Risk,Karnal (Haryana)
2024-08-16,31.8,88.0,12.7,14.9,972.7,Low Risk,Karnal (Haryana)
2024-08-17,31.7,87.0,4.9,12.2,974.8,Low Risk,Karnal (Haryana)
2024-08-18,32.6,87.0,5.7,13.4,975.2,Low Risk,Karnal (Haryana)
2024-08-19,32.4,85.0,14.7,12.2,974.2,Low Risk,Karnal (Haryana)
2024-08-20,32.0,87.0,5.4,11.2,974.3,Low Risk,Karnal (Haryana)
2024-08-21,31.3,87.0,4.0,11.3,975.7,Low Risk,Karnal (Haryana)
2024-08-22,32.5,86.0,1.5,8.3,974.5,Low Risk,Karnal (Haryana)
2024-08-23,31.4,85.0,2.7,10.6,975.2,Low Risk,Karnal (Haryana)
2024-08-24,31.5,86.0,6.5,13.6,974.9,Low Risk,Karnal (Haryana)
2024-08-25,33.1,80.0,0.4,13.2,973.0,Low Risk,Karnal (Haryana)
2024-08-26,32.6,78.0,0.7,16.9,973.0,Low Risk,Karnal (Haryana)
2024-08-27,32.4,79.0,15.7,24.1,974.9,Low Risk,Karnal (Haryana)
2024-08-28,31.9,85.0,9.9,15.3,974.5,Low Risk,Karnal (Haryana)
2024-08-29,29.1,88.0,42.3,21.2,974.5,Low Risk,Karnal (Haryana)
2024-08-30,31.3,87.0,3.9,7.8,976.5,Low Risk,Karnal (Haryana)
2024-08-31,33.3,80.0,0.0,13.2,975.6,Low Risk,Karnal (Haryana)
2024-09-01,33.4,77.0,0.0,13.0,975.2,Low Risk,Karnal (Haryana)
2024-09-02,30.5,87.0,6.8,14.9,976.5,Low Risk,Karnal (Haryana)
2024-09-03,31.3,84.0,2.7,14.1,976.7,Low Risk,Karnal (Haryana)
2024-09-04,30.1,88.0,4.9,7.4,974.4,Low Risk,Karnal (Haryana)
2024-09-05,30.5,88.0,4.3,8.7,972.5,Low Risk,Karnal (Haryana)
2024-09-06,29.8,91.0,9.3,12.7,974.2,Low Risk,Karnal (Haryana)
2024-09-07,29.2,89.0,6.6,11.5,975.4,Low Risk,Karnal (Haryana)
2024-09-08,31.5,84.0,1.2,8.7,974.8,Low Risk,Karnal (Haryana)
2024-09-09,32.6,81.0,0.2,7.2,972.7,Low Risk,Karnal (Haryana)
2024-09-10,30.3,90.0,21.5,17.2,972.5,Low Risk,Karnal (Haryana)
2024-09-11,32.1,82.0,0.5,10.1,972.2,Low Risk,Karnal (Haryana)
2024-09-12,27.6,89.0,17.5,12.0,971.2,Low Risk,Karnal (Haryana)
2024-09-13,28.2,91.0,70.9,18.2,970.9,Low Risk,Karnal (Haryana)
2024-09-14,29.8,89.0,2.6,10.2,973.3,Low Risk,Karnal (Haryana)
2024-09-15,30.2,87.0,10.2,12.1,973.9,Low Risk,Karnal (Haryana)
2024-09-16,32.1,78.0,0.0,13.6,975.1,Low Risk,Karnal (Haryana)
2024-09-17,32.2,77.0,0.0,13.6,976.6,Low Risk,Karnal (Haryana)
2024-09-18,29.2,84.0,1.3,14.3,976.2,Low Risk,Karnal (Haryana)
2024-09-19,31.6,79.0,7.2,14.8,976.2,Low Risk,Karnal (Haryana)
2024-09-20,31.8,81.0,0.0,5.6,976.0,Low Risk,Karnal (Haryana)
2024-09-21,32.4,80.0,0.0,7.7,977.1,Low Risk,Karnal (Haryana)
2024-09-22,33.0,79.0,0.0,9.7,976.5,Low Risk,Karnal (Haryana)
2024-09-23,33.5,79.0,0.0,8.9,975.8,Low Risk,Karnal (Haryana)
2024-09-24,33.8,77.0,0.0,6.1,974.9,Low Risk,Karnal (Haryana)
2024-09-25,32.4,82.0,1.1,16.4,975.4,Low Risk,Karnal (Haryana)
2024-09-26,29.7,84.0,0.8,13.8,975.7,Low Risk,Karnal (Haryana)
2024-09-27,30.8,84.0,0.4,10.0,975.1,Low Risk,Karnal (Haryana)
2024-09-28,30.7,81.0,0.2,8.1,976.8,Low Risk,Karnal (Haryana)
2024-09-29,31.2,78.0,0.1,9.6,979.6,Low Risk,Karnal (Haryana)
2024-09-30,32.2,74.0,0.0,15.2,978.3,Low Risk,Karnal (Haryana)
2024-10-01,32.8,72.0,0.0,14.3,975.4,Low Risk,Karnal (Haryana)
2023-01-01,21.7,85.0,0.0,9.5,1012.6,Low Risk,Patna (Bihar)
2023-01-02,21.1,86.0,0.0,11.2,1013.5,Low Risk,Patna (Bihar)
2023-01-03,20.1,84.0,0.0,9.8,1013.6,Low Risk,Patna (Bihar)
2023-01-04,18.6,84.0,0.0,11.0,1013.9,Low Risk,Patna (Bihar)
2023-01-05,18.5,85.0,0.0,10.8,1015.2,Low Risk,Patna (Bihar)
2023-01-06,18.6,85.0,0.0,15.6,1014.9,Low Risk,Patna (Bihar)
2023-01-07,17.3,86.0,0.0,13.4,1013.2,Low Risk,Patna (Bihar)
2023-01-08,18.5,84.0,0.0,11.7,1011.9,Low Risk,Patna (Bihar)
2023-01-09,18.4,89.0,0.0,10.2,1012.6,Low Risk,Patna (Bihar)
2023-01-10,18.2,90.0,0.0,12.2,1010.9,Low Risk,Patna (Bihar)
2023-01-11,19.2,90.0,0.0,13.9,1008.9,Low Risk,Patna (Bihar)
2023-01-12,19.1,91.0,0.0,8.8,1006.8,Low Risk,Patna (Bihar)
2023-01-13,21.5,87.0,0.0,7.7,1006.7,Low Risk,Patna (Bihar)
2023-01-14,23.9,82.0,0.0,13.7,1006.3,Low Risk,Patna (Bihar)
2023-01-15,20.6,76.0,0.0,21.6,1007.1,Low Risk,Patna (Bihar)
2023-01-16,18.4,75.0,0.0,15.0,1009.0,Low Risk,Patna (Bihar)
2023-01-17,18.1,78.0,0.0,11.5,1009.6,Low Risk,Patna (Bihar)
2023-01-18,18.6,82.0,0.0,10.9,1011.6,Low Risk,Patna (Bihar)
2023-01-19,18.7,81.0,0.0,10.9,1012.1,Low Risk,Patna (Bihar)
2023-01-20,20.2,79.0,0.0,8.3,1010.5,Low Risk,Patna (Bihar)
2023-01-21,22.4,83.0,0.0,9.4,1008.7,Low Risk,Patna (Bihar)
2023-01-22,22.4,84.0,0.0,10.4,1008.3,Low Risk,Patna (Bihar)
2023-01-23,25.3,79.0,0.0,12.0,1007.5,Low Risk,Patna (Bihar)
2023-01-24,25.7,83.0,0.0,9.0,1007.9,Low Risk,Patna (Bihar)
2023-01-25,25.7,84.0,0.0,10.1,1007.4,Low Risk,Patna (Bihar)
2023-01-26,25.2,78.0,0.0,18.1,1007.5,Low Risk,Patna (Bihar)
2023-01-27,25.3,79.0,0.0,18.1,1007.7,Low Risk,Patna (Bihar)
2023-01-28,23.1,80.0,0.0,13.1,1007.8,Low Risk,Patna (Bihar)
2023-01-29,23.3,83.0,0.0,10.2,1008.2,Low Risk,Patna (Bihar)
2023-01-30,25.2,78.0,0.0,9.7,1009.0,Low Risk,Patna (Bihar)
2023-01-31,25.8,73.0,0.0,18.6,1007.3,Low Risk,Patna (Bihar)
2023-02-01,23.9,67.0,0.0,21.2,1007.8,Low Risk,Patna (Bihar)
2023-02-02,22.0,77.0,0.0,11.9,1008.7,Low Risk,Patna (Bihar)
2023-02-03,23.8,76.0,0.0,16.3,1007.8,Low Risk,Patna (Bihar)
2023-02-04,24.3,71.0,0.0,17.7,1005.8,Low Risk,Patna (Bihar)
2023-02-05,25.8,70.0,0.0,16.1,1005.3,Low Risk,Patna (Bihar)
2023-02-06,25.4,68.0,0.0,14.8,1005.2,Low Risk,Patna (Bihar)
2023-02-07,26.5,73.0,0.0,9.4,1003.3,Low Risk,Patna (Bihar)
2023-02-08,26.1,66.0,0.0,17.1,1005.2,Low Risk,Patna (Bihar)
2023-02-09,24.9,62.0,0.0,11.4,1006.5,Low Risk,Patna (Bihar)
2023-02-10,26.6,69.0,0.0,10.8,1006.3,Low Risk,Patna (Bihar)
2023-02-11,28.4,68.0,0.0,9.8,1005.0,Low Risk,Patna (Bihar)
2023-02-12,27.6,51.0,0.0,30.2,1006.0,Low Risk,Patna (Bihar)
2023-02-13,23.4,40.0,0.0,25.2,1006.7,Low Risk,Patna (Bihar)
2023-02-14,23.6,59.0,0.0,11.6,1007.7,Low Risk,Patna (Bihar)
2023-02-15,24.5,62.0,0.0,8.9,1005.9,Low Risk,Patna (Bihar)
2023-02-16,26.2,64.0,0.0,10.5,1007.0,Low Risk,Patna (Bihar)
2023-02-17,28.3,64.0,0.0,10.5,1008.0,Low Risk,Patna (Bihar)
2023-02-18,29.4,62.0,0.0,8.7,1007.7,Low Risk,Patna (Bihar)
2023-02-19,29.9,65.0,0.0,9.5,1006.8,Low Risk,Patna (Bihar)
2023-02-20,29.6,66.0,0.0,13.6,1005.6,Low Risk,Patna (Bihar)
2023-02-21,31.0,65.0,0.0,9.8,1005.1,Low Risk,Patna (Bihar)
2023-02-22,32.5,58.0,0.0,20.3,1003.4,Low Risk,Patna (Bihar)
2023-02-23,31.9,45.0,0.0,22.5,1004.2,Low Risk,Patna (Bihar)
2023-02-24,30.7,49.0,0.0,15.0,1006.8,Low Risk,Patna (Bihar)
2023-02-25,29.5,52.0,0.0,11.6,1009.7,Low Risk,Patna (Bihar)
2023-02-26,29.4,55.0,0.0,11.8,1010.8,Low Risk,Patna (Bihar)
2023-02-27,30.3,53.0,0.0,13.5,1010.1,Low Risk,Patna (Bihar)
2023-02-28,31.6,56.0,0.0,16.8,1009.9,Low Risk,Patna (Bihar)
2023-03-01,32.5,54.0,0.0,13.8,1010.2,Low Risk,Patna (Bihar)
2023-03-02,32.8,46.0,0.0,21.1,1009.8,Low Risk,Patna (Bihar)
2023-03-03,33.2,44.0,0.0,23.1,1009.6,Low Risk,Patna (Bihar)
2023-03-04,32.9,44.0,0.0,20.3,1009.7,Low Risk,Patna (Bihar)
2023-03-05,33.2,46.0,0.0,23.7,1008.9,Low Risk,Patna (Bihar)
2023-03-06,32.8,40.0,0.0,23.7,1007.4,Low Risk,Patna (Bihar)
2023-03-07,32.1,42.0,0.0,18.4,1008.1,Low Risk,Patna (Bihar)
2023-03-08,26.2,61.0,6.4,23.7,1010.1,Low Risk,Patna (Bihar)
2023-03-09,31.6,58.0,0.0,13.8,1008.6,Low Risk,Patna (Bihar)
2023-03-10,32.3,51.0,0.0,11.2,1007.7,Low Risk,Patna (Bihar)
2023-03-11,31.0,51.0,0.0,15.3,1007.9,Low Risk,Patna (Bihar)
2023-03-12,32.0,50.0,0.0,10.4,1007.4,Low Risk,Patna (Bihar)
2023-03-13,32.4,50.0,0.0,10.2,1005.7,Low Risk,Patna (Bihar)
2023-03-14,32.2,54.0,0.0,15.9,1003.0,Low Risk,Patna (Bihar)
2023-03-15,33.7,47.0,0.0,16.9,1002.2,Low Risk,Patna (Bihar)
2023-03-16,33.4,53.0,0.0,10.4,1003.9,Low Risk,Patna (Bihar)
2023-03-17,29.4,69.0,1.1,21.2,1005.6,Low Risk,Patna (Bihar)
2023-03-18,29.2,73.0,0.6,11.9,1003.9,Low Risk,Patna (Bihar)
2023-03-19,27.6,77.0,8.6,17.4,1002.4,Low Risk,Patna (Bihar)
2023-03-20,24.2,85.0,1.6,11.2,1001.6,Low Risk,Patna (Bihar)
2023-03-21,27.0,77.0,0.0,13.5,1002.3,Low Risk,Patna (Bihar)
2023-03-22,29.2,67.0,0.0,19.7,1001.7,Low Risk,Patna (Bihar)
2023-03-23,30.7,56.0,0.0,22.0,1001.5,Low Risk,Patna (Bihar)
2023-03-24,32.5,51.0,0.0,14.3,1002.4,Low Risk,Patna (Bihar)
2023-03-25,34.2,56.0,0.0,21.7,1003.3,Low Risk,Patna (Bihar)
2023-03-26,34.1,49.0,0.3,22.1,1001.8,Low Risk,Patna (Bihar)
2023-03-27,34.5,40.0,0.0,23.7,1001.2,Low Risk,Patna (Bihar)
2023-03-28,34.4,33.0,0.0,22.3,1002.0,Low Risk,Patna (Bihar)
2023-03-29,35.6,32.0,0.0,18.9,1002.9,Low Risk,Patna (Bihar)
2023-03-30,36.5,33.0,0.0,20.7,1000.7,Low Risk,Patna (Bihar)
2023-03-31,32.4,55.0,3.1,17.1,1001.7,Low Risk,Patna (Bihar)
2023-04-01,30.0,73.0,8.0,31.4,1001.8,Low Risk,Patna (Bihar)
2023-04-02,30.9,58.0,0.0,22.0,1000.2,Low Risk,Patna (Bihar)
2023-04-03,33.5,42.0,0.0,24.5,999.6,Low Risk,Patna (Bihar)
2023-04-04,36.3,38.0,0.0,23.3,999.6,Low Risk,Patna (Bihar)
2023-04-05,35.3,35.0,0.0,25.9,1000.8,Low Risk,Patna (Bihar)
2023-04-06,36.1,27.0,0.0,24.6,1002.8,Low Risk,Patna (Bihar)
2023-04-07,37.1,26.0,0.0,25.9,1004.6,Low Risk,Patna (Bihar)
2023-04-08,37.2,25.0,0.0,22.2,1006.1,Low Risk,Patna (Bihar)
2023-04-09,38.0,25.0,0.0,21.8,1005.3,Low Risk,Patna (Bihar)
2023-04-10,38.0,24.0,0.0,26.6,1003.4,Low Risk,Patna (Bihar)
2023-04-11,39.0,17.0,0.0,23.8,1002.8,Low Risk,Patna (Bihar)
2023-04-12,39.5,20.0,0.0,27.8,1001.8,Low Risk,Patna (Bihar)
2023-04-13,41.0,22.0,0.0,32.5,1000.5,Low Risk,Patna (Bihar)
2023-04-14,41.2,23.0,0.0,22.7,1000.3,Low Risk,Patna (Bihar)
2023-04-15,41.2,25.0,0.0,23.2,1000.7,Low Risk,Patna (Bihar)
2023-04-16,42.2,22.0,0.0,24.3,998.7,Drought Risk,Patna (Bihar)
2023-04-17,42.5,21.0,0.0,24.5,998.6,Drought Risk,Patna (Bihar)
2023-04-18,43.4,18.0,0.0,26.9,999.3,Drought Risk,Patna (Bihar)
2023-04-19,43.0,16.0,0.0,26.5,995.9,Drought Risk,Patna (Bihar)
2023-04-20,42.4,18.0,0.0,31.9,993.8,Drought Risk,Patna (Bihar)
2023-04-21,38.7,25.0,0.0,30.9,995.4,Low Risk,Patna (Bihar)
2023-04-22,37.2,33.0,0.0,23.1,997.1,Low Risk,Patna (Bihar)
2023-04-23,35.4,37.0,0.2,19.7,999.3,Low Risk,Patna (Bihar)
2023-04-24,34.1,55.0,0.3,23.3,1003.8,Low Risk,Patna (Bihar)
2023-04-25,33.6,52.0,0.0,9.7,1003.6,Low Risk,Patna (Bihar)
2023-04-26,36.1,41.0,0.0,16.6,1001.0,Low Risk,Patna (Bihar)
2023-04-27,35.5,43.0,0.0,18.4,1001.4,Low Risk,Patna (Bihar)
2023-04-28,37.1,42.0,0.0,17.4,1000.8,Low Risk,Patna (Bihar)
2023-04-29,36.8,37.0,0.0,19.5,1000.6,Low Risk,Patna (Bihar)
2023-04-30,33.9,62.0,5.6,15.3,1000.7,Low Risk,Patna (Bihar)
2023-05-01,30.4,74.0,3.6,15.2,1001.9,Low Risk,Patna (Bihar)
2023-05-02,30.7,72.0,3.0,13.8,1002.2,Low Risk,Patna (Bihar)
2023-05-03,31.2,72.0,2.3,7.9,1002.5,Low Risk,Patna (Bihar)
2023-05-04,31.3,72.0,0.9,15.9,1001.7,Low Risk,Patna (Bihar)
2023-05-05,33.8,58.0,0.0,17.6,999.5,Low Risk,Patna (Bihar)
2023-05-06,35.7,45.0,0.0,20.4,997.7,Low Risk,Patna (Bihar)
2023-05-07,38.3,35.0,0.0,25.6,997.2,Low Risk,Patna (Bihar)
2023-05-08,39.0,31.0,0.0,24.3,997.4,Low Risk,Patna (Bihar)
2023-05-09,40.2,34.0,0.0,22.1,997.4,Low Risk,Patna (Bihar)
2023-05-10,38.7,25.0,0.0,23.9,997.7,Low Risk,Patna (Bihar)
2023-05-11,38.8,31.0,0.0,15.1,999.3,Low Risk,Patna (Bihar)
2023-05-12,38.0,35.0,0.0,11.6,999.0,Low Risk,Patna (Bihar)
2023-05-13,37.9,46.0,0.3,15.0,998.3,Low Risk,Patna (Bihar)
2023-05-14,39.6,37.0,0.0,19.6,994.5,Low Risk,Patna (Bihar)
2023-05-15,38.4,45.0,0.7,20.2,994.6,Low Risk,Patna (Bihar)
2023-05-16,41.4,43.0,0.0,25.3,995.8,Low Risk,Patna (Bihar)
2023-05-17,39.4,54.0,0.0,25.2,998.4,Low Risk,Patna (Bihar)
2023-05-18,36.2,60.0,1.0,18.0,999.7,Low Risk,Patna (Bihar)
2023-05-19,39.5,53.0,0.0,22.1,997.7,Low Risk,Patna (Bihar)
2023-05-20,41.1,46.0,0.0,24.6,996.7,Low Risk,Patna (Bihar)
2023-05-21,40.7,52.0,0.0,19.8,997.5,Low Risk,Patna (Bihar)
2023-05-22,39.0,57.0,0.1,22.3,998.7,Low Risk,Patna (Bihar)
2023-05-23,32.3,68.0,2.6,34.0,999.9,Low Risk,Patna (Bihar)
2023-05-24,34.0,67.0,6.1,18.7,998.4,Low Risk,Patna (Bihar)
2023-05-25,39.4,60.0,0.3,19.6,997.6,Low Risk,Patna (Bihar)
2023-05-26,34.0,70.0,19.6,14.9,999.3,Low Risk,Patna (Bihar)
2023-05-27,35.0,65.0,0.1,7.4,998.8,Low Risk,Patna (Bihar)
2023-05-28,35.7,57.0,0.0,17.1,999.8,Low Risk,Patna (Bihar)
2023-05-29,36.7,57.0,0.4,13.0,1000.4,Low Risk,Patna (Bihar)
2023-05-30,38.8,49.0,0.0,12.5,999.2,Low Risk,Patna (Bihar)
2023-05-31,40.1,41.0,0.0,24.5,997.6,Low Risk,Patna (Bihar)
2023-06-01,39.7,33.0,0.0,25.8,996.4,Low Risk,Patna (Bihar)
2023-06-02,40.7,33.0,0.0,25.8,995.9,Low Risk,Patna (Bihar)
2023-06-03,41.3,31.0,0.0,22.2,996.7,Low Risk,Patna (Bihar)
2023-06-04,41.6,32.0,0.0,21.6,996.2,Low Risk,Patna (Bihar)
2023-06-05,40.6,34.0,0.0,18.1,995.4,Low Risk,Patna (Bihar)
2023-06-06,41.4,36.0,0.0,17.6,994.4,Low Risk,Patna (Bihar)
2023-06-07,41.2,32.0,0.0,18.7,994.0,Low Risk,Patna (Bihar)
2023-06-08,42.3,25.0,0.0,21.5,993.5,Low Risk,Patna (Bihar)
2023-06-09,42.6,26.0,0.0,21.0,991.3,Low Risk,Patna (Bihar)
2023-06-10,42.3,43.0,0.0,19.4,990.4,Low Risk,Patna (Bihar)
2023-06-11,41.3,46.0,0.0,24.0,989.8,Low Risk,Patna (Bihar)
2023-06-12,42.3,48.0,0.0,19.5,990.1,Low Risk,Patna (Bihar)
2023-06-13,42.5,49.0,0.0,29.0,989.1,Low Risk,Patna (Bihar)
2023-06-14,44.2,37.0,0.0,34.8,989.1,Low Risk,Patna (Bihar)
2023-06-15,42.9,28.0,0.0,37.0,989.6,Low Risk,Patna (Bihar)
2023-06-16,42.9,31.0,0.0,31.5,990.7,Low Risk,Patna (Bihar)
2023-06-17,43.3,31.0,0.0,25.4,991.8,Low Risk,Patna (Bihar)
2023-06-18,44.1,46.0,0.1,24.7,992.5,Low Risk,Patna (Bihar)
2023-06-19,41.7,53.0,0.0,18.8,992.2,Low Risk,Patna (Bihar)
2023-06-20,38.7,61.0,8.9,21.1,992.5,Low Risk,Patna (Bihar)
2023-06-21,38.9,63.0,4.1,17.4,993.2,Low Risk,Patna (Bihar)
2023-06-22,35.4,72.0,2.3,16.5,994.1,Low Risk,Patna (Bihar)
2023-06-23,36.8,68.0,0.4,17.3,993.9,Low Risk,Patna (Bihar)
2023-06-24,36.8,64.0,2.9,22.5,993.2,Low Risk,Patna (Bihar)
2023-06-25,36.9,65.0,6.0,24.8,993.1,Low Risk,Patna (Bihar)
2023-06-26,36.2,63.0,0.9,30.2,992.8,Low Risk,Patna (Bihar)
2023-06-27,35.3,70.0,2.3,31.3,992.7,Low Risk,Patna (Bihar)
2023-06-28,35.6,74.0,2.6,26.0,994.4,Low Risk,Patna (Bihar)
2023-06-29,32.1,87.0,36.4,18.9,994.6,Low Risk,Patna (Bihar)
2023-06-30,34.2,86.0,18.2,18.3,994.8,Low Risk,Patna (Bihar)
2023-07-01,33.8,83.0,11.9,9.7,994.9,Low Risk,Patna (Bihar)
2023-07-02,33.7,86.0,36.6,12.9,994.5,Low Risk,Patna (Bihar)
2023-07-03,33.1,85.0,23.5,11.2,994.6,Low Risk,Patna (Bihar)
2023-07-04,32.8,85.0,49.4,15.2,993.8,Low Risk,Patna (Bihar)
2023-07-05,32.4,86.0,19.8,18.4,993.3,Low Risk,Patna (Bihar)
2023-07-06,35.0,78.0,1.9,20.3,994.1,Low Risk,Patna (Bihar)
2023-07-07,32.5,84.0,5.1,23.9,995.0,Low Risk,Patna (Bihar)
2023-07-08,34.3,79.0,6.9,22.1,996.4,Low Risk,Patna (Bihar)
2023-07-09,34.6,77.0,0.9,14.8,995.4,Low Risk,Patna (Bihar)
2023-07-10,35.0,80.0,11.6,11.2,995.0,Low Risk,Patna (Bihar)
2023-07-11,33.9,81.0,2.5,11.1,994.5,Low Risk,Patna (Bihar)
2023-07-12,32.9,84.0,6.8,14.2,994.8,Low Risk,Patna (Bihar)
2023-07-13,33.9,81.0,17.8,13.4,995.1,Low Risk,Patna (Bihar)
2023-07-14,31.8,87.0,14.5,13.5,995.6,Low Risk,Patna (Bihar)
2023-07-15,32.0,87.0,31.6,13.0,995.1,Low Risk,Patna (Bihar)
2023-07-16,34.3,76.0,4.5,19.1,993.9,Low Risk,Patna (Bihar)
2023-07-17,33.4,73.0,1.3,23.1,993.2,Low Risk,Patna (Bihar)
2023-07-18,34.5,72.0,0.5,21.4,993.3,Low Risk,Patna (Bihar)
2023-07-19,35.9,68.0,0.0,22.6,992.1,Low Risk,Patna (Bihar)
2023-07-20,36.2,67.0,0.0,20.2,992.1,Low Risk,Patna (Bihar)
2023-07-21,36.2,69.0,1.2,24.4,994.8,Low Risk,Patna (Bihar)
2023-07-22,35.5,70.0,2.7,25.4,997.7,Low Risk,Patna (Bihar)
2023-07-23,36.4,65.0,0.1,21.9,997.2,Low Risk,Patna (Bihar)
2023-07-24,36.5,63.0,0.0,16.2,995.4,Low Risk,Patna (Bihar)
2023-07-25,35.2,66.0,0.0,17.1,996.0,Low Risk,Patna (Bihar)
2023-07-26,36.6,64.0,0.0,19.5,996.0,Low Risk,Patna (Bihar)
2023-07-27,36.3,66.0,1.3,20.6,994.6,Low Risk,Patna (Bihar)
2023-07-28,36.1,66.0,1.6,17.3,992.1,Low Risk,Patna (Bihar)
2023-07-29,35.0,76.0,3.0,14.4,992.3,Low Risk,Patna (Bihar)
2023-07-30,32.3,84.0,25.5,10.3,992.3,Low Risk,Patna (Bihar)
2023-07-31,35.5,78.0,8.9,11.2,991.0,Low Risk,Patna (Bihar)
2023-08-01,35.0,84.0,33.7,12.0,989.8,Low Risk,Patna (Bihar)
2023-08-02,33.9,77.0,8.0,30.4,988.5,Low Risk,Patna (Bihar)
2023-08-03,33.3,76.0,6.2,30.3,989.6,Low Risk,Patna (Bihar)
2023-08-04,34.1,73.0,1.6,22.8,992.7,Low Risk,Patna (Bihar)
2023-08-05,33.1,79.0,2.7,13.3,994.1,Low Risk,Patna (Bihar)
2023-08-06,32.0,87.0,22.2,13.0,992.0,Low Risk,Patna (Bihar)
2023-08-07,29.2,92.0,42.6,16.8,991.0,Low Risk,Patna (Bihar)
2023-08-08,30.5,85.0,12.9,14.8,992.7,Low Risk,Patna (Bihar)
2023-08-09,30.5,87.0,51.2,24.9,995.4,Low Risk,Patna (Bihar)
2023-08-10,32.2,84.0,9.3,18.0,996.6,Low Risk,Patna (Bihar)
2023-08-11,32.3,85.0,3.5,20.1,996.3,Low Risk,Patna (Bihar)
2023-08-12,33.7,80.0,8.4,22.1,994.6,Low Risk,Patna (Bihar)
2023-08-13,32.5,79.0,1.3,16.1,995.6,Low Risk,Patna (Bihar)
2023-08-14,33.2,85.0,0.8,12.0,997.2,Low Risk,Patna (Bihar)
2023-08-15,33.9,82.0,3.0,12.4,996.8,Low Risk,Patna (Bihar)
2023-08-16,34.1,79.0,0.1,14.5,996.0,Low Risk,Patna (Bihar)
2023-08-17,33.4,85.0,15.0,13.4,996.1,Low Risk,Patna (Bihar)
2023-08-18,33.1,85.0,7.6,17.5,995.6,Low Risk,Patna (Bihar)
2023-08-19,33.9,75.0,0.9,24.3,996.1,Low Risk,Patna (Bihar)
2023-08-20,34.2,74.0,0.8,17.4,996.9,Low Risk,Patna (Bihar)
2023-08-21,33.2,82.0,4.1,12.6,996.0,Low Risk,Patna (Bihar)
2023-08-22,32.9,87.0,17.8,12.7,995.9,Low Risk,Patna (Bihar)
2023-08-23,32.2,89.0,20.5,10.9,994.9,Low Risk,Patna (Bihar)
2023-08-24,30.5,91.0,29.1,17.4,993.0,Low Risk,Patna (Bihar)
2023-08-25,32.3,83.0,5.4,17.5,993.4,Low Risk,Patna (Bihar)
2023-08-26,31.6,85.0,17.8,21.3,993.7,Low Risk,Patna (Bihar)
2023-08-27,33.6,71.0,0.1,24.8,993.7,Low Risk,Patna (Bihar)
2023-08-28,33.0,70.0,0.2,19.2,994.7,Low Risk,Patna (Bihar)
2023-08-29,33.1,78.0,0.5,16.1,996.6,Low Risk,Patna (Bihar)
2023-08-30,33.8,79.0,0.4,11.5,997.9,Low Risk,Patna (Bihar)
2023-08-31,34.1,79.0,0.5,9.4,998.3,Low Risk,Patna (Bihar)
2023-09-01,34.7,78.0,1.2,13.6,997.7,Low Risk,Patna (Bihar)
2023-09-02,33.3,83.0,14.3,15.5,996.4,Low Risk,Patna (Bihar)
2023-09-03,34.8,85.0,8.9,14.3,995.3,Low Risk,Patna (Bihar)
2023-09-04,31.8,90.0,21.2,18.4,995.0,Low Risk,Patna (Bihar)
2023-09-05,32.4,86.0,1.8,15.3,995.4,Low Risk,Patna (Bihar)
2023-09-06,33.9,84.0,2.9,16.4,996.0,Low Risk,Patna (Bihar)
2023-09-07,33.2,81.0,5.2,22.3,996.1,Low Risk,Patna (Bihar)
2023-09-08,29.6,88.0,21.9,27.2,996.2,Low Risk,Patna (Bihar)
2023-09-09,30.9,90.0,19.7,18.9,996.4,Low Risk,Patna (Bihar)
2023-09-10,32.6,87.0,5.8,14.3,994.8,Low Risk,Patna (Bihar)
2023-09-11,34.3,81.0,0.0,10.9,993.9,Low Risk,Patna (Bihar)
2023-09-12,33.6,81.0,4.9,12.7,994.4,Low Risk,Patna (Bihar)
2023-09-13,32.2,86.0,3.4,14.8,995.1,Low Risk,Patna (Bihar)
2023-09-14,33.6,80.0,0.6,24.9,995.7,Low Risk,Patna (Bihar)
2023-09-15,32.2,79.0,10.2,26.2,997.0,Low Risk,Patna (Bihar)
2023-09-16,32.4,84.0,8.2,14.7,997.8,Low Risk,Patna (Bihar)
2023-09-17,32.7,86.0,5.6,18.2,997.2,Low Risk,Patna (Bihar)
2023-09-18,32.9,85.0,8.1,9.0,997.0,Low Risk,Patna (Bihar)
2023-09-19,32.4,83.0,3.6,15.5,998.6,Low Risk,Patna (Bihar)
2023-09-20,31.9,80.0,1.9,18.0,998.6,Low Risk,Patna (Bihar)
2023-09-21,30.4,87.0,17.2,20.8,998.0,Low Risk,Patna (Bihar)
2023-09-22,28.0,94.0,25.7,23.9,997.9,Low Risk,Patna (Bihar)
2023-09-23,29.4,92.0,16.7,16.4,998.0,Low Risk,Patna (Bihar)
2023-09-24,29.8,90.0,2.1,12.7,997.7,Low Risk,Patna (Bihar)
2023-09-25,30.6,89.0,7.2,16.1,999.0,Low Risk,Patna (Bihar)
2023-09-26,30.8,89.0,16.5,13.0,999.8,Low Risk,Patna (Bihar)
2023-09-27,32.6,84.0,0.5,5.5,999.1,Low Risk,Patna (Bihar)
2023-09-28,32.4,87.0,0.6,8.6,998.8,Low Risk,Patna (Bihar)
2023-09-29,33.4,85.0,8.2,9.0,998.4,Low Risk,Patna (Bihar)
2023-09-30,32.4,90.0,13.1,14.2,998.2,Low Risk,Patna (Bihar)
2023-10-01,30.7,91.0,34.2,19.8,997.1,Low Risk,Patna (Bihar)
2023-10-02,31.9,88.0,12.4,20.2,997.3,Low Risk,Patna (Bihar)
2023-10-03,31.3,89.0,24.8,22.7,998.2,Low Risk,Patna (Bihar)
2023-10-04,26.4,94.0,39.9,19.7,998.4,Low Risk,Patna (Bihar)
2023-10-05,30.2,86.0,2.8,19.0,997.9,Low Risk,Patna (Bihar)
2023-10-06,31.6,83.0,0.3,7.6,998.9,Low Risk,Patna (Bihar)
2023-10-07,31.3,86.0,0.0,9.1,1000.3,Low Risk,Patna (Bihar)
2023-10-08,32.6,82.0,1.2,14.4,1000.8,Low Risk,Patna (Bihar)
2023-10-09,33.5,79.0,0.0,18.9,1001.4,Low Risk,Patna (Bihar)
2023-10-10,33.7,79.0,0.0,13.2,1002.3,Low Risk,Patna (Bihar)
2023-10-11,33.0,79.0,0.9,13.3,1002.5,Low Risk,Patna (Bihar)
2023-10-12,33.5,70.0,0.0,10.0,1004.5,Low Risk,Patna (Bihar)
2023-10-13,33.0,70.0,0.0,10.5,1005.2,Low Risk,Patna (Bihar)
2023-10-14,31.7,77.0,0.0,12.6,1004.6,Low Risk,Patna (Bihar)
2023-10-15,31.9,77.0,0.0,13.0,1002.9,Low Risk,Patna (Bihar)
2023-10-16,30.6,82.0,0.4,15.5,1004.2,Low Risk,Patna (Bihar)
2023-10-17,29.7,84.0,0.9,17.8,1006.0,Low Risk,Patna (Bihar)
2023-10-18,29.9,78.0,0.0,10.5,1006.6,Low Risk,Patna (Bihar)
2023-10-19,30.3,75.0,0.0,10.4,1006.9,Low Risk,Patna (Bihar)
2023-10-20,30.0,71.0,0.0,9.6,1007.7,Low Risk,Patna (Bihar)
2023-10-21,30.0,66.0,0.0,8.8,1008.3,Low Risk,Patna (Bihar)
2023-10-22,29.9,65.0,0.0,9.0,1008.0,Low Risk,Patna (Bihar)
2023-10-23,29.9,67.0,0.0,9.3,1006.5,Low Risk,Patna (Bihar)
2023-10-24,30.2,67.0,1.0,9.2,1005.6,Low Risk,Patna (Bihar)
2023-10-25,30.2,69.0,1.2,11.1,1006.1,Low Risk,Patna (Bihar)
2023-10-26,30.1,66.0,0.0,10.0,1006.3,Low Risk,Patna (Bihar)
2023-10-27,29.9,67.0,0.0,8.0,1005.9,Low Risk,Patna (Bihar)
2023-10-28,30.6,68.0,0.0,9.2,1006.6,Low Risk,Patna (Bihar)
2023-10-29,30.1,65.0,0.0,10.5,1006.8,Low Risk,Patna (Bihar)
2023-10-30,30.0,70.0,0.0,8.4,1007.2,Low Risk,Patna (Bihar)
2023-10-31,30.9,71.0,0.0,8.3,1008.3,Low Risk,Patna (Bihar)
2023-11-01,31.1,69.0,0.0,8.4,1008.2,Low Risk,Patna (Bihar)
2023-11-02,30.7,73.0,0.0,8.6,1006.6,Low Risk,Patna (Bihar)
2023-11-03,30.1,70.0,0.0,8.3,1004.8,Low Risk,Patna (Bihar)
2023-11-04,30.3,65.0,0.0,10.1,1004.9,Low Risk,Patna (Bihar)
2023-11-05,30.3,63.0,0.0,9.9,1007.1,Low Risk,Patna (Bihar)
2023-11-06,30.1,59.0,0.0,11.4,1008.2,Low Risk,Patna (Bihar)
2023-11-07,29.1,69.0,0.0,9.8,1007.4,Low Risk,Patna (Bihar)
2023-11-08,29.0,75.0,0.0,12.0,1006.5,Low Risk,Patna (Bihar)
2023-11-09,29.5,74.0,0.0,10.0,1006.8,Low Risk,Patna (Bihar)
2023-11-10,29.4,76.0,0.0,10.5,1008.4,Low Risk,Patna (Bihar)
2023-11-11,29.5,78.0,0.0,10.9,1008.9,Low Risk,Patna (Bihar)
2023-11-12,28.3,78.0,0.0,9.4,1009.6,Low Risk,Patna (Bihar)
2023-11-13,28.5,73.0,0.0,10.1,1009.8,Low Risk,Patna (Bihar)
2023-11-14,28.2,72.0,0.0,9.6,1009.4,Low Risk,Patna (Bihar)
2023-11-15,28.1,71.0,0.0,9.2,1009.3,Low Risk,Patna (Bihar)
2023-11-16,28.8,69.0,0.0,9.1,1009.8,Low Risk,Patna (Bihar)
2023-11-17,29.4,75.0,0.2,9.8,1008.5,Low Risk,Patna (Bihar)
2023-11-18,28.9,74.0,0.0,9.1,1008.4,Low Risk,Patna (Bihar)
2023-11-19,29.3,74.0,0.0,8.4,1009.5,Low Risk,Patna (Bihar)
2023-11-20,29.0,68.0,0.0,11.8,1009.3,Low Risk,Patna (Bihar)
2023-11-21,27.7,69.0,0.0,15.0,1007.7,Low Risk,Patna (Bihar)
2023-11-22,26.4,71.0,0.0,11.0,1006.9,Low Risk,Patna (Bihar)
2023-11-23,26.6,72.0,0.0,8.4,1007.0,Low Risk,Patna (Bihar)
2023-11-24,26.1,68.0,0.0,7.9,1008.2,Low Risk,Patna (Bihar)
2023-11-25,26.3,73.0,0.0,9.8,1009.8,Low Risk,Patna (Bihar)
2023-11-26,27.2,72.0,0.0,8.3,1010.5,Low Risk,Patna (Bihar)
2023-11-27,26.9,73.0,0.0,7.0,1008.9,Low Risk,Patna (Bihar)
2023-11-28,26.2,74.0,0.1,9.8,1007.6,Low Risk,Patna (Bihar)
2023-11-29,27.4,78.0,0.0,8.4,1008.2,Low Risk,Patna (Bihar)
2023-11-30,26.1,79.0,0.0,11.9,1009.3,Low Risk,Patna (Bihar)
2023-12-01,25.0,85.0,0.8,8.9,1009.1,Low Risk,Patna (Bihar)
2023-12-02,27.2,84.0,0.0,7.9,1008.8,Low Risk,Patna (Bihar)
2023-12-03,29.0,79.0,0.0,11.6,1008.7,Low Risk,Patna (Bihar)
2023-12-04,27.8,73.0,0.0,8.5,1007.4,Low Risk,Patna (Bihar)
2023-12-05,24.4,72.0,0.0,10.0,1006.9,Low Risk,Patna (Bihar)
2023-12-06,24.3,79.0,0.1,11.7,1008.9,Low Risk,Patna (Bihar)
2023-12-07,21.9,88.0,9.0,7.1,1007.7,Low Risk,Patna (Bihar)
2023-12-08,24.5,85.0,0.0,13.6,1007.1,Low Risk,Patna (Bihar)
2023-12-09,25.7,73.0,0.0,17.8,1007.8,Low Risk,Patna (Bihar)
2023-12-10,24.0,65.0,0.0,16.7,1006.9,Low Risk,Patna (Bihar)
2023-12-11,23.3,71.0,0.0,11.7,1008.5,Low Risk,Patna (Bihar)
2023-12-12,23.2,75.0,0.0,10.1,1007.0,Low Risk,Patna (Bihar)
2023-12-13,23.0,69.0,0.0,17.5,1008.0,Low Risk,Patna (Bihar)
2023-12-14,23.6,75.0,0.0,13.1,1009.9,Low Risk,Patna (Bihar)
2023-12-15,23.1,73.0,0.0,10.7,1011.0,Low Risk,Patna (Bihar)
2023-12-16,23.0,71.0,0.0,12.4,1009.6,Low Risk,Patna (Bihar)
2023-12-17,23.4,71.0,0.0,10.8,1009.9,Low Risk,Patna (Bihar)
2023-12-18,22.6,66.0,0.0,13.8,1010.7,Low Risk,Patna (Bihar)
2023-12-19,22.2,73.0,0.0,10.2,1011.7,Low Risk,Patna (Bihar)
2023-12-20,22.6,66.0,0.0,11.7,1011.3,Low Risk,Patna (Bihar)
2023-12-21,22.8,72.0,0.0,10.1,1009.9,Low Risk,Patna (Bihar)
2023-12-22,23.4,73.0,0.0,8.5,1010.0,Low Risk,Patna (Bihar)
2023-12-23,25.0,76.0,0.0,7.6,1011.6,Low Risk,Patna (Bihar)
2023-12-24,25.2,78.0,0.0,10.2,1012.2,Low Risk,Patna (Bihar)
2023-12-25,25.3,77.0,0.0,9.4,1011.3,Low Risk,Patna (Bihar)
2023-12-26,25.2,75.0,0.0,8.5,1011.5,Low Risk,Patna (Bihar)
2023-12-27,24.7,76.0,0.0,9.8,1012.1,Low Risk,Patna (Bihar)
2023-12-28,24.4,77.0,0.0,9.1,1011.1,Low Risk,Patna (Bihar)
2023-12-29,24.2,79.0,0.0,9.4,1011.3,Low Risk,Patna (Bihar)
2023-12-30,23.4,82.0,0.0,10.4,1010.4,Low Risk,Patna (Bihar)
2023-12-31,21.6,84.0,0.0,8.3,1010.6,Low Risk,Patna (Bihar)
2024-01-01,19.6,86.0,0.0,9.7,1010.5,Low Risk,Patna (Bihar)
2024-01-02,21.9,81.0,0.0,9.0,1009.9,Low Risk,Patna (Bihar)
2024-01-03,22.1,86.0,0.0,7.3,1009.5,Low Risk,Patna (Bihar)
2024-01-04,22.8,84.0,0.0,8.5,1009.2,Low Risk,Patna (Bihar)
2024-01-05,23.6,87.0,0.0,9.4,1009.9,Low Risk,Patna (Bihar)
2024-01-06,21.2,91.0,0.9,8.2,1010.7,Low Risk,Patna (Bihar)
2024-01-07,23.4,85.0,0.1,11.4,1011.5,Low Risk,Patna (Bihar)
2024-01-08,22.5,84.0,0.0,12.3,1011.6,Low Risk,Patna (Bihar)
2024-01-09,23.3,84.0,0.0,10.8,1010.3,Low Risk,Patna (Bihar)
2024-01-10,22.7,76.0,0.0,16.2,1008.8,Low Risk,Patna (Bihar)
2024-01-11,20.3,81.0,0.0,12.0,1010.9,Low Risk,Patna (Bihar)
2024-01-12,19.7,83.0,0.0,11.9,1010.5,Low Risk,Patna (Bihar)
2024-01-13,19.4,84.0,0.0,11.1,1009.9,Low Risk,Patna (Bihar)
2024-01-14,19.7,86.0,0.0,9.4,1009.3,Low Risk,Patna (Bihar)
2024-01-15,19.4,89.0,0.0,9.0,1009.0,Low Risk,Patna (Bihar)
2024-01-16,19.9,82.0,0.0,8.0,1008.2,Low Risk,Patna (Bihar)
2024-01-17,20.7,89.0,0.0,10.4,1007.9,Low Risk,Patna (Bihar)
2024-01-18,19.7,87.0,0.0,7.8,1008.9,Low Risk,Patna (Bihar)
2024-01-19,18.9,82.0,0.0,9.2,1011.0,Low Risk,Patna (Bihar)
2024-01-20,19.2,82.0,0.0,9.5,1010.7,Low Risk,Patna (Bihar)
2024-01-21,17.7,85.0,0.0,12.3,1010.3,Low Risk,Patna (Bihar)
2024-01-22,18.6,89.0,0.0,9.8,1012.3,Low Risk,Patna (Bihar)
2024-01-23,18.5,89.0,0.0,10.9,1010.6,Low Risk,Patna (Bihar)
2024-01-24,19.4,90.0,0.0,10.0,1010.9,Low Risk,Patna (Bihar)
2024-01-25,18.9,84.0,0.0,10.0,1013.0,Low Risk,Patna (Bihar)
2024-01-26,20.0,85.0,0.0,10.3,1013.7,Low Risk,Patna (Bihar)
2024-01-27,20.7,79.0,0.0,11.0,1012.8,Low Risk,Patna (Bihar)
2024-01-28,20.9,78.0,0.0,9.2,1012.4,Low Risk,Patna (Bihar)
2024-01-29,21.9,82.0,0.0,8.9,1010.6,Low Risk,Patna (Bihar)
2024-01-30,22.3,81.0,0.0,9.2,1009.6,Low Risk,Patna (Bihar)
2024-01-31,23.1,80.0,0.0,10.7,1009.4,Low Risk,Patna (Bihar)
2024-02-01,24.1,75.0,0.0,10.1,1009.5,Low Risk,Patna (Bihar)
2024-02-02,23.7,71.0,0.0,17.3,1008.5,Low Risk,Patna (Bihar)
2024-02-03,23.4,66.0,0.0,19.4,1008.7,Low Risk,Patna (Bihar)
2024-02-04,23.8,65.0,0.0,13.2,1010.5,Low Risk,Patna (Bihar)
2024-02-05,20.5,88.0,5.8,13.8,1010.4,Low Risk,Patna (Bihar)
2024-02-06,23.2,84.0,0.1,16.6,1010.0,Low Risk,Patna (Bihar)
2024-02-07,21.8,66.0,0.0,20.3,1010.1,Low Risk,Patna (Bihar)
2024-02-08,20.2,64.0,0.0,20.2,1009.8,Low Risk,Patna (Bihar)
2024-02-09,20.6,73.0,0.0,10.5,1012.7,Low Risk,Patna (Bihar)
2024-02-10,22.3,75.0,0.0,10.5,1013.0,Low Risk,Patna (Bihar)
2024-02-11,23.4,72.0,0.0,10.1,1012.8,Low Risk,Patna (Bihar)
2024-02-12,25.4,70.0,0.0,9.4,1012.2,Low Risk,Patna (Bihar)
2024-02-13,24.8,81.0,1.4,11.2,1011.2,Low Risk,Patna (Bihar)
2024-02-14,23.4,90.0,4.7,13.7,1010.1,Low Risk,Patna (Bihar)
2024-02-15,24.6,85.0,0.0,10.3,1011.3,Low Risk,Patna (Bihar)
2024-02-16,25.4,80.0,0.0,10.0,1011.6,Low Risk,Patna (Bihar)
2024-02-17,25.8,74.0,0.0,15.8,1007.6,Low Risk,Patna (Bihar)
2024-02-18,25.4,74.0,0.0,10.9,1007.0,Low Risk,Patna (Bihar)
2024-02-19,26.5,72.0,0.0,10.8,1006.9,Low Risk,Patna (Bihar)
2024-02-20,28.3,71.0,0.0,10.5,1004.1,Low Risk,Patna (Bihar)
2024-02-21,27.9,74.0,0.1,22.6,1002.9,Low Risk,Patna (Bihar)
2024-02-22,25.2,79.0,7.4,13.2,1004.4,Low Risk,Patna (Bihar)
2024-02-23,25.4,66.0,0.0,15.0,1007.1,Low Risk,Patna (Bihar)
2024-02-24,24.1,50.0,0.0,11.4,1009.1,Low Risk,Patna (Bihar)
2024-02-25,25.4,58.0,0.0,10.7,1009.6,Low Risk,Patna (Bihar)
2024-02-26,26.4,57.0,0.0,9.4,1010.1,Low Risk,Patna (Bihar)
2024-02-27,26.4,65.0,0.0,13.2,1008.8,Low Risk,Patna (Bihar)
2024-02-28,26.7,64.0,0.0,17.9,1006.8,Low Risk,Patna (Bihar)
2024-02-29,26.8,61.0,0.0,14.6,1007.0,Low Risk,Patna (Bihar)
2024-03-01,27.1,65.0,0.0,9.4,1007.8,Low Risk,Patna (Bihar)
2024-03-02,29.2,62.0,0.0,11.3,1006.8,Low Risk,Patna (Bihar)
2024-03-03,26.4,74.0,5.5,18.4,1006.3,Low Risk,Patna (Bihar)
2024-03-04,28.0,76.0,9.5,13.6,1005.8,Low Risk,Patna (Bihar)
2024-03-05,26.1,64.0,0.0,20.3,1006.9,Low Risk,Patna (Bihar)
2024-03-06,25.7,54.0,0.0,17.0,1006.5,Low Risk,Patna (Bihar)
2024-03-07,26.3,56.0,0.0,13.4,1005.9,Low Risk,Patna (Bihar)
2024-03-08,28.4,49.0,0.0,20.9,1006.3,Low Risk,Patna (Bihar)
2024-03-09,28.1,47.0,0.0,20.4,1006.9,Low Risk,Patna (Bihar)
2024-03-10,27.2,55.0,0.0,10.5,1008.4,Low Risk,Patna (Bihar)
2024-03-11,29.5,56.0,0.0,10.2,1007.8,Low Risk,Patna (Bihar)
2024-03-12,32.8,49.0,0.0,18.6,1004.8,Low Risk,Patna (Bihar)
2024-03-13,32.4,47.0,0.0,12.9,1004.0,Low Risk,Patna (Bihar)
2024-03-14,32.3,43.0,0.0,15.7,1004.6,Low Risk,Patna (Bihar)
2024-03-15,32.6,44.0,0.0,16.0,1004.9,Low Risk,Patna (Bihar)
2024-03-16,31.8,46.0,0.0,10.4,1006.6,Low Risk,Patna (Bihar)
2024-03-17,31.8,53.0,0.0,11.4,1006.5,Low Risk,Patna (Bihar)
2024-03-18,31.1,48.0,0.0,10.2,1005.2,Low Risk,Patna (Bihar)
2024-03-19,32.3,52.0,0.0,14.8,1005.1,Low Risk,Patna (Bihar)
2024-03-20,23.2,84.0,17.5,27.4,1006.8,Low Risk,Patna (Bihar)
2024-03-21,25.3,78.0,0.6,14.8,1006.4,Low Risk,Patna (Bihar)
2024-03-22,27.5,77.0,0.3,8.6,1003.5,Low Risk,Patna (Bihar)
2024-03-23,32.0,66.0,0.0,12.6,1000.9,Low Risk,Patna (Bihar)
2024-03-24,31.5,72.0,0.0,12.5,1003.2,Low Risk,Patna (Bihar)
2024-03-25,32.5,73.0,1.5,16.3,1003.8,Low Risk,Patna (Bihar)
2024-03-26,32.5,63.0,0.0,15.9,1004.3,Low Risk,Patna (Bihar)
2024-03-27,31.9,69.0,0.0,14.8,1005.9,Low Risk,Patna (Bihar)
2024-03-28,32.3,68.0,0.0,16.9,1003.6,Low Risk,Patna (Bihar)
2024-03-29,33.4,67.0,0.0,12.3,1002.3,Low Risk,Patna (Bihar)
2024-03-30,35.6,64.0,0.6,12.7,1002.7,Low Risk,Patna (Bihar)
2024-03-31,36.6,49.0,0.4,21.7,1001.3,Low Risk,Patna (Bihar)
2024-04-01,36.9,33.0,0.0,28.7,998.2,Low Risk,Patna (Bihar)
2024-04-02,36.3,29.0,0.0,27.7,998.1,Low Risk,Patna (Bihar)
2024-04-03,37.1,29.0,0.0,20.3,999.9,Low Risk,Patna (Bihar)
2024-04-04,38.6,32.0,0.0,14.2,999.0,Low Risk,Patna (Bihar)
2024-04-05,38.6,29.0,0.0,21.5,998.3,Low Risk,Patna (Bihar)
2024-04-06,38.0,26.0,0.0,17.7,998.7,Low Risk,Patna (Bihar)
2024-04-07,36.9,30.0,0.0,28.1,999.6,Low Risk,Patna (Bihar)
2024-04-08,37.6,30.0,0.0,20.7,1001.6,Low Risk,Patna (Bihar)
2024-04-09,37.5,29.0,0.0,19.7,1002.5,Low Risk,Patna (Bihar)
2024-04-10,37.2,27.0,0.0,16.1,1002.7,Low Risk,Patna (Bihar)
2024-04-11,36.9,33.0,0.0,15.3,1003.6,Low Risk,Patna (Bihar)
2024-04-12,36.8,45.0,0.0,10.6,1003.2,Low Risk,Patna (Bihar)
2024-04-13,37.2,39.0,0.0,11.7,1003.0,Low Risk,Patna (Bihar)
2024-04-14,37.9,36.0,0.0,11.9,1003.1,Low Risk,Patna (Bihar)
2024-04-15,39.6,36.0,0.0,16.1,1001.7,Low Risk,Patna (Bihar)
2024-04-16,39.9,29.0,0.0,25.1,999.3,Low Risk,Patna (Bihar)
2024-04-17,39.0,24.0,0.0,28.2,997.8,Low Risk,Patna (Bihar)
2024-04-18,39.0,21.0,0.0,30.8,997.2,Low Risk,Patna (Bihar)
2024-04-19,42.0,25.0,0.0,35.9,994.1,Low Risk,Patna (Bihar)
2024-04-20,42.7,18.0,0.0,33.0,993.7,Drought Risk,Patna (Bihar)
2024-04-21,40.9,16.0,0.0,28.1,995.6,Low Risk,Patna (Bihar)
2024-04-22,39.4,24.0,0.0,27.9,997.5,Low Risk,Patna (Bihar)
2024-04-23,39.9,28.0,0.0,31.3,996.9,Low Risk,Patna (Bihar)
2024-04-24,41.2,21.0,0.0,26.1,996.4,Low Risk,Patna (Bihar)
2024-04-25,41.3,17.0,0.0,28.3,996.9,Low Risk,Patna (Bihar)
2024-04-26,42.4,17.0,0.0,27.6,996.2,Drought Risk,Patna (Bihar)
2024-04-27,42.2,20.0,0.0,25.2,996.8,Drought Risk,Patna (Bihar)
2024-04-28,42.4,19.0,0.0,27.7,996.8,Drought Risk,Patna (Bihar)
2024-04-29,42.4,17.0,0.0,27.2,997.2,Drought Risk,Patna (Bihar)
2024-04-30,43.1,17.0,0.0,29.7,993.3,Drought Risk,Patna (Bihar)
2024-05-01,40.8,15.0,0.0,25.0,993.0,Low Risk,Patna (Bihar)
2024-05-02,38.7,15.0,0.0,26.5,994.7,Low Risk,Patna (Bihar)
2024-05-03,39.3,21.0,0.0,12.6,997.4,Low Risk,Patna (Bihar)
2024-05-04,40.4,18.0,0.0,16.9,997.0,Low Risk,Patna (Bihar)
2024-05-05,42.1,25.0,0.0,20.9,993.8,Low Risk,Patna (Bihar)
2024-05-06,37.6,56.0,1.0,29.1,997.2,Low Risk,Patna (Bihar)
2024-05-07,35.5,61.0,2.0,26.8,1001.1,Low Risk,Patna (Bihar)
2024-05-08,35.3,56.0,0.2,21.4,1001.8,Low Risk,Patna (Bihar)
2024-05-09,34.0,65.0,13.0,21.7,1000.2,Low Risk,Patna (Bihar)
2024-05-10,34.6,61.0,1.0,18.4,1000.5,Low Risk,Patna (Bihar)
2024-05-11,35.1,60.0,2.0,24.3,1000.8,Low Risk,Patna (Bihar)
2024-05-12,33.9,68.0,5.9,28.8,1002.0,Low Risk,Patna (Bihar)
2024-05-13,36.2,59.0,0.0,14.3,1001.2,Low Risk,Patna (Bihar)
2024-05-14,38.5,51.0,0.0,12.7,1000.5,Low Risk,Patna (Bihar)
2024-05-15,40.9,41.0,0.0,16.9,1000.6,Low Risk,Patna (Bihar)
2024-05-16,40.2,42.0,0.4,17.2,1000.1,Low Risk,Patna (Bihar)
2024-05-17,42.2,37.0,0.0,18.2,997.5,Low Risk,Patna (Bihar)
2024-05-18,42.5,35.0,0.0,15.0,995.2,Low Risk,Patna (Bihar)
2024-05-19,39.5,53.0,0.0,17.2,994.2,Low Risk,Patna (Bihar)
2024-05-20,37.9,57.0,0.0,24.4,995.0,Low Risk,Patna (Bihar)
2024-05-21,36.3,62.0,2.2,24.1,996.7,Low Risk,Patna (Bihar)
2024-05-22,35.2,63.0,0.2,24.6,996.8,Low Risk,Patna (Bihar)
2024-05-23,36.1,73.0,6.2,25.7,995.8,Low Risk,Patna (Bihar)
2024-05-24,37.6,62.0,1.9,24.0,994.2,Low Risk,Patna (Bihar)
2024-05-25,39.8,52.0,0.0,11.9,992.2,Low Risk,Patna (Bihar)
2024-05-26,39.1,54.0,0.0,22.0,990.9,Low Risk,Patna (Bihar)
2024-05-27,36.6,59.0,0.0,24.0,989.4,Low Risk,Patna (Bihar)
2024-05-28,44.5,52.0,0.0,21.0,986.7,Low Risk,Patna (Bihar)
2024-05-29,42.0,60.0,0.0,21.5,988.2,Low Risk,Patna (Bihar)
2024-05-30,41.3,61.0,0.0,24.0,990.9,Low Risk,Patna (Bihar)
2024-05-31,40.5,62.0,0.0,20.3,993.0,Low Risk,Patna (Bihar)
2024-06-01,38.5,67.0,0.0,22.4,994.3,Low Risk,Patna (Bihar)
2024-06-02,38.4,63.0,0.2,18.6,995.5,Low Risk,Patna (Bihar)
2024-06-03,38.6,64.0,0.5,25.2,995.1,Low Risk,Patna (Bihar)
2024-06-04,39.8,59.0,0.5,15.9,994.7,Low Risk,Patna (Bihar)
2024-06-05,37.4,65.0,0.1,19.8,995.5,Low Risk,Patna (Bihar)
2024-06-06,38.0,62.0,0.0,20.3,996.4,Low Risk,Patna (Bihar)
2024-06-07,39.9,57.0,0.0,16.0,994.5,Low Risk,Patna (Bihar)
2024-06-08,42.0,48.0,0.0,19.2,992.5,Low Risk,Patna (Bihar)
2024-06-09,42.6,51.0,0.0,20.4,992.0,Low Risk,Patna (Bihar)
2024-06-10,42.0,55.0,0.0,17.5,992.6,Low Risk,Patna (Bihar)
2024-06-11,41.6,57.0,0.0,18.4,992.5,Low Risk,Patna (Bihar)
2024-06-12,40.3,61.0,0.0,17.7,992.7,Low Risk,Patna (Bihar)
2024-06-13,40.7,61.0,0.0,19.8,991.2,Low Risk,Patna (Bihar)
2024-06-14,39.3,64.0,0.0,22.2,990.9,Low Risk,Patna (Bihar)
2024-06-15,39.0,65.0,0.3,21.2,991.1,Low Risk,Patna (Bihar)
2024-06-16,39.4,66.0,0.0,22.8,992.3,Low Risk,Patna (Bihar)
2024-06-17,40.6,61.0,0.0,20.9,991.7,Low Risk,Patna (Bihar)
2024-06-18,43.0,52.0,0.0,22.2,989.6,Low Risk,Patna (Bihar)
2024-06-19,40.8,56.0,1.5,24.1,989.1,Low Risk,Patna (Bihar)
2024-06-20,36.9,66.0,6.4,15.4,991.8,Low Risk,Patna (Bihar)
2024-06-21,36.4,64.0,0.0,18.8,992.8,Low Risk,Patna (Bihar)
2024-06-22,37.1,65.0,0.6,18.1,992.7,Low Risk,Patna (Bihar)
2024-06-23,37.4,60.0,0.1,22.0,992.8,Low Risk,Patna (Bihar)
2024-06-24,38.8,58.0,1.5,16.2,991.5,Low Risk,Patna (Bihar)
2024-06-25,35.6,69.0,20.5,19.2,991.4,Low Risk,Patna (Bihar)
2024-06-26,33.5,82.0,32.8,19.2,992.8,Low Risk,Patna (Bihar)
2024-06-27,36.2,69.0,5.3,20.2,994.2,Low Risk,Patna (Bihar)
2024-06-28,36.3,67.0,1.1,16.1,992.6,Low Risk,Patna (Bihar)
2024-06-29,35.3,78.0,21.2,15.2,992.3,Low Risk,Patna (Bihar)
2024-06-30,32.0,82.0,11.7,10.4,992.5,Low Risk,Patna (Bihar)
2024-07-01,33.4,84.0,13.8,17.7,990.4,Low Risk,Patna (Bihar)
2024-07-02,33.1,84.0,24.2,13.0,990.2,Low Risk,Patna (Bihar)
2024-07-03,31.2,88.0,10.3,12.9,991.8,Low Risk,Patna (Bihar)
2024-07-04,30.4,92.0,91.5,16.1,993.5,Flood Risk,Patna (Bihar)
2024-07-05,32.0,91.0,28.2,17.4,992.0,Low Risk,Patna (Bihar)
2024-07-06,31.7,89.0,18.2,17.5,992.0,Low Risk,Patna (Bihar)
2024-07-07,32.2,85.0,8.3,16.8,994.9,Low Risk,Patna (Bihar)
2024-07-08,33.8,82.0,5.0,13.8,995.0,Low Risk,Patna (Bihar)
2024-07-09,35.1,78.0,2.7,10.9,995.4,Low Risk,Patna (Bihar)
2024-07-10,32.3,87.0,35.2,10.6,995.8,Low Risk,Patna (Bihar)
2024-07-11,33.5,87.0,22.7,19.3,993.3,Low Risk,Patna (Bihar)
2024-07-12,32.7,86.0,12.1,10.1,991.6,Low Risk,Patna (Bihar)
2024-07-13,32.7,83.0,1.7,9.0,990.7,Low Risk,Patna (Bihar)
2024-07-14,33.7,81.0,8.4,16.6,990.5,Low Risk,Patna (Bihar)
2024-07-15,34.2,75.0,0.4,19.4,992.8,Low Risk,Patna (Bihar)
2024-07-16,33.6,74.0,1.6,23.4,993.9,Low Risk,Patna (Bihar)
2024-07-17,34.1,75.0,1.6,17.4,993.6,Low Risk,Patna (Bihar)
2024-07-18,35.5,71.0,0.3,15.9,992.1,Low Risk,Patna (Bihar)
2024-07-19,35.3,75.0,1.1,18.0,991.0,Low Risk,Patna (Bihar)
2024-07-20,34.7,72.0,0.6,23.9,991.0,Low Risk,Patna (Bihar)
2024-07-21,34.5,72.0,0.2,23.7,991.4,Low Risk,Patna (Bihar)
2024-07-22,34.1,75.0,1.3,21.7,991.5,Low Risk,Patna (Bihar)
2024-07-23,33.8,77.0,2.5,22.3,990.2,Low Risk,Patna (Bihar)
2024-07-24,34.4,76.0,1.6,20.4,987.1,Low Risk,Patna (Bihar)
2024-07-25,34.8,78.0,4.0,17.4,986.0,Low Risk,Patna (Bihar)
2024-07-26,35.8,74.0,0.4,14.1,987.1,Low Risk,Patna (Bihar)
2024-07-27,36.1,72.0,1.4,24.9,989.1,Low Risk,Patna (Bihar)
2024-07-28,35.1,71.0,0.6,25.4,990.4,Low Risk,Patna (Bihar)
2024-07-29,36.4,70.0,0.2,18.1,990.5,Low Risk,Patna (Bihar)
2024-07-30,35.9,72.0,2.1,11.5,992.2,Low Risk,Patna (Bihar)
2024-07-31,33.8,81.0,13.1,17.0,992.9,Low Risk,Patna (Bihar)
2024-08-01,33.1,86.0,26.4,17.6,991.8,Low Risk,Patna (Bihar)
2024-08-02,28.0,86.0,7.8,35.4,989.2,Low Risk,Patna (Bihar)
2024-08-03,29.3,89.0,13.7,34.9,991.5,Low Risk,Patna (Bihar)
2024-08-04,32.5,81.0,5.1,24.8,995.4,Low Risk,Patna (Bihar)
2024-08-05,32.7,84.0,17.5,8.8,995.6,Low Risk,Patna (Bihar)
2024-08-06,31.1,88.0,12.3,11.5,994.9,Low Risk,Patna (Bihar)
2024-08-07,32.3,86.0,15.6,14.9,994.9,Low Risk,Patna (Bihar)
2024-08-08,31.8,85.0,13.4,16.8,995.7,Low Risk,Patna (Bihar)
2024-08-09,32.6,84.0,2.1,16.4,996.5,Low Risk,Patna (Bihar)
2024-08-10,32.3,85.0,4.7,8.3,996.1,Low Risk,Patna (Bihar)
2024-08-11,31.0,89.0,41.8,10.2,995.4,Low Risk,Patna (Bihar)
2024-08-12,32.1,87.0,13.5,8.5,996.2,Low Risk,Patna (Bihar)
2024-08-13,32.4,88.0,18.1,9.9,996.9,Low Risk,Patna (Bihar)
2024-08-14,32.2,88.0,16.9,12.1,997.1,Low Risk,Patna (Bihar)
2024-08-15,33.8,84.0,19.9,9.8,995.9,Low Risk,Patna (Bihar)
2024-08-16,34.1,83.0,5.8,14.4,995.5,Low Risk,Patna (Bihar)
2024-08-17,34.5,78.0,9.6,8.3,996.5,Low Risk,Patna (Bihar)
2024-08-18,33.3,81.0,8.7,11.9,997.7,Low Risk,Patna (Bihar)
2024-08-19,32.9,81.0,3.1,10.9,996.6,Low Risk,Patna (Bihar)
2024-08-20,32.7,79.0,8.0,11.7,997.0,Low Risk,Patna (Bihar)
2024-08-21,31.8,80.0,0.8,13.1,998.3,Low Risk,Patna (Bihar)
2024-08-22,32.2,86.0,10.6,12.3,997.2,Low Risk,Patna (Bihar)
2024-08-23,28.7,89.0,22.5,22.8,996.7,Low Risk,Patna (Bihar)
2024-08-24,32.7,81.0,0.9,22.7,996.6,Low Risk,Patna (Bihar)
2024-08-25,33.1,82.0,9.1,21.1,995.3,Low Risk,Patna (Bihar)
2024-08-26,32.4,81.0,6.2,21.6,995.3,Low Risk,Patna (Bihar)
2024-08-27,30.1,87.0,14.8,27.3,997.0,Low Risk,Patna (Bihar)
2024-08-28,32.3,86.0,14.1,12.9,997.4,Low Risk,Patna (Bihar)
2024-08-29,32.3,88.0,9.9,11.1,997.3,Low Risk,Patna (Bihar)
2024-08-30,33.5,84.0,0.7,6.3,997.4,Low Risk,Patna (Bihar)
2024-08-31,33.7,81.0,4.0,13.5,997.0,Low Risk,Patna (Bihar)
2024-09-01,31.6,83.0,2.1,21.3,998.0,Low Risk,Patna (Bihar)
2024-09-02,32.9,79.0,1.0,16.4,998.5,Low Risk,Patna (Bihar)
2024-09-03,34.1,79.0,1.6,13.7,998.6,Low Risk,Patna (Bihar)
2024-09-04,32.4,86.0,4.8,12.4,996.2,Low Risk,Patna (Bihar)
2024-09-05,30.7,90.0,25.9,10.7,995.4,Low Risk,Patna (Bihar)
2024-09-06,32.3,86.0,3.1,14.0,996.9,Low Risk,Patna (Bihar)
2024-09-07,34.1,80.0,0.1,7.6,996.4,Low Risk,Patna (Bihar)
2024-09-08,33.3,85.0,9.0,18.4,996.2,Low Risk,Patna (Bihar)
2024-09-09,32.9,81.0,1.0,15.5,994.0,Low Risk,Patna (Bihar)
2024-09-10,33.0,76.0,0.8,24.6,993.3,Low Risk,Patna (Bihar)
2024-09-11,33.6,79.0,9.4,24.6,994.3,Low Risk,Patna (Bihar)
2024-09-12,32.8,84.0,6.0,16.2,995.6,Low Risk,Patna (Bihar)
2024-09-13,32.3,83.0,5.4,17.6,994.8,Low Risk,Patna (Bihar)
2024-09-14,30.9,86.0,5.4,14.1,994.4,Low Risk,Patna (Bihar)
2024-09-15,31.5,84.0,3.3,19.6,994.2,Low Risk,Patna (Bihar)
2024-09-16,28.3,88.0,19.0,33.7,995.0,Low Risk,Patna (Bihar)
2024-09-17,31.4,81.0,6.3,27.4,997.1,Low Risk,Patna (Bihar)
2024-09-18,33.0,79.0,0.0,14.9,997.7,Low Risk,Patna (Bihar)
2024-09-19,33.7,77.0,0.0,8.2,997.7,Low Risk,Patna (Bihar)
2024-09-20,33.5,78.0,0.0,11.0,997.8,Low Risk,Patna (Bihar)
2024-09-21,33.6,78.0,0.0,12.2,998.6,Low Risk,Patna (Bihar)
2024-09-22,33.9,79.0,0.0,8.7,997.5,Low Risk,Patna (Bihar)
2024-09-23,34.6,78.0,0.0,7.3,997.1,Low Risk,Patna (Bihar)
2024-09-24,31.7,85.0,17.2,16.9,997.3,Low Risk,Patna (Bihar)
2024-09-25,29.7,86.0,5.7,23.8,998.1,Low Risk,Patna (Bihar)
2024-09-26,27.6,92.0,19.8,24.1,997.9,Low Risk,Patna (Bihar)
2024-09-27,29.0,92.0,26.3,20.4,999.5,Low Risk,Patna (Bihar)
2024-09-28,30.5,92.0,20.0,16.1,1000.7,Low Risk,Patna (Bihar)
2024-09-29,31.5,89.0,0.8,9.3,1001.2,Low Risk,Patna (Bihar)
2024-09-30,31.4,86.0,0.8,14.3,999.9,Low Risk,Patna (Bihar)
2024-10-01,32.1,82.0,1.0,16.0,997.9,Low Risk,Patna (Bihar)
2023-01-01,26.9,43.0,0.0,13.0,1003.5,Low Risk,Rajkot (Gujarat)
2023-01-02,28.1,44.0,0.0,10.4,1002.8,Low Risk,Rajkot (Gujarat)
2023-01-03,27.5,38.0,0.0,16.1,1003.2,Low Risk,Rajkot (Gujarat)
2023-01-04,25.0,35.0,0.0,22.2,1003.4,Low Risk,Rajkot (Gujarat)
2023-01-05,25.6,42.0,0.0,19.2,1003.1,Low Risk,Rajkot (Gujarat)
2023-01-06,29.9,47.0,0.0,12.6,1003.1,Low Risk,Rajkot (Gujarat)
2023-01-07,31.3,57.0,0.0,13.6,1002.6,Low Risk,Rajkot (Gujarat)
2023-01-08,30.6,52.0,0.0,9.0,1001.9,Low Risk,Rajkot (Gujarat)
2023-01-09,30.0,52.0,0.0,11.1,1003.1,Low Risk,Rajkot (Gujarat)
2023-01-10,29.9,50.0,0.0,11.6,1002.7,Low Risk,Rajkot (Gujarat)
2023-01-11,29.6,45.0,0.0,15.4,1000.1,Low Risk,Rajkot (Gujarat)
2023-01-12,29.0,63.0,0.0,22.7,998.4,Low Risk,Rajkot (Gujarat)
2023-01-13,25.4,53.0,0.0,13.8,999.5,Low Risk,Rajkot (Gujarat)
2023-01-14,24.4,38.0,0.0,15.5,1001.3,Low Risk,Rajkot (Gujarat)
2023-01-15,24.6,31.0,0.0,11.6,1000.0,Low Risk,Rajkot (Gujarat)
2023-01-16,25.7,29.0,0.0,10.5,999.5,Low Risk,Rajkot (Gujarat)
2023-01-17,27.2,27.0,0.0,13.6,999.9,Low Risk,Rajkot (Gujarat)
2023-01-18,28.9,29.0,0.0,12.4,1000.3,Low Risk,Rajkot (Gujarat)
2023-01-19,30.5,33.0,0.0,11.5,999.5,Low Risk,Rajkot (Gujarat)
2023-01-20,28.0,36.0,0.0,13.3,999.5,Low Risk,Rajkot (Gujarat)
2023-01-21,25.6,39.0,0.0,14.9,1000.7,Low Risk,Rajkot (Gujarat)
2023-01-22,23.7,45.0,0.0,15.5,1000.3,Low Risk,Rajkot (Gujarat)
2023-01-23,23.8,45.0,0.0,18.2,999.7,Low Risk,Rajkot (Gujarat)
2023-01-24,24.1,45.0,0.0,15.6,999.8,Low Risk,Rajkot (Gujarat)
2023-01-25,24.4,28.0,0.0,18.1,1000.8,Low Risk,Rajkot (Gujarat)
2023-01-26,25.7,26.0,0.0,17.6,1001.4,Low Risk,Rajkot (Gujarat)
2023-01-27,27.9,37.0,0.0,18.9,1000.2,Low Risk,Rajkot (Gujarat)
2023-01-28,31.8,48.0,0.6,19.7,996.8,Low Risk,Rajkot (Gujarat)
2023-01-29,27.4,58.0,3.3,18.8,995.3,Low Risk,Rajkot (Gujarat)
2023-01-30,26.2,56.0,0.0,13.8,1000.3,Low Risk,Rajkot (Gujarat)
2023-01-31,26.3,53.0,0.0,20.6,1002.0,Low Risk,Rajkot (Gujarat)
2023-02-01,26.7,56.0,0.0,17.6,1001.4,Low Risk,Rajkot (Gujarat)
2023-02-02,29.3,43.0,0.0,14.1,1000.3,Low Risk,Rajkot (Gujarat)
2023-02-03,29.6,40.0,0.0,11.0,1000.0,Low Risk,Rajkot (Gujarat)
2023-02-04,28.9,46.0,0.0,11.2,998.9,Low Risk,Rajkot (Gujarat)
2023-02-05,30.0,47.0,0.0,11.6,997.5,Low Risk,Rajkot (Gujarat)
2023-02-06,29.3,67.0,0.0,16.0,998.0,Low Risk,Rajkot (Gujarat)
2023-02-07,29.6,71.0,0.0,9.7,998.0,Low Risk,Rajkot (Gujarat)
2023-02-08,30.2,50.0,0.0,11.9,998.5,Low Risk,Rajkot (Gujarat)
2023-02-09,31.9,45.0,0.0,11.3,998.0,Low Risk,Rajkot (Gujarat)
2023-02-10,31.6,54.0,0.0,13.5,998.8,Low Risk,Rajkot (Gujarat)
2023-02-11,29.4,71.0,0.0,11.3,1000.4,Low Risk,Rajkot (Gujarat)
2023-02-12,30.9,58.0,0.0,20.2,1002.3,Low Risk,Rajkot (Gujarat)
2023-02-13,30.1,35.0,0.0,13.4,1002.3,Low Risk,Rajkot (Gujarat)
2023-02-14,31.4,36.0,0.0,10.3,1000.8,Low Risk,Rajkot (Gujarat)
2023-02-15,33.6,39.0,0.0,10.4,999.1,Low Risk,Rajkot (Gujarat)
2023-02-16,35.4,37.0,0.0,10.9,999.3,Low Risk,Rajkot (Gujarat)
2023-02-17,35.6,33.0,0.0,12.6,999.8,Low Risk,Rajkot (Gujarat)
2023-02-18,35.2,35.0,0.0,9.9,999.1,Low Risk,Rajkot (Gujarat)
2023-02-19,36.4,37.0,0.0,11.5,998.5,Low Risk,Rajkot (Gujarat)
2023-02-20,35.5,37.0,0.0,16.1,998.1,Low Risk,Rajkot (Gujarat)
2023-02-21,34.4,57.0,0.0,20.6,998.6,Low Risk,Rajkot (Gujarat)
2023-02-22,32.6,62.0,0.0,14.2,998.5,Low Risk,Rajkot (Gujarat)
2023-02-23,32.4,58.0,0.0,10.2,998.4,Low Risk,Rajkot (Gujarat)
2023-02-24,33.0,55.0,0.0,15.1,999.4,Low Risk,Rajkot (Gujarat)
2023-02-25,32.9,54.0,0.0,9.2,1001.1,Low Risk,Rajkot (Gujarat)
2023-02-26,33.4,54.0,0.0,12.0,1002.0,Low Risk,Rajkot (Gujarat)
2023-02-27,34.2,47.0,0.0,12.1,1001.2,Low Risk,Rajkot (Gujarat)
2023-02-28,34.7,42.0,0.0,13.2,1000.6,Low Risk,Rajkot (Gujarat)
2023-03-01,34.7,37.0,0.0,12.2,1001.3,Low Risk,Rajkot (Gujarat)
2023-03-02,36.4,36.0,0.0,10.5,1001.7,Low Risk,Rajkot (Gujarat)
2023-03-03,36.9,28.0,0.0,13.0,1002.0,Low Risk,Rajkot (Gujarat)
2023-03-04,37.8,26.0,0.0,12.7,1001.5,Low Risk,Rajkot (Gujarat)
2023-03-05,37.1,26.0,0.0,23.5,1001.5,Low Risk,Rajkot (Gujarat)
2023-03-06,34.7,34.0,0.2,18.8,999.8,Low Risk,Rajkot (Gujarat)
2023-03-07,35.8,38.0,0.0,16.6,999.1,Low Risk,Rajkot (Gujarat)
2023-03-08,35.7,39.0,0.0,15.6,999.9,Low Risk,Rajkot (Gujarat)
2023-03-09,35.8,25.0,0.0,18.4,1000.1,Low Risk,Rajkot (Gujarat)
2023-03-10,35.0,21.0,0.0,18.4,999.7,Low Risk,Rajkot (Gujarat)
2023-03-11,35.3,22.0,0.0,12.0,998.8,Low Risk,Rajkot (Gujarat)
2023-03-12,36.2,23.0,0.0,15.0,998.1,Low Risk,Rajkot (Gujarat)
2023-03-13,37.6,29.0,0.0,14.4,997.0,Low Risk,Rajkot (Gujarat)
2023-03-14,37.0,33.0,0.0,12.2,995.3,Low Risk,Rajkot (Gujarat)
2023-03-15,32.9,37.0,0.0,17.8,994.6,Low Risk,Rajkot (Gujarat)
2023-03-16,35.3,42.0,0.1,15.3,994.7,Low Risk,Rajkot (Gujarat)
2023-03-17,34.6,47.0,0.0,21.2,995.4,Low Risk,Rajkot (Gujarat)
2023-03-18,34.0,54.0,0.0,14.9,994.4,Low Risk,Rajkot (Gujarat)
2023-03-19,33.3,52.0,0.0,19.1,993.6,Low Risk,Rajkot (Gujarat)
2023-03-20,31.5,58.0,0.1,14.7,993.1,Low Risk,Rajkot (Gujarat)
2023-03-21,33.1,57.0,0.0,17.8,994.0,Low Risk,Rajkot (Gujarat)
2023-03-22,32.0,60.0,0.0,17.1,995.1,Low Risk,Rajkot (Gujarat)
2023-03-23,33.0,64.0,0.2,19.9,995.2,Low Risk,Rajkot (Gujarat)
2023-03-24,31.3,60.0,0.0,21.9,995.3,Low Risk,Rajkot (Gujarat)
2023-03-25,31.9,52.0,0.0,18.3,996.7,Low Risk,Rajkot (Gujarat)
2023-03-26,33.2,54.0,0.0,15.7,996.9,Low Risk,Rajkot (Gujarat)
2023-03-27,34.5,48.0,0.0,17.4,996.1,Low Risk,Rajkot (Gujarat)
2023-03-28,34.6,50.0,0.0,14.8,995.3,Low Risk,Rajkot (Gujarat)
2023-03-29,35.4,58.0,0.0,21.1,995.6,Low Risk,Rajkot (Gujarat)
2023-03-30,30.5,65.0,1.4,24.4,994.8,Low Risk,Rajkot (Gujarat)
2023-03-31,32.8,56.0,0.0,21.3,994.3,Low Risk,Rajkot (Gujarat)
2023-04-01,34.5,55.0,0.0,18.9,995.1,Low Risk,Rajkot (Gujarat)
2023-04-02,34.9,60.0,0.0,19.5,995.1,Low Risk,Rajkot (Gujarat)
2023-04-03,37.0,57.0,0.0,26.6,994.5,Low Risk,Rajkot (Gujarat)
2023-04-04,36.1,60.0,0.0,20.8,995.5,Low Risk,Rajkot (Gujarat)
2023-04-05,35.8,54.0,0.0,16.3,995.3,Low Risk,Rajkot (Gujarat)
2023-04-06,36.5,47.0,0.0,13.8,996.2,Low Risk,Rajkot (Gujarat)
2023-04-07,34.0,48.0,0.3,17.4,997.8,Low Risk,Rajkot (Gujarat)
2023-04-08,37.2,43.0,0.0,13.0,998.3,Low Risk,Rajkot (Gujarat)
2023-04-09,38.3,42.0,0.0,20.6,998.5,Low Risk,Rajkot (Gujarat)
2023-04-10,39.2,38.0,0.0,19.6,997.2,Low Risk,Rajkot (Gujarat)
2023-04-11,38.6,45.0,0.0,25.7,997.5,Low Risk,Rajkot (Gujarat)
2023-04-12,37.7,48.0,0.0,18.1,997.5,Low Risk,Rajkot (Gujarat)
2023-04-13,37.3,41.0,0.0,17.1,997.1,Low Risk,Rajkot (Gujarat)
2023-04-14,37.6,44.0,0.0,18.0,996.3,Low Risk,Rajkot (Gujarat)
2023-04-15,38.6,48.0,0.0,18.3,995.1,Low Risk,Rajkot (Gujarat)
2023-04-16,40.2,48.0,0.0,27.1,994.1,Low Risk,Rajkot (Gujarat)
2023-04-17,40.1,49.0,0.0,27.2,994.6,Low Risk,Rajkot (Gujarat)
2023-04-18,39.5,51.0,0.0,16.4,996.2,Low Risk,Rajkot (Gujarat)
2023-04-19,38.7,44.0,0.0,23.5,994.3,Low Risk,Rajkot (Gujarat)
2023-04-20,36.6,48.0,0.0,20.6,991.5,Low Risk,Rajkot (Gujarat)
2023-04-21,36.6,51.0,0.0,19.1,991.5,Low Risk,Rajkot (Gujarat)
2023-04-22,37.4,50.0,0.0,21.7,991.8,Low Risk,Rajkot (Gujarat)
2023-04-23,39.0,51.0,0.0,24.2,992.1,Low Risk,Rajkot (Gujarat)
2023-04-24,39.7,43.0,0.0,16.8,993.2,Low Risk,Rajkot (Gujarat)
2023-04-25,40.7,38.0,0.0,23.0,992.9,Low Risk,Rajkot (Gujarat)
2023-04-26,36.5,42.0,0.0,22.9,992.4,Low Risk,Rajkot (Gujarat)
2023-04-27,37.0,55.0,0.0,21.6,993.2,Low Risk,Rajkot (Gujarat)
2023-04-28,36.9,59.0,1.0,18.0,994.2,Low Risk,Rajkot (Gujarat)
2023-04-29,33.1,66.0,4.0,21.4,993.7,Low Risk,Rajkot (Gujarat)
2023-04-30,32.6,66.0,0.5,17.7,992.3,Low Risk,Rajkot (Gujarat)
2023-05-01,33.0,65.0,1.9,16.6,991.6,Low Risk,Rajkot (Gujarat)
2023-05-02,33.9,64.0,0.1,21.2,992.6,Low Risk,Rajkot (Gujarat)
2023-05-03,34.3,63.0,0.6,14.0,994.2,Low Risk,Rajkot (Gujarat)
2023-05-04,35.4,64.0,1.2,20.0,993.8,Low Risk,Rajkot (Gujarat)
2023-05-05,36.1,60.0,0.1,12.9,992.9,Low Risk,Rajkot (Gujarat)
2023-05-06,36.1,58.0,0.0,19.3,992.9,Low Risk,Rajkot (Gujarat)
2023-05-07,37.9,51.0,0.0,15.6,992.9,Low Risk,Rajkot (Gujarat)
2023-05-08,39.0,48.0,0.0,16.6,992.2,Low Risk,Rajkot (Gujarat)
2023-05-09,40.8,50.0,0.0,18.3,992.9,Low Risk,Rajkot (Gujarat)
2023-05-10,42.0,42.0,0.0,18.7,992.6,Low Risk,Rajkot (Gujarat)
2023-05-11,42.4,32.0,0.0,17.9,993.0,Low Risk,Rajkot (Gujarat)
2023-05-12,41.5,35.0,0.0,20.3,993.0,Low Risk,Rajkot (Gujarat)
2023-05-13,40.7,39.0,0.0,22.9,993.0,Low Risk,Rajkot (Gujarat)
2023-05-14,39.9,53.0,0.0,23.7,991.8,Low Risk,Rajkot (Gujarat)
2023-05-15,38.8,59.0,0.2,24.7,991.9,Low Risk,Rajkot (Gujarat)
2023-05-16,40.0,58.0,0.0,27.3,993.6,Low Risk,Rajkot (Gujarat)
2023-05-17,40.2,56.0,0.0,24.0,994.5,Low Risk,Rajkot (Gujarat)
2023-05-18,40.0,60.0,0.0,24.7,996.2,Low Risk,Rajkot (Gujarat)
2023-05-19,39.2,58.0,0.0,18.8,995.0,Low Risk,Rajkot (Gujarat)
2023-05-20,39.7,60.0,0.0,22.0,993.8,Low Risk,Rajkot (Gujarat)
2023-05-21,40.0,60.0,0.0,26.7,994.4,Low Risk,Rajkot (Gujarat)
2023-05-22,40.3,53.0,0.0,19.5,994.9,Low Risk,Rajkot (Gujarat)
2023-05-23,40.1,56.0,0.0,23.0,995.0,Low Risk,Rajkot (Gujarat)
2023-05-24,40.5,55.0,0.0,26.0,993.8,Low Risk,Rajkot (Gujarat)
2023-05-25,39.7,54.0,0.0,26.8,993.6,Low Risk,Rajkot (Gujarat)
2023-05-26,38.8,59.0,0.2,26.6,993.5,Low Risk,Rajkot (Gujarat)
2023-05-27,39.4,57.0,0.0,28.1,992.7,Low Risk,Rajkot (Gujarat)
2023-05-28,39.5,58.0,0.2,21.0,992.6,Low Risk,Rajkot (Gujarat)
2023-05-29,38.5,59.0,0.0,18.7,993.7,Low Risk,Rajkot (Gujarat)
2023-05-30,39.8,56.0,0.0,28.5,994.1,Low Risk,Rajkot (Gujarat)
2023-05-31,39.8,60.0,0.0,24.3,993.9,Low Risk,Rajkot (Gujarat)
2023-06-01,40.4,57.0,0.0,24.9,992.9,Low Risk,Rajkot (Gujarat)
2023-06-02,39.9,58.0,0.2,24.0,992.8,Low Risk,Rajkot (Gujarat)
2023-06-03,38.9,56.0,0.5,19.7,992.1,Low Risk,Rajkot (Gujarat)
2023-06-04,40.6,58.0,0.0,23.0,992.2,Low Risk,Rajkot (Gujarat)
2023-06-05,40.3,60.0,0.2,23.7,991.6,Low Risk,Rajkot (Gujarat)
2023-06-06,40.5,58.0,0.1,19.1,990.8,Low Risk,Rajkot (Gujarat)
2023-06-07,40.9,60.0,0.1,21.3,990.2,Low Risk,Rajkot (Gujarat)
2023-06-08,40.4,56.0,0.0,17.2,991.4,Low Risk,Rajkot (Gujarat)
2023-06-09,40.9,56.0,0.0,22.4,989.3,Low Risk,Rajkot (Gujarat)
2023-06-10,39.9,56.0,0.0,24.0,987.4,Low Risk,Rajkot (Gujarat)
2023-06-11,38.2,57.0,0.6,27.1,986.4,Low Risk,Rajkot (Gujarat)
2023-06-12,32.8,71.0,1.5,35.1,985.4,Low Risk,Rajkot (Gujarat)
2023-06-13,33.6,73.0,3.1,36.5,985.6,Low Risk,Rajkot (Gujarat)
2023-06-14,35.6,70.0,2.6,36.2,987.1,Low Risk,Rajkot (Gujarat)
2023-06-15,30.8,81.0,9.3,40.6,985.9,Low Risk,Rajkot (Gujarat)
2023-06-16,29.2,86.0,25.7,48.1,983.5,Low Risk,Rajkot (Gujarat)
2023-06-17,34.2,74.0,2.0,33.2,987.7,Low Risk,Rajkot (Gujarat)
2023-06-18,34.2,70.0,0.0,27.9,989.8,Low Risk,Rajkot (Gujarat)
2023-06-19,35.2,70.0,0.4,23.1,989.4,Low Risk,Rajkot (Gujarat)
2023-06-20,35.4,69.0,0.0,20.0,988.8,Low Risk,Rajkot (Gujarat)
2023-06-21,35.5,67.0,0.0,19.6,989.3,Low Risk,Rajkot (Gujarat)
2023-06-22,35.8,68.0,0.0,19.2,989.5,Low Risk,Rajkot (Gujarat)
2023-06-23,35.9,66.0,0.0,17.2,989.2,Low Risk,Rajkot (Gujarat)
2023-06-24,34.8,67.0,0.6,16.9,987.9,Low Risk,Rajkot (Gujarat)
2023-06-25,34.1,80.0,24.3,15.1,987.3,Low Risk,Rajkot (Gujarat)
2023-06-26,29.9,86.0,6.4,22.8,988.4,Low Risk,Rajkot (Gujarat)
2023-06-27,32.6,86.0,12.5,14.9,988.3,Low Risk,Rajkot (Gujarat)
2023-06-28,32.0,86.0,7.8,16.3,988.9,Low Risk,Rajkot (Gujarat)
2023-06-29,29.2,91.0,19.3,16.4,988.8,Low Risk,Rajkot (Gujarat)
2023-06-30,28.3,93.0,31.7,20.5,988.1,Low Risk,Rajkot (Gujarat)
2023-07-01,28.6,90.0,14.6,19.9,988.9,Low Risk,Rajkot (Gujarat)
2023-07-02,32.2,85.0,5.7,21.2,989.0,Low Risk,Rajkot (Gujarat)
2023-07-03,33.3,80.0,0.9,14.6,988.2,Low Risk,Rajkot (Gujarat)
2023-07-04,33.6,80.0,1.8,13.2,986.3,Low Risk,Rajkot (Gujarat)
2023-07-05,33.9,75.0,0.8,12.8,984.5,Low Risk,Rajkot (Gujarat)
2023-07-06,32.8,86.0,22.3,18.2,985.9,Low Risk,Rajkot (Gujarat)
2023-07-07,30.6,88.0,36.0,12.9,986.2,Low Risk,Rajkot (Gujarat)
2023-07-08,31.8,90.0,28.4,18.7,986.6,Low Risk,Rajkot (Gujarat)
2023-07-09,29.7,90.0,42.8,17.0,988.0,Low Risk,Rajkot (Gujarat)
2023-07-10,29.9,88.0,19.8,18.8,989.3,Low Risk,Rajkot (Gujarat)
2023-07-11,31.7,82.0,3.0,19.1,990.1,Low Risk,Rajkot (Gujarat)
2023-07-12,32.6,80.0,1.0,15.5,989.1,Low Risk,Rajkot (Gujarat)
2023-07-13,31.8,81.0,1.2,15.4,988.8,Low Risk,Rajkot (Gujarat)
2023-07-14,32.3,83.0,3.0,15.6,989.8,Low Risk,Rajkot (Gujarat)
2023-07-15,31.5,80.0,2.5,18.4,990.1,Low Risk,Rajkot (Gujarat)
2023-07-16,32.0,77.0,1.0,17.8,989.3,Low Risk,Rajkot (Gujarat)
2023-07-17,32.3,81.0,1.6,14.7,988.3,Low Risk,Rajkot (Gujarat)
2023-07-18,31.9,85.0,9.0,18.4,987.2,Low Risk,Rajkot (Gujarat)
2023-07-19,31.1,90.0,23.0,14.8,985.2,Low Risk,Rajkot (Gujarat)
2023-07-20,30.5,92.0,54.2,16.1,985.0,Low Risk,Rajkot (Gujarat)
2023-07-21,31.3,86.0,5.2,18.7,987.2,Low Risk,Rajkot (Gujarat)
2023-07-22,28.0,91.0,24.0,16.6,987.9,Low Risk,Rajkot (Gujarat)
2023-07-23,30.5,88.0,12.1,13.8,985.4,Low Risk,Rajkot (Gujarat)
2023-07-24,31.3,84.0,8.1,20.5,985.8,Low Risk,Rajkot (Gujarat)
2023-07-25,31.1,83.0,8.3,17.6,988.5,Low Risk,Rajkot (Gujarat)
2023-07-26,29.4,85.0,7.3,16.1,990.1,Low Risk,Rajkot (Gujarat)
2023-07-27,31.0,82.0,3.0,20.6,990.5,Low Risk,Rajkot (Gujarat)
2023-07-28,30.9,80.0,2.1,24.9,990.2,Low Risk,Rajkot (Gujarat)
2023-07-29,30.7,79.0,2.7,26.4,989.8,Low Risk,Rajkot (Gujarat)
2023-07-30,30.9,81.0,2.4,26.1,989.2,Low Risk,Rajkot (Gujarat)
2023-07-31,30.8,82.0,2.6,26.4,988.8,Low Risk,Rajkot (Gujarat)
2023-08-01,31.0,80.0,0.6,26.8,988.7,Low Risk,Rajkot (Gujarat)
2023-08-02,31.5,80.0,1.2,27.9,989.0,Low Risk,Rajkot (Gujarat)
2023-08-03,31.3,79.0,1.0,27.9,988.5,Low Risk,Rajkot (Gujarat)
2023-08-04,31.2,81.0,1.2,24.2,989.4,Low Risk,Rajkot (Gujarat)
2023-08-05,31.6,81.0,1.0,23.2,991.7,Low Risk,Rajkot (Gujarat)
2023-08-06,31.5,78.0,0.7,26.5,991.0,Low Risk,Rajkot (Gujarat)
2023-08-07,31.2,78.0,0.4,29.6,989.1,Low Risk,Rajkot (Gujarat)
2023-08-08,31.3,77.0,0.8,29.0,989.5,Low Risk,Rajkot (Gujarat)
2023-08-09,30.7,79.0,0.4,25.8,992.1,Low Risk,Rajkot (Gujarat)
2023-08-10,31.3,79.0,0.5,25.2,992.9,Low Risk,Rajkot (Gujarat)
2023-08-11,31.6,78.0,1.2,19.7,992.9,Low Risk,Rajkot (Gujarat)
2023-08-12,32.0,77.0,0.7,26.4,992.4,Low Risk,Rajkot (Gujarat)
2023-08-13,32.0,77.0,0.6,27.8,990.2,Low Risk,Rajkot (Gujarat)
2023-08-14,32.1,77.0,0.6,23.6,990.5,Low Risk,Rajkot (Gujarat)
2023-08-15,32.5,75.0,0.5,20.2,991.6,Low Risk,Rajkot (Gujarat)
2023-08-16,31.8,77.0,0.8,20.0,992.9,Low Risk,Rajkot (Gujarat)
2023-08-17,32.8,74.0,0.1,24.3,993.3,Low Risk,Rajkot (Gujarat)
2023-08-18,33.0,75.0,0.2,21.2,992.1,Low Risk,Rajkot (Gujarat)
2023-08-19,32.9,75.0,0.4,19.4,991.3,Low Risk,Rajkot (Gujarat)
2023-08-20,31.4,78.0,0.4,20.5,991.2,Low Risk,Rajkot (Gujarat)
2023-08-21,29.6,84.0,6.3,18.8,991.3,Low Risk,Rajkot (Gujarat)
2023-08-22,33.4,76.0,0.5,19.9,991.1,Low Risk,Rajkot (Gujarat)
2023-08-23,32.3,75.0,0.1,25.3,990.2,Low Risk,Rajkot (Gujarat)
2023-08-24,32.5,74.0,0.7,28.1,988.7,Low Risk,Rajkot (Gujarat)
2023-08-25,32.9,74.0,0.4,23.8,988.7,Low Risk,Rajkot (Gujarat)
2023-08-26,33.1,72.0,0.5,22.8,990.5,Low Risk,Rajkot (Gujarat)
2023-08-27,33.3,71.0,0.2,21.0,991.8,Low Risk,Rajkot (Gujarat)
2023-08-28,33.5,71.0,0.5,22.7,991.4,Low Risk,Rajkot (Gujarat)
2023-08-29,34.0,69.0,0.2,17.6,992.0,Low Risk,Rajkot (Gujarat)
2023-08-30,33.9,71.0,0.1,13.4,993.6,Low Risk,Rajkot (Gujarat)
2023-08-31,34.1,71.0,0.0,11.8,993.9,Low Risk,Rajkot (Gujarat)
2023-09-01,34.2,69.0,0.0,12.9,993.9,Low Risk,Rajkot (Gujarat)
2023-09-02,34.1,68.0,0.0,11.6,993.5,Low Risk,Rajkot (Gujarat)
2023-09-03,34.2,68.0,0.0,16.9,992.5,Low Risk,Rajkot (Gujarat)
2023-09-04,33.7,68.0,0.0,18.4,991.4,Low Risk,Rajkot (Gujarat)
2023-09-05,33.9,68.0,0.0,16.8,991.1,Low Risk,Rajkot (Gujarat)
2023-09-06,34.9,68.0,0.0,17.4,991.0,Low Risk,Rajkot (Gujarat)
2023-09-07,34.4,71.0,0.7,25.6,990.1,Low Risk,Rajkot (Gujarat)
2023-09-08,34.9,70.0,0.0,25.6,990.2,Low Risk,Rajkot (Gujarat)
2023-09-09,35.2,70.0,0.0,24.3,990.0,Low Risk,Rajkot (Gujarat)
2023-09-10,34.9,67.0,0.1,23.2,989.5,Low Risk,Rajkot (Gujarat)
2023-09-11,35.3,67.0,0.0,25.2,990.3,Low Risk,Rajkot (Gujarat)
2023-09-12,35.2,67.0,0.7,19.1,991.1,Low Risk,Rajkot (Gujarat)
2023-09-13,35.7,67.0,0.0,17.6,990.5,Low Risk,Rajkot (Gujarat)
2023-09-14,33.9,70.0,0.6,16.4,991.1,Low Risk,Rajkot (Gujarat)
2023-09-15,34.7,68.0,0.4,13.4,991.2,Low Risk,Rajkot (Gujarat)
2023-09-16,34.5,68.0,0.3,18.0,990.2,Low Risk,Rajkot (Gujarat)
2023-09-17,32.0,73.0,0.2,22.5,988.2,Low Risk,Rajkot (Gujarat)
2023-09-18,29.7,89.0,15.8,18.9,987.7,Low Risk,Rajkot (Gujarat)
2023-09-19,26.5,92.0,42.3,20.2,989.2,Low Risk,Rajkot (Gujarat)
2023-09-20,31.7,81.0,7.5,21.8,990.2,Low Risk,Rajkot (Gujarat)
2023-09-21,31.5,85.0,2.3,15.6,991.5,Low Risk,Rajkot (Gujarat)
2023-09-22,32.6,79.0,0.6,15.2,992.3,Low Risk,Rajkot (Gujarat)
2023-09-23,31.8,84.0,4.3,13.9,993.1,Low Risk,Rajkot (Gujarat)
2023-09-24,30.7,87.0,10.9,12.0,993.4,Low Risk,Rajkot (Gujarat)
2023-09-25,30.4,87.0,9.8,13.3,992.7,Low Risk,Rajkot (Gujarat)
2023-09-26,31.0,82.0,1.7,7.6,993.1,Low Risk,Rajkot (Gujarat)
2023-09-27,31.6,85.0,11.8,11.8,993.2,Low Risk,Rajkot (Gujarat)
2023-09-28,32.4,84.0,3.5,13.2,992.4,Low Risk,Rajkot (Gujarat)
2023-09-29,33.9,75.0,0.0,13.3,992.0,Low Risk,Rajkot (Gujarat)
2023-09-30,35.0,77.0,0.0,11.6,992.2,Low Risk,Rajkot (Gujarat)
2023-10-01,34.1,74.0,0.0,14.7,991.9,Low Risk,Rajkot (Gujarat)
2023-10-02,33.5,69.0,0.0,9.8,993.4,Low Risk,Rajkot (Gujarat)
2023-10-03,34.0,65.0,0.0,10.3,995.0,Low Risk,Rajkot (Gujarat)
2023-10-04,33.7,67.0,0.0,10.0,996.0,Low Risk,Rajkot (Gujarat)
2023-10-05,33.9,72.0,0.0,10.6,995.7,Low Risk,Rajkot (Gujarat)
2023-10-06,33.4,74.0,0.0,12.7,994.9,Low Risk,Rajkot (Gujarat)
2023-10-07,33.7,72.0,0.0,12.9,995.3,Low Risk,Rajkot (Gujarat)
2023-10-08,34.1,71.0,0.0,12.3,996.5,Low Risk,Rajkot (Gujarat)
2023-10-09,34.5,72.0,0.0,15.3,997.6,Low Risk,Rajkot (Gujarat)
2023-10-10,33.3,72.0,0.0,16.2,997.5,Low Risk,Rajkot (Gujarat)
2023-10-11,33.7,70.0,0.0,12.4,997.5,Low Risk,Rajkot (Gujarat)
2023-10-12,35.1,68.0,0.0,11.3,997.8,Low Risk,Rajkot (Gujarat)
2023-10-13,34.4,65.0,0.0,9.7,998.3,Low Risk,Rajkot (Gujarat)
2023-10-14,34.2,70.0,0.1,16.9,998.2,Low Risk,Rajkot (Gujarat)
2023-10-15,34.4,67.0,0.3,13.1,996.9,Low Risk,Rajkot (Gujarat)
2023-10-16,34.1,67.0,0.0,15.8,996.9,Low Risk,Rajkot (Gujarat)
2023-10-17,33.7,70.0,0.0,12.2,998.3,Low Risk,Rajkot (Gujarat)
2023-10-18,34.4,63.0,0.0,9.9,999.5,Low Risk,Rajkot (Gujarat)
2023-10-19,34.2,47.0,0.0,11.0,999.0,Low Risk,Rajkot (Gujarat)
2023-10-20,34.9,56.0,0.0,10.6,998.7,Low Risk,Rajkot (Gujarat)
2023-10-21,35.3,46.0,0.0,10.1,998.9,Low Risk,Rajkot (Gujarat)
2023-10-22,35.4,46.0,0.0,10.7,999.4,Low Risk,Rajkot (Gujarat)
2023-10-23,35.1,53.0,0.0,13.4,998.5,Low Risk,Rajkot (Gujarat)
2023-10-24,35.1,52.0,0.0,10.4,997.9,Low Risk,Rajkot (Gujarat)
2023-10-25,35.1,44.0,0.0,13.3,999.4,Low Risk,Rajkot (Gujarat)
2023-10-26,35.8,48.0,0.0,13.0,999.5,Low Risk,Rajkot (Gujarat)
2023-10-27,35.0,45.0,0.0,12.4,998.1,Low Risk,Rajkot (Gujarat)
2023-10-28,34.4,47.0,0.0,12.1,997.7,Low Risk,Rajkot (Gujarat)
2023-10-29,34.9,40.0,0.0,11.5,997.6,Low Risk,Rajkot (Gujarat)
2023-10-30,35.4,37.0,0.0,15.0,997.2,Low Risk,Rajkot (Gujarat)
2023-10-31,34.9,38.0,0.0,18.0,997.7,Low Risk,Rajkot (Gujarat)
2023-11-01,34.8,41.0,0.0,14.4,998.9,Low Risk,Rajkot (Gujarat)
2023-11-02,35.1,43.0,0.0,12.0,998.4,Low Risk,Rajkot (Gujarat)
2023-11-03,35.3,37.0,0.0,17.4,996.8,Low Risk,Rajkot (Gujarat)
2023-11-04,35.0,36.0,0.0,11.9,996.4,Low Risk,Rajkot (Gujarat)
2023-11-05,35.3,35.0,0.0,12.6,997.5,Low Risk,Rajkot (Gujarat)
2023-11-06,35.1,35.0,0.0,15.1,998.5,Low Risk,Rajkot (Gujarat)
2023-11-07,34.8,34.0,0.0,10.0,998.7,Low Risk,Rajkot (Gujarat)
2023-11-08,34.9,40.0,0.0,10.7,997.9,Low Risk,Rajkot (Gujarat)
2023-11-09,34.9,43.0,0.0,9.4,998.0,Low Risk,Rajkot (Gujarat)
2023-11-10,35.0,45.0,0.0,12.6,999.4,Low Risk,Rajkot (Gujarat)
2023-11-11,34.8,33.0,0.0,17.7,1001.3,Low Risk,Rajkot (Gujarat)
2023-11-12,33.6,29.0,0.0,16.6,1001.7,Low Risk,Rajkot (Gujarat)
2023-11-13,32.0,31.0,0.0,13.1,1000.6,Low Risk,Rajkot (Gujarat)
2023-11-14,33.1,34.0,0.0,12.7,999.8,Low Risk,Rajkot (Gujarat)
2023-11-15,32.4,38.0,0.0,11.7,999.7,Low Risk,Rajkot (Gujarat)
2023-11-16,32.2,39.0,0.0,12.8,999.8,Low Risk,Rajkot (Gujarat)
2023-11-17,32.0,38.0,0.0,14.8,999.8,Low Risk,Rajkot (Gujarat)
2023-11-18,31.7,40.0,0.0,13.1,998.9,Low Risk,Rajkot (Gujarat)
2023-11-19,32.5,38.0,0.0,12.4,998.9,Low Risk,Rajkot (Gujarat)
2023-11-20,33.9,41.0,0.0,12.2,999.0,Low Risk,Rajkot (Gujarat)
2023-11-21,33.9,42.0,0.0,14.5,999.3,Low Risk,Rajkot (Gujarat)
2023-11-22,32.9,41.0,0.0,13.1,998.7,Low Risk,Rajkot (Gujarat)
2023-11-23,31.9,40.0,0.0,12.1,997.0,Low Risk,Rajkot (Gujarat)
2023-11-24,32.7,39.0,0.0,17.2,997.0,Low Risk,Rajkot (Gujarat)
2023-11-25,33.5,41.0,0.0,19.6,997.8,Low Risk,Rajkot (Gujarat)
2023-11-26,29.2,80.0,27.2,10.8,997.5,Low Risk,Rajkot (Gujarat)
2023-11-27,25.9,76.0,0.1,12.0,997.5,Low Risk,Rajkot (Gujarat)
2023-11-28,26.5,74.0,0.0,13.4,997.8,Low Risk,Rajkot (Gujarat)
2023-11-29,27.1,67.0,0.0,12.6,998.4,Low Risk,Rajkot (Gujarat)
2023-11-30,27.7,65.0,0.0,14.2,999.0,Low Risk,Rajkot (Gujarat)
2023-12-01,28.2,60.0,0.0,19.5,998.8,Low Risk,Rajkot (Gujarat)
2023-12-02,28.1,67.0,0.1,17.6,998.2,Low Risk,Rajkot (Gujarat)
2023-12-03,29.1,74.0,0.7,16.3,998.6,Low Risk,Rajkot (Gujarat)
2023-12-04,28.3,69.0,0.0,17.1,998.6,Low Risk,Rajkot (Gujarat)
2023-12-05,27.7,62.0,0.0,18.1,998.1,Low Risk,Rajkot (Gujarat)
2023-12-06,27.9,67.0,0.0,17.2,998.4,Low Risk,Rajkot (Gujarat)
2023-12-07,27.9,60.0,0.0,14.1,998.8,Low Risk,Rajkot (Gujarat)
2023-12-08,28.0,58.0,0.0,13.7,999.1,Low Risk,Rajkot (Gujarat)
2023-12-09,28.0,55.0,0.0,12.0,1000.3,Low Risk,Rajkot (Gujarat)
2023-12-10,28.4,51.0,0.0,12.0,999.0,Low Risk,Rajkot (Gujarat)
2023-12-11,28.5,50.0,0.0,11.3,998.7,Low Risk,Rajkot (Gujarat)
2023-12-12,28.4,52.0,0.0,11.1,997.7,Low Risk,Rajkot (Gujarat)
2023-12-13,28.6,56.0,0.0,12.1,998.7,Low Risk,Rajkot (Gujarat)
2023-12-14,29.8,57.0,0.0,12.6,999.5,Low Risk,Rajkot (Gujarat)
2023-12-15,30.5,53.0,0.0,12.6,1000.0,Low Risk,Rajkot (Gujarat)
2023-12-16,29.5,50.0,0.0,13.6,1000.4,Low Risk,Rajkot (Gujarat)
2023-12-17,27.8,46.0,0.0,18.1,1001.0,Low Risk,Rajkot (Gujarat)
2023-12-18,27.5,45.0,0.0,22.2,1002.2,Low Risk,Rajkot (Gujarat)
2023-12-19,26.9,45.0,0.0,22.9,1002.6,Low Risk,Rajkot (Gujarat)
2023-12-20,26.5,47.0,0.0,19.3,1002.1,Low Risk,Rajkot (Gujarat)
2023-12-21,28.2,49.0,0.0,13.0,1000.2,Low Risk,Rajkot (Gujarat)
2023-12-22,29.7,56.0,0.0,9.6,999.4,Low Risk,Rajkot (Gujarat)
2023-12-23,30.6,60.0,0.0,10.0,1000.3,Low Risk,Rajkot (Gujarat)
2023-12-24,30.8,52.0,0.0,13.1,1002.3,Low Risk,Rajkot (Gujarat)
2023-12-25,30.1,50.0,0.0,10.2,1002.1,Low Risk,Rajkot (Gujarat)
2023-12-26,29.3,51.0,0.0,11.2,1001.7,Low Risk,Rajkot (Gujarat)
2023-12-27,29.1,51.0,0.0,10.2,1002.3,Low Risk,Rajkot (Gujarat)
2023-12-28,29.4,62.0,0.0,9.8,1000.1,Low Risk,Rajkot (Gujarat)
2023-12-29,30.1,66.0,0.0,9.6,999.7,Low Risk,Rajkot (Gujarat)
2023-12-30,30.0,63.0,0.0,12.1,999.6,Low Risk,Rajkot (Gujarat)
2023-12-31,28.4,51.0,0.0,13.0,999.7,Low Risk,Rajkot (Gujarat)
2024-01-01,27.3,62.0,0.0,12.0,1000.0,Low Risk,Rajkot (Gujarat)
2024-01-02,27.2,59.0,0.0,14.3,999.4,Low Risk,Rajkot (Gujarat)
2024-01-03,27.3,51.0,0.0,14.8,999.1,Low Risk,Rajkot (Gujarat)
2024-01-04,26.7,48.0,0.0,16.6,999.7,Low Risk,Rajkot (Gujarat)
2024-01-05,27.1,46.0,0.0,13.1,999.9,Low Risk,Rajkot (Gujarat)
2024-01-06,27.2,45.0,0.0,18.4,1000.5,Low Risk,Rajkot (Gujarat)
2024-01-07,27.3,56.0,0.0,17.3,1000.5,Low Risk,Rajkot (Gujarat)
2024-01-08,27.9,52.0,0.0,17.4,1000.6,Low Risk,Rajkot (Gujarat)
2024-01-09,26.8,39.0,0.1,23.6,1001.4,Low Risk,Rajkot (Gujarat)
2024-01-10,27.7,50.0,0.0,16.3,1001.1,Low Risk,Rajkot (Gujarat)
2024-01-11,29.1,45.0,0.0,13.0,1001.3,Low Risk,Rajkot (Gujarat)
2024-01-12,30.5,49.0,0.0,13.1,1000.3,Low Risk,Rajkot (Gujarat)
2024-01-13,29.6,43.0,0.0,13.2,1000.5,Low Risk,Rajkot (Gujarat)
2024-01-14,29.4,41.0,0.0,15.3,1001.2,Low Risk,Rajkot (Gujarat)
2024-01-15,27.8,44.0,0.0,10.4,1000.5,Low Risk,Rajkot (Gujarat)
2024-01-16,26.8,52.0,0.0,10.5,998.0,Low Risk,Rajkot (Gujarat)
2024-01-17,27.4,62.0,0.0,9.5,997.0,Low Risk,Rajkot (Gujarat)
2024-01-18,28.9,51.0,0.0,14.7,999.1,Low Risk,Rajkot (Gujarat)
2024-01-19,28.0,44.0,0.0,13.3,999.7,Low Risk,Rajkot (Gujarat)
2024-01-20,28.2,34.0,0.0,15.4,1001.1,Low Risk,Rajkot (Gujarat)
2024-01-21,28.4,32.0,0.0,14.9,1001.3,Low Risk,Rajkot (Gujarat)
2024-01-22,29.0,36.0,0.0,13.0,1001.3,Low Risk,Rajkot (Gujarat)
2024-01-23,28.3,47.0,0.0,10.6,1001.8,Low Risk,Rajkot (Gujarat)
2024-01-24,28.7,42.0,0.0,10.6,1001.4,Low Risk,Rajkot (Gujarat)
2024-01-25,29.2,37.0,0.0,10.8,1002.1,Low Risk,Rajkot (Gujarat)
2024-01-26,29.5,41.0,0.0,12.0,1002.9,Low Risk,Rajkot (Gujarat)
2024-01-27,30.9,40.0,0.0,11.6,1002.7,Low Risk,Rajkot (Gujarat)
2024-01-28,30.7,39.0,0.0,15.3,1001.8,Low Risk,Rajkot (Gujarat)
2024-01-29,28.4,58.0,0.0,11.7,1002.0,Low Risk,Rajkot (Gujarat)
2024-01-30,29.7,65.0,0.0,12.2,1000.8,Low Risk,Rajkot (Gujarat)
2024-01-31,29.7,64.0,0.0,15.8,1000.0,Low Risk,Rajkot (Gujarat)
2024-02-01,29.8,61.0,0.0,13.0,1000.4,Low Risk,Rajkot (Gujarat)
2024-02-02,30.7,62.0,0.0,9.1,1001.5,Low Risk,Rajkot (Gujarat)
2024-02-03,33.7,41.0,0.0,11.5,1000.9,Low Risk,Rajkot (Gujarat)
2024-02-04,34.1,45.0,0.0,18.2,1001.3,Low Risk,Rajkot (Gujarat)
2024-02-05,31.7,70.0,0.0,17.3,1001.6,Low Risk,Rajkot (Gujarat)
2024-02-06,30.8,60.0,0.0,14.4,1001.9,Low Risk,Rajkot (Gujarat)
2024-02-07,30.8,58.0,0.0,18.4,1003.3,Low Risk,Rajkot (Gujarat)
2024-02-08,29.0,42.0,0.0,17.6,1003.4,Low Risk,Rajkot (Gujarat)
2024-02-09,28.7,27.0,0.0,12.0,1002.2,Low Risk,Rajkot (Gujarat)
2024-02-10,29.3,27.0,0.0,14.1,1003.0,Low Risk,Rajkot (Gujarat)
2024-02-11,29.9,30.0,0.0,10.5,1002.9,Low Risk,Rajkot (Gujarat)
2024-02-12,29.5,27.0,0.0,16.4,1001.8,Low Risk,Rajkot (Gujarat)
2024-02-13,29.9,26.0,0.0,14.0,1002.0,Low Risk,Rajkot (Gujarat)
2024-02-14,29.8,24.0,0.0,17.0,1002.4,Low Risk,Rajkot (Gujarat)
2024-02-15,31.7,35.0,0.0,13.7,1001.3,Low Risk,Rajkot (Gujarat)
2024-02-16,34.5,37.0,0.0,16.6,1000.9,Low Risk,Rajkot (Gujarat)
2024-02-17,35.8,31.0,0.0,12.5,998.6,Low Risk,Rajkot (Gujarat)
2024-02-18,34.6,41.0,0.0,20.9,997.1,Low Risk,Rajkot (Gujarat)
2024-02-19,34.0,45.0,0.0,24.0,997.2,Low Risk,Rajkot (Gujarat)
2024-02-20,32.8,68.0,0.0,19.4,997.9,Low Risk,Rajkot (Gujarat)
2024-02-21,31.1,60.0,0.2,23.9,997.5,Low Risk,Rajkot (Gujarat)
2024-02-22,30.1,61.0,0.6,19.1,998.5,Low Risk,Rajkot (Gujarat)
2024-02-23,30.0,23.0,0.0,13.5,999.8,Low Risk,Rajkot (Gujarat)
2024-02-24,30.8,32.0,0.0,15.1,999.6,Low Risk,Rajkot (Gujarat)
2024-02-25,31.9,28.0,0.0,18.8,998.7,Low Risk,Rajkot (Gujarat)
2024-02-26,33.1,24.0,0.0,14.4,997.2,Low Risk,Rajkot (Gujarat)
2024-02-27,34.5,35.0,0.0,16.1,998.4,Low Risk,Rajkot (Gujarat)
2024-02-28,34.7,32.0,0.0,13.6,998.4,Low Risk,Rajkot (Gujarat)
2024-02-29,37.4,31.0,0.0,14.5,996.8,Low Risk,Rajkot (Gujarat)
2024-03-01,36.0,52.0,0.0,23.7,997.1,Low Risk,Rajkot (Gujarat)
2024-03-02,28.8,68.0,0.1,25.1,997.2,Low Risk,Rajkot (Gujarat)
2024-03-03,25.5,55.0,0.0,17.2,998.9,Low Risk,Rajkot (Gujarat)
2024-03-04,27.2,39.0,0.0,13.9,1000.3,Low Risk,Rajkot (Gujarat)
2024-03-05,29.3,23.0,0.0,12.7,1000.2,Low Risk,Rajkot (Gujarat)
2024-03-06,31.3,26.0,0.0,12.8,999.4,Low Risk,Rajkot (Gujarat)
2024-03-07,31.6,37.0,0.0,13.6,999.1,Low Risk,Rajkot (Gujarat)
2024-03-08,32.4,42.0,0.0,12.0,999.7,Low Risk,Rajkot (Gujarat)
2024-03-09,32.2,22.0,0.0,14.0,999.5,Low Risk,Rajkot (Gujarat)
2024-03-10,33.8,28.0,0.0,17.4,999.4,Low Risk,Rajkot (Gujarat)
2024-03-11,34.1,35.0,0.0,15.9,1001.1,Low Risk,Rajkot (Gujarat)
2024-03-12,34.0,50.0,0.0,13.5,1000.2,Low Risk,Rajkot (Gujarat)
2024-03-13,33.4,54.0,0.0,19.6,999.2,Low Risk,Rajkot (Gujarat)
2024-03-14,32.5,50.0,0.0,14.4,999.3,Low Risk,Rajkot (Gujarat)
2024-03-15,34.4,43.0,0.0,12.7,997.6,Low Risk,Rajkot (Gujarat)
2024-03-16,35.5,28.0,0.0,10.7,997.5,Low Risk,Rajkot (Gujarat)
2024-03-17,36.4,26.0,0.0,16.8,997.2,Low Risk,Rajkot (Gujarat)
2024-03-18,36.9,15.0,0.0,16.6,997.7,Low Risk,Rajkot (Gujarat)
2024-03-19,37.7,20.0,0.0,12.4,997.9,Low Risk,Rajkot (Gujarat)
2024-03-20,38.5,28.0,0.0,16.1,997.5,Low Risk,Rajkot (Gujarat)
2024-03-21,37.7,36.0,0.0,15.2,995.8,Low Risk,Rajkot (Gujarat)
2024-03-22,37.9,27.0,0.0,19.4,994.7,Low Risk,Rajkot (Gujarat)
2024-03-23,37.9,48.0,0.0,19.8,994.8,Low Risk,Rajkot (Gujarat)
2024-03-24,37.4,53.0,0.0,23.0,996.1,Low Risk,Rajkot (Gujarat)
2024-03-25,38.1,53.0,0.0,16.6,997.2,Low Risk,Rajkot (Gujarat)
2024-03-26,39.3,49.0,0.0,20.4,996.6,Low Risk,Rajkot (Gujarat)
2024-03-27,39.4,47.0,0.0,20.3,998.0,Low Risk,Rajkot (Gujarat)
2024-03-28,38.5,47.0,0.0,16.9,996.9,Low Risk,Rajkot (Gujarat)
2024-03-29,37.1,40.0,0.0,17.9,996.1,Low Risk,Rajkot (Gujarat)
2024-03-30,36.1,53.0,0.0,21.5,997.8,Low Risk,Rajkot (Gujarat)
2024-03-31,36.7,52.0,0.0,16.3,998.9,Low Risk,Rajkot (Gujarat)
2024-04-01,37.9,46.0,0.0,18.8,995.8,Low Risk,Rajkot (Gujarat)
2024-04-02,35.9,41.0,0.0,15.8,994.3,Low Risk,Rajkot (Gujarat)
2024-04-03,36.7,47.0,0.0,17.8,995.0,Low Risk,Rajkot (Gujarat)
2024-04-04,36.9,52.0,0.0,20.0,995.9,Low Risk,Rajkot (Gujarat)
2024-04-05,36.6,45.0,0.0,22.7,996.0,Low Risk,Rajkot (Gujarat)
2024-04-06,37.2,39.0,0.0,18.4,995.0,Low Risk,Rajkot (Gujarat)
2024-04-07,37.0,47.0,0.0,18.7,993.9,Low Risk,Rajkot (Gujarat)
2024-04-08,39.7,45.0,0.0,16.0,994.0,Low Risk,Rajkot (Gujarat)
2024-04-09,40.9,33.0,0.0,16.8,993.8,Low Risk,Rajkot (Gujarat)
2024-04-10,39.9,32.0,0.0,18.5,993.9,Low Risk,Rajkot (Gujarat)
2024-04-11,39.6,42.0,0.0,17.1,994.2,Low Risk,Rajkot (Gujarat)
2024-04-12,38.9,50.0,0.0,24.4,993.6,Low Risk,Rajkot (Gujarat)
2024-04-13,38.3,56.0,0.1,19.7,994.3,Low Risk,Rajkot (Gujarat)
2024-04-14,37.5,55.0,0.6,14.8,996.2,Low Risk,Rajkot (Gujarat)
2024-04-15,39.9,37.0,0.0,18.5,996.9,Low Risk,Rajkot (Gujarat)
2024-04-16,40.3,34.0,0.0,15.9,996.0,Low Risk,Rajkot (Gujarat)
2024-04-17,43.1,30.0,0.0,21.6,994.2,Low Risk,Rajkot (Gujarat)
2024-04-18,39.4,37.0,0.0,19.2,994.1,Low Risk,Rajkot (Gujarat)
2024-04-19,37.9,50.0,0.0,23.4,993.0,Low Risk,Rajkot (Gujarat)
2024-04-20,37.1,51.0,0.0,21.0,993.2,Low Risk,Rajkot (Gujarat)
2024-04-21,36.5,51.0,0.0,19.0,993.6,Low Risk,Rajkot (Gujarat)
2024-04-22,36.9,49.0,0.0,19.4,994.4,Low Risk,Rajkot (Gujarat)
2024-04-23,38.1,55.0,0.0,17.0,993.2,Low Risk,Rajkot (Gujarat)
2024-04-24,38.6,52.0,0.0,15.0,992.1,Low Risk,Rajkot (Gujarat)
2024-04-25,38.7,52.0,0.0,22.0,992.7,Low Risk,Rajkot (Gujarat)
2024-04-26,38.8,52.0,0.0,15.8,993.0,Low Risk,Rajkot (Gujarat)
2024-04-27,38.7,49.0,0.0,16.5,993.7,Low Risk,Rajkot (Gujarat)
2024-04-28,40.0,37.0,0.0,18.4,994.0,Low Risk,Rajkot (Gujarat)
2024-04-29,39.8,43.0,0.0,18.4,994.6,Low Risk,Rajkot (Gujarat)
2024-04-30,39.4,33.0,0.0,21.2,993.4,Low Risk,Rajkot (Gujarat)
2024-05-01,39.8,28.0,0.0,21.2,991.0,Low Risk,Rajkot (Gujarat)
2024-05-02,39.2,35.0,0.0,14.1,991.3,Low Risk,Rajkot (Gujarat)
2024-05-03,40.7,47.0,0.0,18.4,992.5,Low Risk,Rajkot (Gujarat)
2024-05-04,39.0,53.0,0.0,23.0,993.9,Low Risk,Rajkot (Gujarat)
2024-05-05,38.1,52.0,0.0,22.6,992.6,Low Risk,Rajkot (Gujarat)
2024-05-06,40.1,53.0,0.0,23.5,992.3,Low Risk,Rajkot (Gujarat)
2024-05-07,41.5,51.0,0.0,24.8,992.3,Low Risk,Rajkot (Gujarat)
2024-05-08,40.6,51.0,0.0,23.6,992.1,Low Risk,Rajkot (Gujarat)
2024-05-09,41.2,53.0,0.0,22.6,991.2,Low Risk,Rajkot (Gujarat)
2024-05-10,40.5,55.0,0.0,19.9,992.5,Low Risk,Rajkot (Gujarat)
2024-05-11,40.9,58.0,0.0,25.7,994.0,Low Risk,Rajkot (Gujarat)
2024-05-12,41.2,53.0,0.0,20.3,994.1,Low Risk,Rajkot (Gujarat)
2024-05-13,39.3,52.0,0.0,15.8,994.1,Low Risk,Rajkot (Gujarat)
2024-05-14,40.1,51.0,0.7,26.3,994.3,Low Risk,Rajkot (Gujarat)
2024-05-15,38.2,53.0,0.7,15.5,994.6,Low Risk,Rajkot (Gujarat)
2024-05-16,42.4,45.0,1.3,22.3,994.3,Low Risk,Rajkot (Gujarat)
2024-05-17,42.4,47.0,0.0,19.2,992.2,Low Risk,Rajkot (Gujarat)
2024-05-18,43.3,43.0,0.0,23.8,990.6,Low Risk,Rajkot (Gujarat)
2024-05-19,42.5,37.0,0.0,24.5,989.1,Low Risk,Rajkot (Gujarat)
2024-05-20,41.7,53.0,0.0,21.8,989.4,Low Risk,Rajkot (Gujarat)
2024-05-21,43.2,51.0,0.0,21.7,989.4,Low Risk,Rajkot (Gujarat)
2024-05-22,43.8,47.0,0.0,23.2,988.5,Low Risk,Rajkot (Gujarat)
2024-05-23,42.9,46.0,0.0,26.9,987.4,Low Risk,Rajkot (Gujarat)
2024-05-24,41.4,53.0,0.0,21.3,986.8,Low Risk,Rajkot (Gujarat)
2024-05-25,41.1,56.0,0.0,21.2,987.4,Low Risk,Rajkot (Gujarat)
2024-05-26,40.4,58.0,0.0,24.2,988.1,Low Risk,Rajkot (Gujarat)
2024-05-27,41.8,55.0,0.0,28.6,987.1,Low Risk,Rajkot (Gujarat)
2024-05-28,41.4,59.0,0.0,28.6,986.8,Low Risk,Rajkot (Gujarat)
2024-05-29,39.6,60.0,0.0,27.4,986.8,Low Risk,Rajkot (Gujarat)
2024-05-30,41.8,57.0,0.0,24.7,988.4,Low Risk,Rajkot (Gujarat)
2024-05-31,41.2,56.0,0.1,24.7,989.7,Low Risk,Rajkot (Gujarat)
2024-06-01,40.2,55.0,0.0,23.4,989.5,Low Risk,Rajkot (Gujarat)
2024-06-02,41.1,54.0,0.2,28.4,990.3,Low Risk,Rajkot (Gujarat)
2024-06-03,40.3,58.0,0.1,21.3,991.0,Low Risk,Rajkot (Gujarat)
2024-06-04,41.1,56.0,0.0,25.7,991.1,Low Risk,Rajkot (Gujarat)
2024-06-05,40.9,52.0,0.0,23.9,991.3,Low Risk,Rajkot (Gujarat)
2024-06-06,41.0,56.0,0.0,26.2,992.2,Low Risk,Rajkot (Gujarat)
2024-06-07,41.1,57.0,0.0,28.3,990.7,Low Risk,Rajkot (Gujarat)
2024-06-08,40.8,57.0,0.0,22.6,989.6,Low Risk,Rajkot (Gujarat)
2024-06-09,40.3,56.0,0.0,20.8,989.4,Low Risk,Rajkot (Gujarat)
2024-06-10,39.8,59.0,0.0,22.6,990.1,Low Risk,Rajkot (Gujarat)
2024-06-11,39.3,57.0,0.0,24.1,990.4,Low Risk,Rajkot (Gujarat)
2024-06-12,40.6,55.0,0.0,23.1,990.8,Low Risk,Rajkot (Gujarat)
2024-06-13,40.2,55.0,0.0,19.5,990.4,Low Risk,Rajkot (Gujarat)
2024-06-14,40.2,54.0,0.0,20.5,989.1,Low Risk,Rajkot (Gujarat)
2024-06-15,39.2,57.0,1.0,23.3,988.9,Low Risk,Rajkot (Gujarat)
2024-06-16,38.9,59.0,0.3,18.9,989.2,Low Risk,Rajkot (Gujarat)
2024-06-17,38.5,59.0,1.4,18.5,989.4,Low Risk,Rajkot (Gujarat)
2024-06-18,38.9,58.0,0.2,23.2,988.6,Low Risk,Rajkot (Gujarat)
2024-06-19,38.5,62.0,0.0,25.7,985.9,Low Risk,Rajkot (Gujarat)
2024-06-20,39.1,61.0,0.4,27.8,984.6,Low Risk,Rajkot (Gujarat)
2024-06-21,40.0,59.0,0.7,23.9,985.6,Low Risk,Rajkot (Gujarat)
2024-06-22,39.4,62.0,2.0,17.8,985.6,Low Risk,Rajkot (Gujarat)
2024-06-23,39.3,62.0,0.1,21.7,985.5,Low Risk,Rajkot (Gujarat)
2024-06-24,35.6,73.0,10.2,15.1,984.2,Low Risk,Rajkot (Gujarat)
2024-06-25,34.9,78.0,6.0,18.3,982.8,Low Risk,Rajkot (Gujarat)
2024-06-26,38.0,73.0,2.5,14.8,982.1,Low Risk,Rajkot (Gujarat)
2024-06-27,35.6,78.0,14.4,14.8,982.8,Low Risk,Rajkot (Gujarat)
2024-06-28,31.8,81.0,19.5,24.5,983.4,Low Risk,Rajkot (Gujarat)
2024-06-29,33.6,83.0,33.7,24.5,984.8,Low Risk,Rajkot (Gujarat)
2024-06-30,29.6,90.0,21.7,20.1,985.0,Low Risk,Rajkot (Gujarat)
2024-07-01,28.9,91.0,78.5,32.3,982.3,Flood Risk,Rajkot (Gujarat)
2024-07-02,31.3,83.0,55.2,27.1,982.5,Low Risk,Rajkot (Gujarat)
2024-07-03,33.2,77.0,0.7,24.3,984.0,Low Risk,Rajkot (Gujarat)
2024-07-04,33.0,79.0,1.7,20.9,985.9,Low Risk,Rajkot (Gujarat)
2024-07-05,30.0,85.0,1.6,17.6,984.4,Low Risk,Rajkot (Gujarat)
2024-07-06,33.3,79.0,0.2,24.7,982.8,Low Risk,Rajkot (Gujarat)
2024-07-07,34.0,74.0,0.5,25.3,984.5,Low Risk,Rajkot (Gujarat)
2024-07-08,32.6,79.0,1.4,13.9,986.0,Low Risk,Rajkot (Gujarat)
2024-07-09,33.3,85.0,24.4,12.6,987.4,Low Risk,Rajkot (Gujarat)
2024-07-10,32.5,82.0,4.2,15.1,988.9,Low Risk,Rajkot (Gujarat)
2024-07-11,32.6,80.0,3.9,20.3,988.4,Low Risk,Rajkot (Gujarat)
2024-07-12,32.4,78.0,1.2,24.8,985.9,Low Risk,Rajkot (Gujarat)
2024-07-13,32.6,77.0,1.8,21.5,985.4,Low Risk,Rajkot (Gujarat)
2024-07-14,32.5,78.0,1.5,19.9,984.7,Low Risk,Rajkot (Gujarat)
2024-07-15,31.6,85.0,29.1,13.0,985.4,Low Risk,Rajkot (Gujarat)
2024-07-16,32.5,87.0,79.3,13.8,984.2,Flood Risk,Rajkot (Gujarat)
2024-07-17,32.3,82.0,5.5,17.7,984.4,Low Risk,Rajkot (Gujarat)
2024-07-18,32.1,85.0,15.8,15.2,984.0,Low Risk,Rajkot (Gujarat)
2024-07-19,28.8,92.0,18.4,15.5,982.1,Low Risk,Rajkot (Gujarat)
2024-07-20,32.2,84.0,7.0,17.2,982.7,Low Risk,Rajkot (Gujarat)
2024-07-21,30.5,88.0,29.3,17.5,983.9,Low Risk,Rajkot (Gujarat)
2024-07-22,28.7,91.0,45.5,23.5,984.9,Low Risk,Rajkot (Gujarat)
2024-07-23,30.2,89.0,25.7,27.6,985.3,Low Risk,Rajkot (Gujarat)
2024-07-24,29.5,90.0,24.0,21.5,983.6,Low Risk,Rajkot (Gujarat)
2024-07-25,29.1,84.0,1.1,26.4,982.9,Low Risk,Rajkot (Gujarat)
2024-07-26,31.8,81.0,1.2,26.0,984.0,Low Risk,Rajkot (Gujarat)
2024-07-27,28.5,85.0,1.6,23.4,985.5,Low Risk,Rajkot (Gujarat)
2024-07-28,31.1,86.0,21.3,18.2,983.9,Low Risk,Rajkot (Gujarat)
2024-07-29,28.2,94.0,46.6,21.1,982.2,Low Risk,Rajkot (Gujarat)
2024-07-30,31.5,85.0,6.3,21.9,985.1,Low Risk,Rajkot (Gujarat)
2024-07-31,31.5,82.0,2.3,22.5,987.8,Low Risk,Rajkot (Gujarat)
2024-08-01,30.5,82.0,3.1,25.6,987.2,Low Risk,Rajkot (Gujarat)
2024-08-02,29.7,84.0,0.7,24.5,986.2,Low Risk,Rajkot (Gujarat)
2024-08-03,28.4,88.0,17.7,24.8,986.3,Low Risk,Rajkot (Gujarat)
2024-08-04,29.9,84.0,1.7,20.9,986.9,Low Risk,Rajkot (Gujarat)
2024-08-05,29.6,84.0,1.3,21.7,988.5,Low Risk,Rajkot (Gujarat)
2024-08-06,31.5,81.0,1.8,23.0,988.9,Low Risk,Rajkot (Gujarat)
2024-08-07,30.4,80.0,0.4,23.7,989.6,Low Risk,Rajkot (Gujarat)
2024-08-08,30.4,81.0,2.2,21.3,990.5,Low Risk,Rajkot (Gujarat)
2024-08-09,30.2,83.0,5.7,21.4,991.6,Low Risk,Rajkot (Gujarat)
2024-08-10,28.8,85.0,11.7,21.3,991.2,Low Risk,Rajkot (Gujarat)
2024-08-11,29.6,81.0,0.8,22.6,989.5,Low Risk,Rajkot (Gujarat)
2024-08-12,30.3,83.0,3.8,20.6,989.6,Low Risk,Rajkot (Gujarat)
2024-08-13,31.0,83.0,3.2,16.8,990.7,Low Risk,Rajkot (Gujarat)
2024-08-14,31.4,85.0,3.1,15.8,991.1,Low Risk,Rajkot (Gujarat)
2024-08-15,30.5,81.0,1.9,15.4,990.2,Low Risk,Rajkot (Gujarat)
2024-08-16,30.3,83.0,3.1,20.3,988.8,Low Risk,Rajkot (Gujarat)
2024-08-17,31.1,83.0,2.2,17.0,990.1,Low Risk,Rajkot (Gujarat)
2024-08-18,31.3,81.0,1.3,14.0,991.6,Low Risk,Rajkot (Gujarat)
2024-08-19,32.3,80.0,0.7,14.2,991.3,Low Risk,Rajkot (Gujarat)
2024-08-20,31.7,81.0,1.2,13.5,990.7,Low Risk,Rajkot (Gujarat)
2024-08-21,31.4,79.0,0.8,11.9,991.3,Low Risk,Rajkot (Gujarat)
2024-08-22,31.3,81.0,1.3,11.9,990.4,Low Risk,Rajkot (Gujarat)
2024-08-23,31.2,81.0,3.6,13.6,990.7,Low Risk,Rajkot (Gujarat)
2024-08-24,31.4,82.0,5.7,21.7,990.2,Low Risk,Rajkot (Gujarat)
2024-08-25,26.4,94.0,62.0,23.4,988.0,Low Risk,Rajkot (Gujarat)
2024-08-26,26.0,93.0,104.3,37.2,984.3,Flood Risk,Rajkot (Gujarat)
2024-08-27,26.0,93.0,121.2,43.1,982.2,Flood Risk,Rajkot (Gujarat)
2024-08-28,26.5,93.0,80.7,40.6,983.1,Flood Risk,Rajkot (Gujarat)
2024-08-29,28.7,89.0,8.0,35.2,984.0,Low Risk,Rajkot (Gujarat)
2024-08-30,30.8,82.0,3.3,29.5,987.8,Low Risk,Rajkot (Gujarat)
2024-08-31,31.5,80.0,1.5,13.7,991.3,Low Risk,Rajkot (Gujarat)
2024-09-01,31.4,82.0,0.5,12.6,991.6,Low Risk,Rajkot (Gujarat)
2024-09-02,31.1,83.0,0.3,12.1,990.5,Low Risk,Rajkot (Gujarat)
2024-09-03,27.6,92.0,44.6,12.3,990.7,Low Risk,Rajkot (Gujarat)
2024-09-04,28.8,87.0,7.8,19.8,990.9,Low Risk,Rajkot (Gujarat)
2024-09-05,29.3,90.0,28.3,20.0,989.3,Low Risk,Rajkot (Gujarat)
2024-09-06,30.4,85.0,0.4,16.8,990.4,Low Risk,Rajkot (Gujarat)
2024-09-07,30.5,86.0,1.0,14.5,991.5,Low Risk,Rajkot (Gujarat)
2024-09-08,31.4,81.0,0.3,13.3,991.8,Low Risk,Rajkot (Gujarat)
2024-09-09,30.9,81.0,0.6,15.4,989.7,Low Risk,Rajkot (Gujarat)
2024-09-10,30.2,82.0,1.6,15.2,988.6,Low Risk,Rajkot (Gujarat)
2024-09-11,31.5,79.0,0.0,14.9,989.2,Low Risk,Rajkot (Gujarat)
2024-09-12,30.6,79.0,0.7,17.3,990.6,Low Risk,Rajkot (Gujarat)
2024-09-13,30.6,79.0,1.2,19.7,990.9,Low Risk,Rajkot (Gujarat)
2024-09-14,31.0,78.0,0.9,17.1,990.5,Low Risk,Rajkot (Gujarat)
2024-09-15,31.7,78.0,0.2,17.6,991.8,Low Risk,Rajkot (Gujarat)
2024-09-16,31.9,77.0,0.0,13.3,993.3,Low Risk,Rajkot (Gujarat)
2024-09-17,31.4,78.0,0.8,11.8,993.7,Low Risk,Rajkot (Gujarat)
2024-09-18,31.6,78.0,0.2,11.9,992.0,Low Risk,Rajkot (Gujarat)
2024-09-19,32.4,76.0,0.0,13.6,992.2,Low Risk,Rajkot (Gujarat)
2024-09-20,32.9,75.0,0.0,15.7,992.3,Low Risk,Rajkot (Gujarat)
2024-09-21,32.6,73.0,0.0,14.4,993.2,Low Risk,Rajkot (Gujarat)
2024-09-22,33.3,73.0,0.4,15.1,993.1,Low Risk,Rajkot (Gujarat)
2024-09-23,32.7,75.0,1.1,14.3,992.4,Low Risk,Rajkot (Gujarat)
2024-09-24,33.2,76.0,0.4,14.8,990.8,Low Risk,Rajkot (Gujarat)
2024-09-25,31.6,81.0,6.2,13.9,989.8,Low Risk,Rajkot (Gujarat)
2024-09-26,31.9,84.0,18.1,16.6,988.9,Low Risk,Rajkot (Gujarat)
2024-09-27,30.6,90.0,20.8,15.9,989.2,Low Risk,Rajkot (Gujarat)
2024-09-28,28.2,92.0,35.1,13.7,991.7,Low Risk,Rajkot (Gujarat)
2024-09-29,29.9,88.0,0.4,11.4,994.6,Low Risk,Rajkot (Gujarat)
2024-09-30,31.6,85.0,1.3,12.3,995.7,Low Risk,Rajkot (Gujarat)
2024-10-01,32.1,82.0,0.3,13.9,994.1,Low Risk,Rajkot (Gujarat)
2023-01-01,32.9,74.0,0.0,12.2,1011.6,Low Risk,Guntur (Andhra)
2023-01-02,31.6,74.0,0.1,15.3,1012.0,Low Risk,Guntur (Andhra)
2023-01-03,31.3,71.0,0.0,14.9,1012.3,Low Risk,Guntur (Andhra)
2023-01-04,30.3,73.0,1.6,12.2,1011.8,Low Risk,Guntur (Andhra)
2023-01-05,29.5,72.0,0.6,17.3,1012.5,Low Risk,Guntur (Andhra)
2023-01-06,31.8,68.0,0.2,11.8,1013.4,Low Risk,Guntur (Andhra)
2023-01-07,31.8,70.0,0.1,10.9,1012.4,Low Risk,Guntur (Andhra)
2023-01-08,30.1,59.0,0.0,12.3,1011.7,Low Risk,Guntur (Andhra)
2023-01-09,30.6,64.0,0.0,8.9,1012.6,Low Risk,Guntur (Andhra)
2023-01-10,31.8,68.0,0.0,11.6,1012.0,Low Risk,Guntur (Andhra)
2023-01-11,32.6,68.0,0.0,10.0,1009.9,Low Risk,Guntur (Andhra)
2023-01-12,32.3,70.0,0.0,14.4,1008.7,Low Risk,Guntur (Andhra)
2023-01-13,32.0,72.0,0.0,17.8,1009.2,Low Risk,Guntur (Andhra)
2023-01-14,32.0,72.0,0.0,15.3,1009.0,Low Risk,Guntur (Andhra)
2023-01-15,32.6,68.0,0.0,17.4,1008.4,Low Risk,Guntur (Andhra)
2023-01-16,32.0,70.0,0.0,16.8,1009.3,Low Risk,Guntur (Andhra)
2023-01-17,31.0,73.0,0.0,17.3,1010.1,Low Risk,Guntur (Andhra)
2023-01-18,31.8,69.0,0.0,17.0,1011.5,Low Risk,Guntur (Andhra)
2023-01-19,31.5,69.0,0.0,17.5,1011.5,Low Risk,Guntur (Andhra)
2023-01-20,31.7,69.0,0.0,12.4,1011.0,Low Risk,Guntur (Andhra)
2023-01-21,32.5,68.0,0.0,15.3,1010.3,Low Risk,Guntur (Andhra)
2023-01-22,32.2,67.0,0.0,15.1,1009.6,Low Risk,Guntur (Andhra)
2023-01-23,31.6,69.0,0.0,15.0,1009.1,Low Risk,Guntur (Andhra)
2023-01-24,32.1,70.0,0.0,14.5,1009.4,Low Risk,Guntur (Andhra)
2023-01-25,32.0,67.0,0.0,14.1,1009.2,Low Risk,Guntur (Andhra)
2023-01-26,31.9,69.0,0.0,13.4,1009.1,Low Risk,Guntur (Andhra)
2023-01-27,32.7,68.0,0.0,11.5,1009.2,Low Risk,Guntur (Andhra)
2023-01-28,33.9,60.0,0.0,14.0,1008.0,Low Risk,Guntur (Andhra)
2023-01-29,33.1,69.0,0.2,18.3,1007.5,Low Risk,Guntur (Andhra)
2023-01-30,32.7,68.0,0.9,16.7,1009.0,Low Risk,Guntur (Andhra)
2023-01-31,34.4,62.0,0.0,13.0,1008.2,Low Risk,Guntur (Andhra)
2023-02-01,34.4,56.0,0.0,14.1,1007.8,Low Risk,Guntur (Andhra)
2023-02-02,34.1,56.0,0.0,17.9,1008.5,Low Risk,Guntur (Andhra)
2023-02-03,33.6,63.0,0.0,15.5,1009.0,Low Risk,Guntur (Andhra)
2023-02-04,34.3,66.0,0.0,12.8,1008.1,Low Risk,Guntur (Andhra)
2023-02-05,34.6,70.0,0.0,19.3,1007.7,Low Risk,Guntur (Andhra)
2023-02-06,33.6,69.0,0.0,16.9,1008.0,Low Risk,Guntur (Andhra)
2023-02-07,34.1,71.0,0.0,17.9,1007.4,Low Risk,Guntur (Andhra)
2023-02-08,35.3,70.0,0.0,15.0,1007.6,Low Risk,Guntur (Andhra)
2023-02-09,35.2,69.0,0.0,15.9,1007.9,Low Risk,Guntur (Andhra)
2023-02-10,36.3,64.0,0.0,18.2,1008.8,Low Risk,Guntur (Andhra)
2023-02-11,36.2,65.0,0.0,11.9,1009.0,Low Risk,Guntur (Andhra)
2023-02-12,37.1,63.0,0.0,11.6,1009.1,Low Risk,Guntur (Andhra)
2023-02-13,36.7,50.0,0.0,13.6,1009.4,Low Risk,Guntur (Andhra)
2023-02-14,35.5,59.0,0.0,9.0,1009.2,Low Risk,Guntur (Andhra)
2023-02-15,36.3,59.0,0.0,16.3,1007.8,Low Risk,Guntur (Andhra)
2023-02-16,36.5,67.0,0.0,14.3,1008.0,Low Risk,Guntur (Andhra)
2023-02-17,35.3,70.0,0.0,17.4,1008.7,Low Risk,Guntur (Andhra)
2023-02-18,33.7,69.0,0.0,15.8,1009.0,Low Risk,Guntur (Andhra)
2023-02-19,34.3,67.0,0.0,18.0,1009.2,Low Risk,Guntur (Andhra)
2023-02-20,36.2,64.0,0.0,18.0,1008.7,Low Risk,Guntur (Andhra)
2023-02-21,37.0,62.0,0.0,14.6,1008.8,Low Risk,Guntur (Andhra)
2023-02-22,37.1,65.0,0.0,18.5,1008.3,Low Risk,Guntur (Andhra)
2023-02-23,35.8,65.0,0.0,16.5,1008.5,Low Risk,Guntur (Andhra)
2023-02-24,36.6,65.0,0.0,17.7,1009.1,Low Risk,Guntur (Andhra)
2023-02-25,37.5,61.0,0.0,15.9,1010.5,Low Risk,Guntur (Andhra)
2023-02-26,36.2,63.0,0.0,19.7,1012.2,Low Risk,Guntur (Andhra)
2023-02-27,35.2,63.0,0.0,19.0,1012.3,Low Risk,Guntur (Andhra)
2023-02-28,36.1,63.0,0.0,17.9,1012.5,Low Risk,Guntur (Andhra)
2023-03-01,36.1,59.0,0.0,18.9,1012.6,Low Risk,Guntur (Andhra)
2023-03-02,36.7,55.0,0.0,17.6,1012.4,Low Risk,Guntur (Andhra)
2023-03-03,37.4,41.0,0.0,18.7,1012.7,Low Risk,Guntur (Andhra)
2023-03-04,37.4,50.0,0.0,20.3,1012.7,Low Risk,Guntur (Andhra)
2023-03-05,37.6,55.0,0.0,19.2,1012.2,Low Risk,Guntur (Andhra)
2023-03-06,37.8,51.0,0.0,22.6,1010.3,Low Risk,Guntur (Andhra)
2023-03-07,36.6,55.0,0.0,17.3,1010.3,Low Risk,Guntur (Andhra)
2023-03-08,36.9,56.0,0.0,19.6,1010.1,Low Risk,Guntur (Andhra)
2023-03-09,35.6,63.0,0.0,19.1,1009.7,Low Risk,Guntur (Andhra)
2023-03-10,36.9,66.0,0.0,19.3,1009.0,Low Risk,Guntur (Andhra)
2023-03-11,36.6,63.0,0.0,17.4,1009.3,Low Risk,Guntur (Andhra)
2023-03-12,36.6,64.0,0.0,20.7,1009.1,Low Risk,Guntur (Andhra)
2023-03-13,37.6,62.0,0.0,19.9,1007.8,Low Risk,Guntur (Andhra)
2023-03-14,37.9,62.0,0.0,21.3,1006.0,Low Risk,Guntur (Andhra)
2023-03-15,36.1,69.0,0.1,18.2,1005.5,Low Risk,Guntur (Andhra)
2023-03-16,33.4,73.0,3.9,16.6,1006.7,Low Risk,Guntur (Andhra)
2023-03-17,27.7,85.0,8.0,11.8,1008.0,Low Risk,Guntur (Andhra)
2023-03-18,27.5,86.0,32.5,17.6,1006.3,Low Risk,Guntur (Andhra)
2023-03-19,29.1,82.0,43.6,11.0,1005.1,Low Risk,Guntur (Andhra)
2023-03-20,29.6,83.0,0.2,15.1,1004.1,Low Risk,Guntur (Andhra)
2023-03-21,31.7,85.0,3.2,15.3,1004.2,Low Risk,Guntur (Andhra)
2023-03-22,31.7,82.0,2.3,12.6,1004.5,Low Risk,Guntur (Andhra)
2023-03-23,31.8,83.0,1.4,14.8,1004.6,Low Risk,Guntur (Andhra)
2023-03-24,33.8,82.0,0.1,12.7,1005.0,Low Risk,Guntur (Andhra)
2023-03-25,32.8,82.0,0.2,17.5,1006.3,Low Risk,Guntur (Andhra)
2023-03-26,32.1,84.0,2.5,13.2,1005.5,Low Risk,Guntur (Andhra)
2023-03-27,32.8,81.0,2.5,11.9,1004.8,Low Risk,Guntur (Andhra)
2023-03-28,34.1,80.0,0.5,16.9,1005.1,Low Risk,Guntur (Andhra)
2023-03-29,33.8,77.0,0.0,16.9,1006.2,Low Risk,Guntur (Andhra)
2023-03-30,33.8,75.0,0.1,16.0,1005.1,Low Risk,Guntur (Andhra)
2023-03-31,35.1,75.0,2.4,14.8,1004.1,Low Risk,Guntur (Andhra)
2023-04-01,33.3,75.0,1.3,17.7,1004.4,Low Risk,Guntur (Andhra)
2023-04-02,34.0,77.0,1.7,15.6,1004.3,Low Risk,Guntur (Andhra)
2023-04-03,33.9,77.0,2.5,17.4,1004.1,Low Risk,Guntur (Andhra)
2023-04-04,35.0,72.0,0.4,17.9,1005.1,Low Risk,Guntur (Andhra)
2023-04-05,36.6,73.0,0.5,14.7,1004.7,Low Risk,Guntur (Andhra)
2023-04-06,35.8,71.0,1.8,14.9,1005.5,Low Risk,Guntur (Andhra)
2023-04-07,36.5,70.0,0.6,15.3,1007.3,Low Risk,Guntur (Andhra)
2023-04-08,38.2,69.0,0.3,20.2,1009.1,Low Risk,Guntur (Andhra)
2023-04-09,39.2,64.0,0.0,18.9,1009.2,Low Risk,Guntur (Andhra)
2023-04-10,40.3,61.0,0.0,21.1,1007.6,Low Risk,Guntur (Andhra)
2023-04-11,40.1,54.0,0.0,20.3,1007.3,Low Risk,Guntur (Andhra)
2023-04-12,41.3,41.0,0.0,20.2,1006.2,Low Risk,Guntur (Andhra)
2023-04-13,42.4,41.0,0.0,19.9,1005.5,Low Risk,Guntur (Andhra)
2023-04-14,42.6,42.0,0.0,20.4,1005.0,Low Risk,Guntur (Andhra)
2023-04-15,42.3,39.0,0.0,13.8,1004.5,Low Risk,Guntur (Andhra)
2023-04-16,42.9,42.0,0.0,19.6,1003.1,Low Risk,Guntur (Andhra)
2023-04-17,41.0,43.0,0.0,18.6,1003.9,Low Risk,Guntur (Andhra)
2023-04-18,41.3,54.0,0.0,16.0,1004.9,Low Risk,Guntur (Andhra)
2023-04-19,41.2,56.0,0.0,17.7,1002.8,Low Risk,Guntur (Andhra)
2023-04-20,40.3,66.0,0.0,14.8,1000.5,Low Risk,Guntur (Andhra)
2023-04-21,41.0,64.0,0.3,16.0,1001.1,Low Risk,Guntur (Andhra)
2023-04-22,34.6,71.0,0.9,13.9,1001.6,Low Risk,Guntur (Andhra)
2023-04-23,32.8,76.0,8.8,19.3,1002.3,Low Risk,Guntur (Andhra)
2023-04-24,33.2,77.0,11.5,15.8,1004.6,Low Risk,Guntur (Andhra)
2023-04-25,34.6,73.0,10.2,17.8,1005.2,Low Risk,Guntur (Andhra)
2023-04-26,36.4,71.0,0.2,11.0,1004.8,Low Risk,Guntur (Andhra)
2023-04-27,37.6,69.0,0.3,16.8,1004.8,Low Risk,Guntur (Andhra)
2023-04-28,36.7,70.0,0.4,15.8,1005.2,Low Risk,Guntur (Andhra)
2023-04-29,33.9,73.0,5.2,14.0,1004.9,Low Risk,Guntur (Andhra)
2023-04-30,32.2,74.0,15.4,15.0,1003.4,Low Risk,Guntur (Andhra)
2023-05-01,28.2,85.0,40.4,14.5,1004.1,Low Risk,Guntur (Andhra)
2023-05-02,30.9,80.0,4.1,19.6,1004.8,Low Risk,Guntur (Andhra)
2023-05-03,32.5,82.0,3.4,12.5,1005.2,Low Risk,Guntur (Andhra)
2023-05-04,33.7,77.0,0.9,13.3,1004.2,Low Risk,Guntur (Andhra)
2023-05-05,33.3,83.0,17.1,10.6,1003.5,Low Risk,Guntur (Andhra)
2023-05-06,34.8,83.0,12.7,11.6,1002.5,Low Risk,Guntur (Andhra)
2023-05-07,35.2,74.0,0.5,6.8,1002.0,Low Risk,Guntur (Andhra)
2023-05-08,37.1,71.0,1.4,11.5,1001.3,Low Risk,Guntur (Andhra)
2023-05-09,37.2,76.0,11.0,13.8,1002.0,Low Risk,Guntur (Andhra)
2023-05-10,39.4,68.0,0.0,11.7,1001.1,Low Risk,Guntur (Andhra)
2023-05-11,38.7,64.0,2.3,14.6,1001.8,Low Risk,Guntur (Andhra)
2023-05-12,42.7,50.0,0.0,16.6,1000.7,Low Risk,Guntur (Andhra)
2023-05-13,42.6,47.0,0.0,20.0,999.8,Low Risk,Guntur (Andhra)
2023-05-14,44.3,32.0,0.0,23.7,997.8,Low Risk,Guntur (Andhra)
2023-05-15,43.0,30.0,0.0,23.2,999.3,Low Risk,Guntur (Andhra)
2023-05-16,43.3,30.0,0.0,23.2,1000.9,Low Risk,Guntur (Andhra)
2023-05-17,43.9,39.0,0.0,22.3,1002.7,Low Risk,Guntur (Andhra)
2023-05-18,39.6,68.0,0.4,16.9,1004.6,Low Risk,Guntur (Andhra)
2023-05-19,40.0,65.0,0.3,12.1,1003.1,Low Risk,Guntur (Andhra)
2023-05-20,41.7,65.0,0.0,20.9,1002.7,Low Risk,Guntur (Andhra)
2023-05-21,39.5,71.0,12.9,28.1,1003.8,Low Risk,Guntur (Andhra)
2023-05-22,39.3,70.0,3.2,13.9,1004.9,Low Risk,Guntur (Andhra)
2023-05-23,42.4,63.0,0.7,22.0,1004.6,Low Risk,Guntur (Andhra)
2023-05-24,39.3,69.0,20.0,16.2,1003.5,Low Risk,Guntur (Andhra)
2023-05-25,38.2,57.0,0.7,17.7,1003.1,Low Risk,Guntur (Andhra)
2023-05-26,41.5,49.0,1.2,22.4,1003.3,Low Risk,Guntur (Andhra)
2023-05-27,41.5,45.0,0.0,14.2,1001.6,Low Risk,Guntur (Andhra)
2023-05-28,41.9,48.0,0.0,20.9,1001.0,Low Risk,Guntur (Andhra)
2023-05-29,38.2,77.0,32.2,24.4,1003.0,Low Risk,Guntur (Andhra)
2023-05-30,35.7,83.0,23.9,23.1,1003.9,Low Risk,Guntur (Andhra)
2023-05-31,37.2,71.0,0.0,12.2,1002.3,Low Risk,Guntur (Andhra)
2023-06-01,39.1,64.0,0.5,17.4,1000.6,Low Risk,Guntur (Andhra)
2023-06-02,41.3,52.0,0.0,15.1,999.9,Low Risk,Guntur (Andhra)
2023-06-03,42.2,44.0,0.0,21.0,999.6,Low Risk,Guntur (Andhra)
2023-06-04,40.8,48.0,0.0,20.4,999.9,Low Risk,Guntur (Andhra)
2023-06-05,40.4,48.0,0.0,15.3,999.5,Low Risk,Guntur (Andhra)
2023-06-06,41.6,45.0,0.2,25.5,998.4,Low Risk,Guntur (Andhra)
2023-06-07,41.4,42.0,0.1,21.6,998.6,Low Risk,Guntur (Andhra)
2023-06-08,42.0,39.0,0.2,19.5,998.6,Low Risk,Guntur (Andhra)
2023-06-09,42.9,38.0,0.0,23.7,996.9,Low Risk,Guntur (Andhra)
2023-06-10,41.6,41.0,1.9,25.6,997.3,Low Risk,Guntur (Andhra)
2023-06-11,40.8,47.0,0.0,20.9,997.6,Low Risk,Guntur (Andhra)
2023-06-12,41.4,44.0,0.6,19.7,997.5,Low Risk,Guntur (Andhra)
2023-06-13,41.3,40.0,0.0,22.2,998.0,Low Risk,Guntur (Andhra)
2023-06-14,42.5,33.0,0.0,23.6,999.2,Low Risk,Guntur (Andhra)
2023-06-15,42.1,33.0,0.0,24.1,999.5,Low Risk,Guntur (Andhra)
2023-06-16,42.2,33.0,0.0,21.7,998.5,Low Risk,Guntur (Andhra)
2023-06-17,42.6,36.0,0.5,23.6,998.6,Low Risk,Guntur (Andhra)
2023-06-18,39.8,47.0,0.5,20.7,998.9,Low Risk,Guntur (Andhra)
2023-06-19,38.3,54.0,8.1,16.6,998.4,Low Risk,Guntur (Andhra)
2023-06-20,37.7,64.0,7.1,21.4,998.2,Low Risk,Guntur (Andhra)
2023-06-21,38.0,69.0,2.6,18.0,999.1,Low Risk,Guntur (Andhra)
2023-06-22,34.6,77.0,13.7,17.0,999.6,Low Risk,Guntur (Andhra)
2023-06-23,35.1,77.0,14.3,19.1,1000.1,Low Risk,Guntur (Andhra)
2023-06-24,33.3,83.0,2.2,12.2,999.6,Low Risk,Guntur (Andhra)
2023-06-25,34.0,64.0,0.0,16.6,998.8,Low Risk,Guntur (Andhra)
2023-06-26,34.2,68.0,0.0,18.9,999.7,Low Risk,Guntur (Andhra)
2023-06-27,36.4,58.0,0.0,16.7,999.5,Low Risk,Guntur (Andhra)
2023-06-28,37.6,54.0,0.0,14.9,1000.9,Low Risk,Guntur (Andhra)
2023-06-29,37.4,60.0,0.4,15.6,1001.2,Low Risk,Guntur (Andhra)
2023-06-30,38.6,49.0,0.1,18.8,1000.8,Low Risk,Guntur (Andhra)
2023-07-01,40.2,46.0,8.7,20.4,1000.7,Low Risk,Guntur (Andhra)
2023-07-02,39.3,65.0,4.7,24.9,999.8,Low Risk,Guntur (Andhra)
2023-07-03,36.7,68.0,8.3,19.6,998.8,Low Risk,Guntur (Andhra)
2023-07-04,35.5,77.0,7.5,16.8,997.3,Low Risk,Guntur (Andhra)
2023-07-05,34.0,79.0,30.7,13.4,995.9,Low Risk,Guntur (Andhra)
2023-07-06,31.1,80.0,4.5,18.2,998.4,Low Risk,Guntur (Andhra)
2023-07-07,34.0,62.0,0.9,19.3,1000.8,Low Risk,Guntur (Andhra)
2023-07-08,34.6,62.0,0.2,17.2,1001.7,Low Risk,Guntur (Andhra)
2023-07-09,36.4,63.0,12.2,15.7,1001.3,Low Risk,Guntur (Andhra)
2023-07-10,34.5,74.0,7.2,15.4,1001.2,Low Risk,Guntur (Andhra)
2023-07-11,32.9,67.0,0.6,19.5,1000.5,Low Risk,Guntur (Andhra)
2023-07-12,28.9,84.0,4.7,12.4,1000.7,Low Risk,Guntur (Andhra)
2023-07-13,33.6,79.0,2.2,15.3,1000.7,Low Risk,Guntur (Andhra)
2023-07-14,34.9,73.0,1.3,12.1,1001.1,Low Risk,Guntur (Andhra)
2023-07-15,34.4,69.0,7.3,17.6,1000.8,Low Risk,Guntur (Andhra)
2023-07-16,32.5,72.0,9.7,19.6,1000.6,Low Risk,Guntur (Andhra)
2023-07-17,34.3,63.0,0.2,21.5,999.4,Low Risk,Guntur (Andhra)
2023-07-18,30.3,84.0,13.8,22.3,998.5,Low Risk,Guntur (Andhra)
2023-07-19,28.5,85.0,18.1,19.6,996.7,Low Risk,Guntur (Andhra)
2023-07-20,29.1,83.0,15.5,19.1,996.7,Low Risk,Guntur (Andhra)
2023-07-21,31.7,78.0,5.1,28.2,997.5,Low Risk,Guntur (Andhra)
2023-07-22,32.1,80.0,3.3,21.3,999.3,Low Risk,Guntur (Andhra)
2023-07-23,31.2,86.0,12.7,17.8,1000.1,Low Risk,Guntur (Andhra)
2023-07-24,27.4,91.0,25.4,15.2,999.3,Low Risk,Guntur (Andhra)
2023-07-25,28.0,89.0,60.7,22.1,998.6,Low Risk,Guntur (Andhra)
2023-07-26,27.1,91.0,45.3,22.7,998.8,Low Risk,Guntur (Andhra)
2023-07-27,31.4,77.0,39.9,27.3,999.1,Low Risk,Guntur (Andhra)
2023-07-28,33.0,67.0,0.0,28.9,999.8,Low Risk,Guntur (Andhra)
2023-07-29,33.1,67.0,0.0,25.0,999.9,Low Risk,Guntur (Andhra)
2023-07-30,33.0,68.0,3.8,23.0,999.9,Low Risk,Guntur (Andhra)
2023-07-31,31.6,68.0,0.8,21.9,999.9,Low Risk,Guntur (Andhra)
2023-08-01,32.7,67.0,0.9,25.4,999.6,Low Risk,Guntur (Andhra)
2023-08-02,33.2,61.0,0.0,27.7,1000.1,Low Risk,Guntur (Andhra)
2023-08-03,34.2,62.0,0.5,25.9,1000.2,Low Risk,Guntur (Andhra)
2023-08-04,34.8,66.0,0.9,20.7,1002.3,Low Risk,Guntur (Andhra)
2023-08-05,34.8,61.0,0.0,18.0,1003.6,Low Risk,Guntur (Andhra)
2023-08-06,35.2,60.0,0.2,20.2,1002.6,Low Risk,Guntur (Andhra)
2023-08-07,35.1,57.0,0.2,21.4,1001.1,Low Risk,Guntur (Andhra)
2023-08-08,35.2,57.0,0.0,19.3,1001.6,Low Risk,Guntur (Andhra)
2023-08-09,35.1,60.0,1.8,17.9,1003.4,Low Risk,Guntur (Andhra)
2023-08-10,33.7,69.0,1.0,14.3,1004.1,Low Risk,Guntur (Andhra)
2023-08-11,36.0,67.0,0.9,14.1,1003.2,Low Risk,Guntur (Andhra)
2023-08-12,35.2,71.0,0.8,17.2,1002.6,Low Risk,Guntur (Andhra)
2023-08-13,35.8,66.0,0.1,15.7,1001.8,Low Risk,Guntur (Andhra)
2023-08-14,31.8,71.0,2.9,13.4,1002.9,Low Risk,Guntur (Andhra)
2023-08-15,34.9,70.0,1.6,17.6,1003.1,Low Risk,Guntur (Andhra)
2023-08-16,35.7,67.0,4.4,21.0,1002.9,Low Risk,Guntur (Andhra)
2023-08-17,34.1,70.0,4.5,19.1,1002.2,Low Risk,Guntur (Andhra)
2023-08-18,31.7,75.0,4.6,19.5,1000.7,Low Risk,Guntur (Andhra)
2023-08-19,34.4,74.0,3.4,19.9,1000.2,Low Risk,Guntur (Andhra)
2023-08-20,34.7,64.0,0.2,13.8,1000.7,Low Risk,Guntur (Andhra)
2023-08-21,34.6,74.0,3.3,10.9,1001.2,Low Risk,Guntur (Andhra)
2023-08-22,32.6,77.0,4.0,12.9,1001.4,Low Risk,Guntur (Andhra)
2023-08-23,34.6,74.0,6.0,17.6,1001.2,Low Risk,Guntur (Andhra)
2023-08-24,35.4,68.0,0.2,14.9,1000.7,Low Risk,Guntur (Andhra)
2023-08-25,36.2,64.0,0.1,10.9,1001.1,Low Risk,Guntur (Andhra)
2023-08-26,34.7,72.0,1.0,12.5,1002.6,Low Risk,Guntur (Andhra)
2023-08-27,34.1,75.0,6.6,20.0,1002.8,Low Risk,Guntur (Andhra)
2023-08-28,35.5,68.0,0.3,13.2,1001.9,Low Risk,Guntur (Andhra)
2023-08-29,36.0,57.0,0.0,16.6,1001.7,Low Risk,Guntur (Andhra)
2023-08-30,36.8,57.0,0.1,13.0,1002.0,Low Risk,Guntur (Andhra)
2023-08-31,37.2,58.0,0.1,14.2,1002.0,Low Risk,Guntur (Andhra)
2023-09-01,37.5,60.0,0.0,10.3,1002.1,Low Risk,Guntur (Andhra)
2023-09-02,34.1,73.0,5.1,20.4,1001.6,Low Risk,Guntur (Andhra)
2023-09-03,35.0,78.0,11.1,17.3,999.9,Low Risk,Guntur (Andhra)
2023-09-04,32.7,84.0,29.7,24.4,997.8,Low Risk,Guntur (Andhra)
2023-09-05,30.9,79.0,2.4,23.8,997.1,Low Risk,Guntur (Andhra)
2023-09-06,33.2,82.0,14.0,19.0,998.4,Low Risk,Guntur (Andhra)
2023-09-07,34.0,68.0,0.0,14.8,999.2,Low Risk,Guntur (Andhra)
2023-09-08,33.6,68.0,0.8,17.1,1000.4,Low Risk,Guntur (Andhra)
2023-09-09,35.2,70.0,3.8,18.5,1000.0,Low Risk,Guntur (Andhra)
2023-09-10,34.0,75.0,0.5,15.0,999.5,Low Risk,Guntur (Andhra)
2023-09-11,31.1,82.0,15.1,17.2,1000.0,Low Risk,Guntur (Andhra)
2023-09-12,32.0,77.0,1.9,17.4,1000.4,Low Risk,Guntur (Andhra)
2023-09-13,32.9,76.0,2.9,15.5,1000.3,Low Risk,Guntur (Andhra)
2023-09-14,31.9,77.0,1.9,16.9,1000.5,Low Risk,Guntur (Andhra)
2023-09-15,34.5,70.0,0.1,15.9,1000.6,Low Risk,Guntur (Andhra)
2023-09-16,35.2,68.0,0.1,15.7,1001.2,Low Risk,Guntur (Andhra)
2023-09-17,35.3,67.0,0.1,17.1,1000.7,Low Risk,Guntur (Andhra)
2023-09-18,35.5,72.0,2.0,16.4,1000.6,Low Risk,Guntur (Andhra)
2023-09-19,36.2,69.0,2.4,16.8,1001.9,Low Risk,Guntur (Andhra)
2023-09-20,36.0,72.0,4.9,16.1,1002.3,Low Risk,Guntur (Andhra)
2023-09-21,34.5,78.0,1.6,13.0,1003.1,Low Risk,Guntur (Andhra)
2023-09-22,33.6,81.0,6.6,7.8,1003.3,Low Risk,Guntur (Andhra)
2023-09-23,34.5,79.0,28.8,14.2,1003.5,Low Risk,Guntur (Andhra)
2023-09-24,35.3,82.0,20.3,9.2,1002.8,Low Risk,Guntur (Andhra)
2023-09-25,33.0,81.0,7.6,12.3,1001.8,Low Risk,Guntur (Andhra)
2023-09-26,34.3,79.0,3.0,10.0,1001.6,Low Risk,Guntur (Andhra)
2023-09-27,34.8,82.0,16.1,15.0,1001.9,Low Risk,Guntur (Andhra)
2023-09-28,35.1,82.0,18.2,10.9,1001.3,Low Risk,Guntur (Andhra)
2023-09-29,34.0,83.0,14.2,11.7,1001.5,Low Risk,Guntur (Andhra)
2023-09-30,33.9,79.0,4.6,10.9,1001.8,Low Risk,Guntur (Andhra)
2023-10-01,33.6,75.0,1.9,16.3,1001.2,Low Risk,Guntur (Andhra)
2023-10-02,32.9,74.0,0.2,14.1,1001.3,Low Risk,Guntur (Andhra)
2023-10-03,34.7,75.0,6.8,17.9,1001.9,Low Risk,Guntur (Andhra)
2023-10-04,35.9,64.0,14.0,16.9,1003.2,Low Risk,Guntur (Andhra)
2023-10-05,35.6,56.0,0.0,16.3,1003.2,Low Risk,Guntur (Andhra)
2023-10-06,35.9,55.0,0.0,18.0,1002.6,Low Risk,Guntur (Andhra)
2023-10-07,36.3,58.0,0.0,13.7,1003.3,Low Risk,Guntur (Andhra)
2023-10-08,36.5,66.0,0.0,11.3,1005.1,Low Risk,Guntur (Andhra)
2023-10-09,36.7,71.0,0.4,10.3,1006.5,Low Risk,Guntur (Andhra)
2023-10-10,36.2,70.0,0.0,10.0,1006.2,Low Risk,Guntur (Andhra)
2023-10-11,35.7,69.0,0.1,10.7,1006.3,Low Risk,Guntur (Andhra)
2023-10-12,35.8,70.0,0.3,12.3,1007.5,Low Risk,Guntur (Andhra)
2023-10-13,35.6,68.0,0.2,14.3,1008.4,Low Risk,Guntur (Andhra)
2023-10-14,36.7,65.0,0.2,14.0,1008.0,Low Risk,Guntur (Andhra)
2023-10-15,36.3,65.0,0.6,13.2,1006.6,Low Risk,Guntur (Andhra)
2023-10-16,35.3,65.0,0.3,15.3,1006.8,Low Risk,Guntur (Andhra)
2023-10-17,35.5,67.0,1.9,10.9,1007.7,Low Risk,Guntur (Andhra)
2023-10-18,36.3,60.0,0.3,13.7,1008.1,Low Risk,Guntur (Andhra)
2023-10-19,35.6,67.0,3.1,15.4,1008.3,Low Risk,Guntur (Andhra)
2023-10-20,34.8,70.0,0.6,12.9,1008.3,Low Risk,Guntur (Andhra)
2023-10-21,35.5,62.0,0.0,15.4,1008.4,Low Risk,Guntur (Andhra)
2023-10-22,36.4,52.0,0.0,17.8,1008.0,Low Risk,Guntur (Andhra)
2023-10-23,35.3,41.0,0.0,14.4,1006.7,Low Risk,Guntur (Andhra)
2023-10-24,35.5,45.0,0.0,11.9,1006.9,Low Risk,Guntur (Andhra)
2023-10-25,35.8,48.0,0.0,11.1,1008.3,Low Risk,Guntur (Andhra)
2023-10-26,35.5,55.0,0.0,12.3,1008.6,Low Risk,Guntur (Andhra)
2023-10-27,34.8,73.0,0.3,21.3,1007.9,Low Risk,Guntur (Andhra)
2023-10-28,32.5,78.0,1.9,14.5,1008.4,Low Risk,Guntur (Andhra)
2023-10-29,33.2,73.0,0.8,11.5,1008.0,Low Risk,Guntur (Andhra)
2023-10-30,32.2,78.0,3.1,12.9,1008.2,Low Risk,Guntur (Andhra)
2023-10-31,34.3,67.0,0.0,17.4,1008.4,Low Risk,Guntur (Andhra)
2023-11-01,35.2,67.0,0.0,21.1,1008.7,Low Risk,Guntur (Andhra)
2023-11-02,32.5,82.0,3.7,21.0,1008.0,Low Risk,Guntur (Andhra)
2023-11-03,31.4,82.0,1.9,11.5,1006.6,Low Risk,Guntur (Andhra)
2023-11-04,32.2,84.0,2.0,16.4,1007.0,Low Risk,Guntur (Andhra)
2023-11-05,30.6,85.0,1.5,14.5,1008.1,Low Risk,Guntur (Andhra)
2023-11-06,28.6,89.0,3.6,12.6,1009.3,Low Risk,Guntur (Andhra)
2023-11-07,29.6,88.0,11.1,12.7,1009.3,Low Risk,Guntur (Andhra)
2023-11-08,30.4,89.0,20.7,9.4,1009.0,Low Risk,Guntur (Andhra)
2023-11-09,31.3,80.0,0.0,10.5,1009.1,Low Risk,Guntur (Andhra)
2023-11-10,31.4,78.0,0.0,9.5,1010.5,Low Risk,Guntur (Andhra)
2023-11-11,31.9,76.0,0.0,10.0,1010.7,Low Risk,Guntur (Andhra)
2023-11-12,32.5,74.0,0.0,9.7,1010.5,Low Risk,Guntur (Andhra)
2023-11-13,32.5,71.0,0.0,13.1,1010.0,Low Risk,Guntur (Andhra)
2023-11-14,31.4,73.0,0.0,13.0,1009.3,Low Risk,Guntur (Andhra)
2023-11-15,30.7,69.0,0.0,10.9,1008.5,Low Risk,Guntur (Andhra)
2023-11-16,33.3,69.0,0.0,10.2,1008.0,Low Risk,Guntur (Andhra)
2023-11-17,32.5,77.0,0.1,8.9,1008.7,Low Risk,Guntur (Andhra)
2023-11-18,33.4,74.0,0.0,11.9,1009.0,Low Risk,Guntur (Andhra)
2023-11-19,32.5,74.0,0.1,15.3,1009.4,Low Risk,Guntur (Andhra)
2023-11-20,33.5,70.0,0.6,19.1,1009.1,Low Risk,Guntur (Andhra)
2023-11-21,29.7,82.0,4.2,17.4,1008.8,Low Risk,Guntur (Andhra)
2023-11-22,30.1,85.0,1.1,15.6,1008.1,Low Risk,Guntur (Andhra)
2023-11-23,30.1,88.0,5.6,14.8,1007.7,Low Risk,Guntur (Andhra)
2023-11-24,30.9,77.0,0.4,14.8,1007.9,Low Risk,Guntur (Andhra)
2023-11-25,32.1,75.0,1.4,15.7,1009.6,Low Risk,Guntur (Andhra)
2023-11-26,32.2,73.0,0.0,15.0,1010.2,Low Risk,Guntur (Andhra)
2023-11-27,32.2,72.0,0.3,17.9,1008.8,Low Risk,Guntur (Andhra)
2023-11-28,32.7,74.0,0.0,15.6,1007.7,Low Risk,Guntur (Andhra)
2023-11-29,32.9,78.0,1.5,17.1,1008.4,Low Risk,Guntur (Andhra)
2023-11-30,33.5,72.0,0.0,15.9,1008.8,Low Risk,Guntur (Andhra)
2023-12-01,32.7,69.0,0.0,13.3,1007.9,Low Risk,Guntur (Andhra)
2023-12-02,33.1,69.0,0.9,19.9,1006.8,Low Risk,Guntur (Andhra)
2023-12-03,31.3,66.0,0.5,28.0,1006.3,Low Risk,Guntur (Andhra)
2023-12-04,26.7,85.0,54.3,30.1,1004.0,Low Risk,Guntur (Andhra)
2023-12-05,24.5,95.0,84.4,37.9,999.6,Flood Risk,Guntur (Andhra)
2023-12-06,29.3,84.0,1.5,21.1,1004.6,Low Risk,Guntur (Andhra)
2023-12-07,29.6,82.0,0.0,9.5,1007.1,Low Risk,Guntur (Andhra)
2023-12-08,29.8,79.0,0.0,8.0,1008.0,Low Risk,Guntur (Andhra)
2023-12-09,30.1,76.0,0.1,9.2,1009.3,Low Risk,Guntur (Andhra)
2023-12-10,29.0,80.0,0.1,9.2,1008.9,Low Risk,Guntur (Andhra)
2023-12-11,29.1,77.0,0.0,8.8,1009.4,Low Risk,Guntur (Andhra)
2023-12-12,28.1,82.0,0.3,9.4,1008.8,Low Risk,Guntur (Andhra)
2023-12-13,28.7,74.0,0.0,9.7,1009.6,Low Risk,Guntur (Andhra)
2023-12-14,28.5,76.0,0.0,11.0,1011.1,Low Risk,Guntur (Andhra)
2023-12-15,27.7,75.0,0.0,12.8,1011.4,Low Risk,Guntur (Andhra)
2023-12-16,27.2,82.0,0.0,10.2,1010.5,Low Risk,Guntur (Andhra)
2023-12-17,28.9,81.0,0.1,13.2,1010.2,Low Risk,Guntur (Andhra)
2023-12-18,29.0,77.0,0.0,11.4,1011.1,Low Risk,Guntur (Andhra)
2023-12-19,28.8,76.0,0.0,11.6,1011.8,Low Risk,Guntur (Andhra)
2023-12-20,29.0,75.0,0.0,10.3,1011.7,Low Risk,Guntur (Andhra)
2023-12-21,28.8,76.0,0.0,9.0,1010.9,Low Risk,Guntur (Andhra)
2023-12-22,28.8,77.0,0.0,6.8,1011.0,Low Risk,Guntur (Andhra)
2023-12-23,29.5,77.0,0.1,10.7,1011.9,Low Risk,Guntur (Andhra)
2023-12-24,29.9,77.0,0.0,11.0,1013.3,Low Risk,Guntur (Andhra)
2023-12-25,30.1,78.0,0.0,11.9,1012.6,Low Risk,Guntur (Andhra)
2023-12-26,30.3,79.0,0.0,9.9,1012.5,Low Risk,Guntur (Andhra)
2023-12-27,30.3,76.0,0.0,10.1,1013.0,Low Risk,Guntur (Andhra)
2023-12-28,31.0,75.0,0.0,14.5,1011.9,Low Risk,Guntur (Andhra)
2023-12-29,30.5,73.0,0.0,13.7,1012.0,Low Risk,Guntur (Andhra)
2023-12-30,30.3,75.0,0.0,12.3,1011.3,Low Risk,Guntur (Andhra)
2023-12-31,30.8,76.0,0.0,16.2,1010.8,Low Risk,Guntur (Andhra)
2024-01-01,30.7,73.0,0.0,15.9,1011.1,Low Risk,Guntur (Andhra)
2024-01-02,30.2,74.0,0.1,14.2,1010.4,Low Risk,Guntur (Andhra)
2024-01-03,30.6,68.0,0.0,18.2,1010.0,Low Risk,Guntur (Andhra)
2024-01-04,30.8,67.0,0.0,16.0,1009.9,Low Risk,Guntur (Andhra)
2024-01-05,30.7,70.0,0.0,16.6,1010.1,Low Risk,Guntur (Andhra)
2024-01-06,30.6,72.0,0.0,17.3,1010.3,Low Risk,Guntur (Andhra)
2024-01-07,30.4,69.0,0.0,18.0,1010.8,Low Risk,Guntur (Andhra)
2024-01-08,29.4,71.0,0.1,14.3,1011.3,Low Risk,Guntur (Andhra)
2024-01-09,31.3,68.0,0.0,19.1,1011.3,Low Risk,Guntur (Andhra)
2024-01-10,32.0,70.0,0.0,13.6,1010.5,Low Risk,Guntur (Andhra)
2024-01-11,32.4,71.0,0.0,10.5,1010.7,Low Risk,Guntur (Andhra)
2024-01-12,32.4,76.0,0.2,15.0,1010.5,Low Risk,Guntur (Andhra)
2024-01-13,32.5,78.0,0.2,15.7,1010.5,Low Risk,Guntur (Andhra)
2024-01-14,32.6,77.0,0.1,13.7,1009.8,Low Risk,Guntur (Andhra)
2024-01-15,29.3,79.0,1.4,14.5,1009.5,Low Risk,Guntur (Andhra)
2024-01-16,30.7,75.0,0.4,13.7,1008.2,Low Risk,Guntur (Andhra)
2024-01-17,30.8,72.0,0.0,15.6,1008.3,Low Risk,Guntur (Andhra)
2024-01-18,31.7,71.0,0.0,18.0,1008.9,Low Risk,Guntur (Andhra)
2024-01-19,33.0,73.0,0.0,17.6,1009.1,Low Risk,Guntur (Andhra)
2024-01-20,32.4,73.0,0.0,16.4,1010.3,Low Risk,Guntur (Andhra)
2024-01-21,31.8,74.0,0.0,14.5,1010.0,Low Risk,Guntur (Andhra)
2024-01-22,31.7,76.0,0.0,15.7,1010.9,Low Risk,Guntur (Andhra)
2024-01-23,31.3,77.0,0.2,17.2,1010.3,Low Risk,Guntur (Andhra)
2024-01-24,31.3,74.0,0.3,16.3,1009.7,Low Risk,Guntur (Andhra)
2024-01-25,31.1,75.0,0.5,9.3,1011.4,Low Risk,Guntur (Andhra)
2024-01-26,30.4,77.0,1.0,13.5,1013.3,Low Risk,Guntur (Andhra)
2024-01-27,32.6,73.0,0.4,12.2,1013.2,Low Risk,Guntur (Andhra)
2024-01-28,32.1,72.0,0.3,14.1,1012.9,Low Risk,Guntur (Andhra)
2024-01-29,32.1,72.0,0.0,16.0,1012.4,Low Risk,Guntur (Andhra)
2024-01-30,32.1,70.0,0.0,17.6,1011.5,Low Risk,Guntur (Andhra)
2024-01-31,32.4,74.0,0.0,14.5,1011.0,Low Risk,Guntur (Andhra)
2024-02-01,32.0,76.0,0.1,14.4,1010.7,Low Risk,Guntur (Andhra)
2024-02-02,32.3,78.0,0.6,12.9,1010.3,Low Risk,Guntur (Andhra)
2024-02-03,32.1,77.0,2.0,13.9,1011.3,Low Risk,Guntur (Andhra)
2024-02-04,32.7,77.0,1.1,12.7,1012.6,Low Risk,Guntur (Andhra)
2024-02-05,34.4,76.0,0.0,15.5,1012.5,Low Risk,Guntur (Andhra)
2024-02-06,35.5,75.0,0.0,16.2,1012.0,Low Risk,Guntur (Andhra)
2024-02-07,36.1,69.0,0.0,11.1,1011.1,Low Risk,Guntur (Andhra)
2024-02-08,36.7,65.0,0.0,13.0,1010.1,Low Risk,Guntur (Andhra)
2024-02-09,33.0,77.0,1.4,15.3,1011.3,Low Risk,Guntur (Andhra)
2024-02-10,33.3,75.0,1.4,16.0,1012.6,Low Risk,Guntur (Andhra)
2024-02-11,34.2,70.0,0.0,17.6,1013.3,Low Risk,Guntur (Andhra)
2024-02-12,33.6,70.0,0.0,16.6,1013.0,Low Risk,Guntur (Andhra)
2024-02-13,34.1,74.0,0.0,16.2,1012.5,Low Risk,Guntur (Andhra)
2024-02-14,34.5,70.0,0.0,15.9,1011.5,Low Risk,Guntur (Andhra)
2024-02-15,34.9,68.0,0.0,15.6,1011.4,Low Risk,Guntur (Andhra)
2024-02-16,35.4,63.0,0.0,15.1,1011.9,Low Risk,Guntur (Andhra)
2024-02-17,35.2,66.0,0.0,16.8,1010.2,Low Risk,Guntur (Andhra)
2024-02-18,35.0,70.0,0.0,17.1,1009.1,Low Risk,Guntur (Andhra)
2024-02-19,34.9,69.0,0.0,16.8,1009.3,Low Risk,Guntur (Andhra)
2024-02-20,35.3,72.0,0.0,19.8,1008.5,Low Risk,Guntur (Andhra)
2024-02-21,35.9,65.0,0.0,20.2,1007.0,Low Risk,Guntur (Andhra)
2024-02-22,35.0,72.0,0.0,17.6,1007.0,Low Risk,Guntur (Andhra)
2024-02-23,33.5,73.0,0.7,17.3,1007.1,Low Risk,Guntur (Andhra)
2024-02-24,33.3,73.0,3.1,21.0,1007.7,Low Risk,Guntur (Andhra)
2024-02-25,33.0,68.0,0.2,19.0,1008.0,Low Risk,Guntur (Andhra)
2024-02-26,34.3,67.0,0.5,18.1,1009.3,Low Risk,Guntur (Andhra)
2024-02-27,35.8,69.0,0.0,17.7,1009.5,Low Risk,Guntur (Andhra)
2024-02-28,35.7,70.0,0.0,18.1,1008.7,Low Risk,Guntur (Andhra)
2024-02-29,36.5,69.0,0.0,15.3,1008.7,Low Risk,Guntur (Andhra)
2024-03-01,35.5,72.0,0.5,16.3,1009.5,Low Risk,Guntur (Andhra)
2024-03-02,36.1,69.0,0.0,16.7,1008.6,Low Risk,Guntur (Andhra)
2024-03-03,36.4,67.0,0.0,17.0,1007.7,Low Risk,Guntur (Andhra)
2024-03-04,34.6,68.0,0.0,17.5,1007.8,Low Risk,Guntur (Andhra)
2024-03-05,36.5,71.0,0.1,14.9,1007.9,Low Risk,Guntur (Andhra)
2024-03-06,36.1,71.0,0.1,15.3,1007.5,Low Risk,Guntur (Andhra)
2024-03-07,37.0,65.0,0.0,16.4,1006.5,Low Risk,Guntur (Andhra)
2024-03-08,36.6,70.0,0.0,16.1,1007.1,Low Risk,Guntur (Andhra)
2024-03-09,36.1,71.0,0.9,15.9,1007.6,Low Risk,Guntur (Andhra)
2024-03-10,35.3,68.0,0.4,16.7,1009.5,Low Risk,Guntur (Andhra)
2024-03-11,34.9,68.0,0.3,15.0,1010.3,Low Risk,Guntur (Andhra)
2024-03-12,37.8,67.0,0.0,17.9,1008.8,Low Risk,Guntur (Andhra)
2024-03-13,36.9,68.0,0.1,19.4,1007.2,Low Risk,Guntur (Andhra)
2024-03-14,38.0,63.0,0.1,16.2,1007.4,Low Risk,Guntur (Andhra)
2024-03-15,35.2,70.0,0.0,19.7,1007.1,Low Risk,Guntur (Andhra)
2024-03-16,35.7,65.0,0.1,18.1,1007.8,Low Risk,Guntur (Andhra)
2024-03-17,36.3,65.0,0.0,17.7,1008.3,Low Risk,Guntur (Andhra)
2024-03-18,37.0,66.0,0.3,16.1,1007.5,Low Risk,Guntur (Andhra)
2024-03-19,36.9,64.0,0.2,16.3,1007.0,Low Risk,Guntur (Andhra)
2024-03-20,33.0,72.0,6.1,16.3,1008.3,Low Risk,Guntur (Andhra)
2024-03-21,36.9,67.0,0.0,21.8,1008.0,Low Risk,Guntur (Andhra)
2024-03-22,36.0,69.0,0.2,18.1,1005.8,Low Risk,Guntur (Andhra)
2024-03-23,36.1,71.0,0.0,17.6,1005.3,Low Risk,Guntur (Andhra)
2024-03-24,36.7,68.0,0.0,15.6,1007.3,Low Risk,Guntur (Andhra)
2024-03-25,37.5,67.0,0.0,16.9,1007.6,Low Risk,Guntur (Andhra)
2024-03-26,36.7,69.0,0.0,16.7,1008.2,Low Risk,Guntur (Andhra)
2024-03-27,36.1,69.0,0.0,17.4,1009.5,Low Risk,Guntur (Andhra)
2024-03-28,37.8,67.0,0.1,16.7,1007.2,Low Risk,Guntur (Andhra)
2024-03-29,38.7,67.0,0.1,19.6,1006.1,Low Risk,Guntur (Andhra)
2024-03-30,39.3,66.0,0.0,16.3,1007.1,Low Risk,Guntur (Andhra)
2024-03-31,39.0,64.0,0.0,16.6,1008.1,Low Risk,Guntur (Andhra)
2024-04-01,38.5,68.0,0.0,16.0,1005.4,Low Risk,Guntur (Andhra)
2024-04-02,38.8,67.0,0.0,17.1,1003.8,Low Risk,Guntur (Andhra)
2024-04-03,37.9,68.0,0.0,19.4,1004.5,Low Risk,Guntur (Andhra)
2024-04-04,38.7,66.0,0.0,21.0,1004.8,Low Risk,Guntur (Andhra)
2024-04-05,41.0,67.0,0.0,17.5,1003.8,Low Risk,Guntur (Andhra)
2024-04-06,42.1,53.0,0.0,19.5,1002.6,Low Risk,Guntur (Andhra)
2024-04-07,41.5,49.0,0.0,24.2,1001.9,Low Risk,Guntur (Andhra)
2024-04-08,39.1,64.0,0.0,23.4,1004.9,Low Risk,Guntur (Andhra)
2024-04-09,39.4,63.0,1.0,18.2,1006.3,Low Risk,Guntur (Andhra)
2024-04-10,39.3,65.0,0.0,19.5,1006.2,Low Risk,Guntur (Andhra)
2024-04-11,39.0,66.0,0.2,17.8,1006.5,Low Risk,Guntur (Andhra)
2024-04-12,38.5,68.0,9.9,16.0,1006.6,Low Risk,Guntur (Andhra)
2024-04-13,38.8,61.0,0.0,19.6,1006.2,Low Risk,Guntur (Andhra)
2024-04-14,39.3,66.0,0.4,18.0,1006.7,Low Risk,Guntur (Andhra)
2024-04-15,40.1,62.0,0.0,19.4,1006.5,Low Risk,Guntur (Andhra)
2024-04-16,41.1,51.0,0.0,20.5,1004.9,Low Risk,Guntur (Andhra)
2024-04-17,42.2,54.0,0.0,22.2,1003.7,Low Risk,Guntur (Andhra)
2024-04-18,42.6,56.0,0.0,20.4,1002.4,Low Risk,Guntur (Andhra)
2024-04-19,41.3,64.0,0.0,17.2,1001.0,Low Risk,Guntur (Andhra)
2024-04-20,40.5,63.0,0.0,14.1,1001.6,Low Risk,Guntur (Andhra)
2024-04-21,40.3,67.0,0.0,19.0,1002.2,Low Risk,Guntur (Andhra)
2024-04-22,41.1,63.0,0.0,17.0,1003.0,Low Risk,Guntur (Andhra)
2024-04-23,41.0,61.0,0.0,17.3,1002.7,Low Risk,Guntur (Andhra)
2024-04-24,41.7,61.0,0.0,17.8,1002.0,Low Risk,Guntur (Andhra)
2024-04-25,41.1,65.0,0.0,17.5,1002.3,Low Risk,Guntur (Andhra)
2024-04-26,40.4,66.0,0.0,16.8,1002.2,Low Risk,Guntur (Andhra)
2024-04-27,41.4,67.0,0.0,16.9,1002.4,Low Risk,Guntur (Andhra)
2024-04-28,42.0,63.0,0.0,17.6,1002.6,Low Risk,Guntur (Andhra)
2024-04-29,41.0,64.0,0.1,17.8,1003.8,Low Risk,Guntur (Andhra)
2024-04-30,40.5,61.0,0.0,20.3,1001.8,Low Risk,Guntur (Andhra)
2024-05-01,44.0,63.0,0.0,18.8,998.8,Low Risk,Guntur (Andhra)
2024-05-02,43.4,65.0,0.0,22.4,999.0,Low Risk,Guntur (Andhra)
2024-05-03,42.7,65.0,0.0,19.1,1000.2,Low Risk,Guntur (Andhra)
2024-05-04,41.7,67.0,0.0,18.7,1000.9,Low Risk,Guntur (Andhra)
2024-05-05,40.9,66.0,6.8,19.1,999.9,Low Risk,Guntur (Andhra)
2024-05-06,42.1,68.0,0.0,18.4,1000.6,Low Risk,Guntur (Andhra)
2024-05-07,31.9,82.0,35.1,21.4,1004.2,Low Risk,Guntur (Andhra)
2024-05-08,36.4,71.0,1.6,17.4,1003.5,Low Risk,Guntur (Andhra)
2024-05-09,34.5,76.0,10.5,15.9,1003.1,Low Risk,Guntur (Andhra)
2024-05-10,36.3,71.0,0.2,15.5,1003.7,Low Risk,Guntur (Andhra)
2024-05-11,37.1,72.0,2.2,17.9,1004.5,Low Risk,Guntur (Andhra)
2024-05-12,38.4,69.0,1.0,15.7,1004.3,Low Risk,Guntur (Andhra)
2024-05-13,37.9,71.0,2.9,14.5,1004.0,Low Risk,Guntur (Andhra)
2024-05-14,35.7,76.0,3.5,11.4,1003.9,Low Risk,Guntur (Andhra)
2024-05-15,37.3,69.0,1.9,18.7,1004.5,Low Risk,Guntur (Andhra)
2024-05-16,30.1,87.0,44.8,15.6,1005.4,Low Risk,Guntur (Andhra)
2024-05-17,32.4,84.0,20.2,15.9,1003.8,Low Risk,Guntur (Andhra)
2024-05-18,32.0,83.0,13.5,12.4,1002.3,Low Risk,Guntur (Andhra)
2024-05-19,36.0,78.0,31.3,15.5,1000.5,Low Risk,Guntur (Andhra)
2024-05-20,35.3,78.0,24.1,11.9,1000.3,Low Risk,Guntur (Andhra)
2024-05-21,34.8,74.0,12.3,16.9,999.9,Low Risk,Guntur (Andhra)
2024-05-22,35.6,76.0,18.5,21.3,999.0,Low Risk,Guntur (Andhra)
2024-05-23,37.8,71.0,10.0,12.7,997.2,Low Risk,Guntur (Andhra)
2024-05-24,39.0,72.0,3.3,17.6,995.9,Low Risk,Guntur (Andhra)
2024-05-25,34.3,80.0,13.0,16.5,995.3,Low Risk,Guntur (Andhra)
2024-05-26,41.4,55.0,0.0,14.3,994.2,Low Risk,Guntur (Andhra)
2024-05-27,42.3,44.0,0.0,19.2,994.3,Low Risk,Guntur (Andhra)
2024-05-28,41.8,44.0,0.0,22.3,995.4,Low Risk,Guntur (Andhra)
2024-05-29,43.1,42.0,0.0,18.4,995.5,Low Risk,Guntur (Andhra)
2024-05-30,44.6,46.0,0.5,15.6,996.4,Low Risk,Guntur (Andhra)
2024-05-31,45.0,49.0,0.0,16.0,997.1,Low Risk,Guntur (Andhra)
2024-06-01,40.4,64.0,1.8,20.2,999.1,Low Risk,Guntur (Andhra)
2024-06-02,35.0,76.0,8.9,18.6,1001.3,Low Risk,Guntur (Andhra)
2024-06-03,34.2,77.0,7.1,9.9,1001.9,Low Risk,Guntur (Andhra)
2024-06-04,36.9,66.0,15.0,15.5,1001.7,Low Risk,Guntur (Andhra)
2024-06-05,34.5,83.0,61.3,14.1,1002.4,Low Risk,Guntur (Andhra)
2024-06-06,33.2,80.0,20.5,14.3,1002.6,Low Risk,Guntur (Andhra)
2024-06-07,32.6,85.0,25.0,13.5,1001.7,Low Risk,Guntur (Andhra)
2024-06-08,32.5,79.0,1.7,13.1,1000.9,Low Risk,Guntur (Andhra)
2024-06-09,34.4,75.0,0.9,17.6,1000.0,Low Risk,Guntur (Andhra)
2024-06-10,33.5,74.0,8.8,15.5,999.6,Low Risk,Guntur (Andhra)
2024-06-11,34.4,67.0,0.3,21.0,999.5,Low Risk,Guntur (Andhra)
2024-06-12,34.7,70.0,3.4,21.3,1000.4,Low Risk,Guntur (Andhra)
2024-06-13,35.9,71.0,7.0,16.3,1000.8,Low Risk,Guntur (Andhra)
2024-06-14,36.2,64.0,0.6,19.3,999.9,Low Risk,Guntur (Andhra)
2024-06-15,37.1,62.0,1.5,17.5,999.3,Low Risk,Guntur (Andhra)
2024-06-16,37.4,60.0,5.1,20.5,1000.3,Low Risk,Guntur (Andhra)
2024-06-17,38.4,66.0,2.8,13.9,1000.5,Low Risk,Guntur (Andhra)
2024-06-18,39.3,63.0,2.2,14.5,999.4,Low Risk,Guntur (Andhra)
2024-06-19,36.6,70.0,7.6,17.7,998.6,Low Risk,Guntur (Andhra)
2024-06-20,37.6,55.0,0.1,18.1,998.3,Low Risk,Guntur (Andhra)
2024-06-21,37.6,67.0,10.4,19.7,998.3,Low Risk,Guntur (Andhra)
2024-06-22,34.4,67.0,1.5,19.9,997.0,Low Risk,Guntur (Andhra)
2024-06-23,36.6,70.0,3.8,15.7,996.8,Low Risk,Guntur (Andhra)
2024-06-24,37.7,62.0,0.2,14.5,996.3,Low Risk,Guntur (Andhra)
2024-06-25,38.5,62.0,11.4,16.6,995.9,Low Risk,Guntur (Andhra)
2024-06-26,33.5,78.0,12.7,13.0,996.3,Low Risk,Guntur (Andhra)
2024-06-27,27.6,93.0,26.0,13.5,998.4,Low Risk,Guntur (Andhra)
2024-06-28,33.2,81.0,10.3,14.8,999.4,Low Risk,Guntur (Andhra)
2024-06-29,34.0,73.0,0.9,14.5,1000.0,Low Risk,Guntur (Andhra)
2024-06-30,33.1,78.0,1.0,12.4,1001.0,Low Risk,Guntur (Andhra)
2024-07-01,33.1,80.0,12.6,16.6,1000.6,Low Risk,Guntur (Andhra)
2024-07-02,34.6,68.0,0.1,16.0,999.2,Low Risk,Guntur (Andhra)
2024-07-03,34.7,74.0,0.8,18.7,999.7,Low Risk,Guntur (Andhra)
2024-07-04,34.8,71.0,0.4,15.6,1000.5,Low Risk,Guntur (Andhra)
2024-07-05,35.0,69.0,7.1,13.8,999.4,Low Risk,Guntur (Andhra)
2024-07-06,31.3,85.0,21.6,19.7,999.1,Low Risk,Guntur (Andhra)
2024-07-07,29.6,87.0,13.8,11.3,999.3,Low Risk,Guntur (Andhra)
2024-07-08,31.8,75.0,0.9,15.0,998.3,Low Risk,Guntur (Andhra)
2024-07-09,30.4,85.0,15.5,14.4,1000.2,Low Risk,Guntur (Andhra)
2024-07-10,33.8,76.0,1.0,11.8,1002.0,Low Risk,Guntur (Andhra)
2024-07-11,33.5,74.0,1.2,20.5,1000.8,Low Risk,Guntur (Andhra)
2024-07-12,34.7,72.0,1.0,15.5,998.8,Low Risk,Guntur (Andhra)
2024-07-13,27.8,93.0,37.5,15.5,998.3,Low Risk,Guntur (Andhra)
2024-07-14,27.3,91.0,17.8,15.3,996.4,Low Risk,Guntur (Andhra)
2024-07-15,28.1,91.0,13.2,17.3,995.3,Low Risk,Guntur (Andhra)
2024-07-16,32.5,83.0,12.2,17.2,995.8,Low Risk,Guntur (Andhra)
2024-07-17,31.5,85.0,10.9,18.4,997.4,Low Risk,Guntur (Andhra)
2024-07-18,28.6,87.0,21.6,17.5,996.9,Low Risk,Guntur (Andhra)
2024-07-19,26.3,91.0,54.8,21.5,995.5,Low Risk,Guntur (Andhra)
2024-07-20,26.4,92.0,33.9,20.1,996.4,Low Risk,Guntur (Andhra)
2024-07-21,30.2,87.0,11.9,19.1,997.8,Low Risk,Guntur (Andhra)
2024-07-22,31.4,82.0,5.8,19.1,999.5,Low Risk,Guntur (Andhra)
2024-07-23,30.2,77.0,1.2,21.7,1000.0,Low Risk,Guntur (Andhra)
2024-07-24,29.8,82.0,3.3,21.6,998.2,Low Risk,Guntur (Andhra)
2024-07-25,31.5,78.0,3.6,22.4,996.6,Low Risk,Guntur (Andhra)
2024-07-26,31.2,80.0,2.7,22.1,996.8,Low Risk,Guntur (Andhra)
2024-07-27,31.4,78.0,6.1,21.7,997.1,Low Risk,Guntur (Andhra)
2024-07-28,33.6,76.0,1.3,25.8,995.9,Low Risk,Guntur (Andhra)
2024-07-29,34.1,71.0,4.2,23.1,996.1,Low Risk,Guntur (Andhra)
2024-07-30,32.8,79.0,16.9,16.3,999.1,Low Risk,Guntur (Andhra)
2024-07-31,31.8,77.0,1.8,17.1,1000.2,Low Risk,Guntur (Andhra)
2024-08-01,32.6,75.0,1.3,17.4,1000.2,Low Risk,Guntur (Andhra)
2024-08-02,32.0,76.0,3.0,17.0,1000.3,Low Risk,Guntur (Andhra)
2024-08-03,33.0,69.0,0.7,17.9,1001.3,Low Risk,Guntur (Andhra)
2024-08-04,34.0,67.0,0.4,17.7,1001.7,Low Risk,Guntur (Andhra)
2024-08-05,33.4,73.0,0.1,8.8,1002.1,Low Risk,Guntur (Andhra)
2024-08-06,30.6,83.0,2.9,11.6,1001.4,Low Risk,Guntur (Andhra)
2024-08-07,28.6,89.0,10.9,16.0,1001.6,Low Risk,Guntur (Andhra)
2024-08-08,32.3,80.0,0.7,13.9,1002.1,Low Risk,Guntur (Andhra)
2024-08-09,33.3,75.0,0.1,15.6,1002.6,Low Risk,Guntur (Andhra)
2024-08-10,34.1,76.0,0.1,13.2,1002.5,Low Risk,Guntur (Andhra)
2024-08-11,33.9,73.0,0.4,11.2,1000.8,Low Risk,Guntur (Andhra)
2024-08-12,34.3,75.0,1.8,13.1,1000.8,Low Risk,Guntur (Andhra)
2024-08-13,34.2,75.0,0.8,14.1,1001.5,Low Risk,Guntur (Andhra)
2024-08-14,33.7,77.0,1.5,9.3,1001.4,Low Risk,Guntur (Andhra)
2024-08-15,34.2,76.0,0.5,15.8,1000.6,Low Risk,Guntur (Andhra)
2024-08-16,33.7,79.0,1.1,16.2,1000.0,Low Risk,Guntur (Andhra)
2024-08-17,35.7,73.0,0.9,13.0,1000.9,Low Risk,Guntur (Andhra)
2024-08-18,35.4,73.0,0.3,12.6,1001.5,Low Risk,Guntur (Andhra)
2024-08-19,33.3,83.0,14.3,7.1,1001.2,Low Risk,Guntur (Andhra)
2024-08-20,34.9,77.0,0.6,14.8,1001.0,Low Risk,Guntur (Andhra)
2024-08-21,34.5,73.0,0.2,21.1,1002.0,Low Risk,Guntur (Andhra)
2024-08-22,32.6,81.0,12.5,10.2,1002.3,Low Risk,Guntur (Andhra)
2024-08-23,34.7,78.0,3.9,15.1,1002.8,Low Risk,Guntur (Andhra)
2024-08-24,33.3,74.0,1.6,19.2,1002.6,Low Risk,Guntur (Andhra)
2024-08-25,33.8,71.0,1.9,20.2,1001.8,Low Risk,Guntur (Andhra)
2024-08-26,34.2,59.0,0.4,20.3,1000.9,Low Risk,Guntur (Andhra)
2024-08-27,35.4,57.0,0.2,18.1,1002.1,Low Risk,Guntur (Andhra)
2024-08-28,34.0,63.0,1.2,17.9,1002.3,Low Risk,Guntur (Andhra)
2024-08-29,32.0,64.0,0.8,18.4,1000.2,Low Risk,Guntur (Andhra)
2024-08-30,26.6,91.0,32.7,20.0,1000.0,Low Risk,Guntur (Andhra)
2024-08-31,25.5,91.0,127.8,29.3,997.9,Flood Risk,Guntur (Andhra)
2024-09-01,29.6,80.0,50.7,28.8,996.8,Low Risk,Guntur (Andhra)
2024-09-02,30.6,72.0,0.2,18.4,999.0,Low Risk,Guntur (Andhra)
2024-09-03,31.0,82.0,34.0,14.5,1001.0,Low Risk,Guntur (Andhra)
2024-09-04,28.8,87.0,25.5,17.0,1000.9,Low Risk,Guntur (Andhra)
2024-09-05,30.6,82.0,4.9,19.0,999.8,Low Risk,Guntur (Andhra)
2024-09-06,32.0,79.0,9.7,20.4,1000.1,Low Risk,Guntur (Andhra)
2024-09-07,30.4,81.0,4.4,23.5,1000.7,Low Risk,Guntur (Andhra)
2024-09-08,27.2,90.0,28.5,19.7,1000.9,Low Risk,Guntur (Andhra)
2024-09-09,28.4,87.0,15.8,20.3,998.7,Low Risk,Guntur (Andhra)
2024-09-10,32.5,71.0,0.2,23.2,998.6,Low Risk,Guntur (Andhra)
2024-09-11,32.9,70.0,0.0,18.8,1000.8,Low Risk,Guntur (Andhra)
2024-09-12,32.6,68.0,0.0,18.4,1002.2,Low Risk,Guntur (Andhra)
2024-09-13,32.2,65.0,0.0,16.6,1002.0,Low Risk,Guntur (Andhra)
2024-09-14,32.5,65.0,0.0,20.7,1001.2,Low Risk,Guntur (Andhra)
2024-09-15,33.3,64.0,0.0,19.0,1001.1,Low Risk,Guntur (Andhra)
2024-09-16,31.7,68.0,0.0,20.4,1001.2,Low Risk,Guntur (Andhra)
2024-09-17,33.5,63.0,0.0,19.3,1000.8,Low Risk,Guntur (Andhra)
2024-09-18,33.6,68.0,0.0,11.5,1000.6,Low Risk,Guntur (Andhra)
2024-09-19,34.1,70.0,0.0,11.2,1001.0,Low Risk,Guntur (Andhra)
2024-09-20,33.2,76.0,12.3,15.3,1000.8,Low Risk,Guntur (Andhra)
2024-09-21,31.7,86.0,32.1,14.8,1001.3,Low Risk,Guntur (Andhra)
2024-09-22,32.5,83.0,5.7,20.4,1000.2,Low Risk,Guntur (Andhra)
2024-09-23,32.2,85.0,10.8,13.9,999.9,Low Risk,Guntur (Andhra)
2024-09-24,30.8,89.0,11.4,12.8,999.2,Low Risk,Guntur (Andhra)
2024-09-25,31.3,86.0,12.2,12.1,999.0,Low Risk,Guntur (Andhra)
2024-09-26,31.6,80.0,0.5,18.1,999.9,Low Risk,Guntur (Andhra)
2024-09-27,32.0,84.0,12.9,12.2,1002.8,Low Risk,Guntur (Andhra)
2024-09-28,32.1,85.0,2.4,13.3,1004.8,Low Risk,Guntur (Andhra)
2024-09-29,31.9,83.0,0.5,11.9,1005.9,Low Risk,Guntur (Andhra)
2024-09-30,32.6,81.0,0.7,11.0,1005.7,Low Risk,Guntur (Andhra)
2024-10-01,33.1,80.0,0.3,12.7,1003.8,Low Risk,Guntur (Andhra)
2023-01-01,27.4,56.0,0.0,10.0,982.4,Low Risk,Nagpur (Maharashtra)
2023-01-02,27.3,61.0,0.0,11.4,982.7,Low Risk,Nagpur (Maharashtra)
2023-01-03,27.8,62.0,0.0,9.2,982.6,Low Risk,Nagpur (Maharashtra)
2023-01-04,25.3,68.0,0.1,11.9,982.5,Low Risk,Nagpur (Maharashtra)
2023-01-05,26.5,72.0,0.2,11.8,983.8,Low Risk,Nagpur (Maharashtra)
2023-01-06,26.5,69.0,0.0,10.2,984.8,Low Risk,Nagpur (Maharashtra)
2023-01-07,25.4,46.0,0.0,9.9,983.9,Low Risk,Nagpur (Maharashtra)
2023-01-08,26.2,46.0,0.0,9.9,982.4,Low Risk,Nagpur (Maharashtra)
2023-01-09,27.3,46.0,0.0,8.6,983.1,Low Risk,Nagpur (Maharashtra)
2023-01-10,28.5,50.0,0.0,9.5,982.1,Low Risk,Nagpur (Maharashtra)
2023-01-11,28.1,54.0,0.0,10.0,979.6,Low Risk,Nagpur (Maharashtra)
2023-01-12,28.5,57.0,0.0,9.2,977.5,Low Risk,Nagpur (Maharashtra)
2023-01-13,29.1,54.0,0.0,11.8,978.1,Low Risk,Nagpur (Maharashtra)
2023-01-14,28.0,60.0,0.0,11.0,978.8,Low Risk,Nagpur (Maharashtra)
2023-01-15,27.6,56.0,0.0,10.6,978.4,Low Risk,Nagpur (Maharashtra)
2023-01-16,28.0,59.0,0.0,9.5,978.6,Low Risk,Nagpur (Maharashtra)
2023-01-17,29.0,61.0,0.0,10.9,978.8,Low Risk,Nagpur (Maharashtra)
2023-01-18,28.7,59.0,0.0,10.0,980.8,Low Risk,Nagpur (Maharashtra)
2023-01-19,29.0,59.0,0.0,7.9,980.9,Low Risk,Nagpur (Maharashtra)
2023-01-20,29.6,61.0,0.0,12.0,980.0,Low Risk,Nagpur (Maharashtra)
2023-01-21,29.8,55.0,0.0,12.1,979.6,Low Risk,Nagpur (Maharashtra)
2023-01-22,29.9,57.0,0.0,10.6,978.6,Low Risk,Nagpur (Maharashtra)
2023-01-23,29.6,59.0,0.0,9.6,978.4,Low Risk,Nagpur (Maharashtra)
2023-01-24,29.9,60.0,0.0,10.2,978.4,Low Risk,Nagpur (Maharashtra)
2023-01-25,29.7,49.0,0.0,11.9,978.4,Low Risk,Nagpur (Maharashtra)
2023-01-26,29.0,54.0,0.0,8.9,979.2,Low Risk,Nagpur (Maharashtra)
2023-01-27,30.0,61.0,0.0,11.1,979.6,Low Risk,Nagpur (Maharashtra)
2023-01-28,30.3,59.0,0.0,10.8,978.6,Low Risk,Nagpur (Maharashtra)
2023-01-29,30.7,57.0,0.0,13.0,977.2,Low Risk,Nagpur (Maharashtra)
2023-01-30,30.6,57.0,0.4,12.2,979.2,Low Risk,Nagpur (Maharashtra)
2023-01-31,30.6,56.0,0.0,13.5,979.7,Low Risk,Nagpur (Maharashtra)
2023-02-01,29.3,48.0,0.0,11.8,980.3,Low Risk,Nagpur (Maharashtra)
2023-02-02,28.7,35.0,0.0,11.0,980.6,Low Risk,Nagpur (Maharashtra)
2023-02-03,29.5,38.0,0.0,9.7,980.3,Low Risk,Nagpur (Maharashtra)
2023-02-04,29.8,37.0,0.0,8.2,978.9,Low Risk,Nagpur (Maharashtra)
2023-02-05,30.1,38.0,0.0,11.6,978.0,Low Risk,Nagpur (Maharashtra)
2023-02-06,31.0,41.0,0.0,10.3,977.4,Low Risk,Nagpur (Maharashtra)
2023-02-07,31.4,45.0,0.0,13.9,976.7,Low Risk,Nagpur (Maharashtra)
2023-02-08,31.2,40.0,0.0,11.0,978.3,Low Risk,Nagpur (Maharashtra)
2023-02-09,31.4,39.0,0.0,10.2,978.5,Low Risk,Nagpur (Maharashtra)
2023-02-10,33.9,37.0,0.0,10.4,978.6,Low Risk,Nagpur (Maharashtra)
2023-02-11,34.1,34.0,0.0,15.2,979.0,Low Risk,Nagpur (Maharashtra)
2023-02-12,32.1,39.0,0.0,15.6,980.9,Low Risk,Nagpur (Maharashtra)
2023-02-13,30.5,35.0,0.0,11.7,981.3,Low Risk,Nagpur (Maharashtra)
2023-02-14,31.1,33.0,0.0,9.7,980.5,Low Risk,Nagpur (Maharashtra)
2023-02-15,33.4,32.0,0.0,10.8,978.6,Low Risk,Nagpur (Maharashtra)
2023-02-16,34.6,33.0,0.0,14.8,978.7,Low Risk,Nagpur (Maharashtra)
2023-02-17,32.0,41.0,0.0,11.5,979.1,Low Risk,Nagpur (Maharashtra)
2023-02-18,32.3,45.0,0.0,13.3,979.1,Low Risk,Nagpur (Maharashtra)
2023-02-19,33.3,42.0,0.0,12.3,979.2,Low Risk,Nagpur (Maharashtra)
2023-02-20,34.5,39.0,0.0,10.8,978.5,Low Risk,Nagpur (Maharashtra)
2023-02-21,35.6,33.0,0.0,10.3,978.3,Low Risk,Nagpur (Maharashtra)
2023-02-22,35.1,27.0,0.0,11.8,977.9,Low Risk,Nagpur (Maharashtra)
2023-02-23,34.9,34.0,0.0,14.0,977.8,Low Risk,Nagpur (Maharashtra)
2023-02-24,34.9,31.0,0.0,11.7,979.2,Low Risk,Nagpur (Maharashtra)
2023-02-25,34.7,29.0,0.0,11.3,980.8,Low Risk,Nagpur (Maharashtra)
2023-02-26,34.6,31.0,0.0,12.2,981.6,Low Risk,Nagpur (Maharashtra)
2023-02-27,34.8,31.0,0.0,16.3,981.4,Low Risk,Nagpur (Maharashtra)
2023-02-28,34.6,35.0,0.0,10.4,981.5,Low Risk,Nagpur (Maharashtra)
2023-03-01,34.2,34.0,0.0,13.0,981.8,Low Risk,Nagpur (Maharashtra)
2023-03-02,34.9,35.0,0.0,9.7,982.2,Low Risk,Nagpur (Maharashtra)
2023-03-03,35.6,33.0,0.0,11.1,982.8,Low Risk,Nagpur (Maharashtra)
2023-03-04,35.7,26.0,0.0,12.7,982.6,Low Risk,Nagpur (Maharashtra)
2023-03-05,34.8,30.0,0.0,15.3,982.6,Low Risk,Nagpur (Maharashtra)
2023-03-06,35.1,41.0,0.5,19.4,980.8,Low Risk,Nagpur (Maharashtra)
2023-03-07,29.9,47.0,0.3,23.5,981.9,Low Risk,Nagpur (Maharashtra)
2023-03-08,33.3,43.0,0.0,12.0,980.9,Low Risk,Nagpur (Maharashtra)
2023-03-09,33.7,36.0,0.0,17.1,980.2,Low Risk,Nagpur (Maharashtra)
2023-03-10,33.5,32.0,0.0,14.8,979.8,Low Risk,Nagpur (Maharashtra)
2023-03-11,35.0,31.0,0.0,13.1,979.6,Low Risk,Nagpur (Maharashtra)
2023-03-12,35.6,28.0,0.0,10.9,979.1,Low Risk,Nagpur (Maharashtra)
2023-03-13,37.1,27.0,0.0,15.3,977.7,Low Risk,Nagpur (Maharashtra)
2023-03-14,36.0,34.0,1.1,22.2,976.2,Low Risk,Nagpur (Maharashtra)
2023-03-15,34.8,38.0,0.0,22.1,975.4,Low Risk,Nagpur (Maharashtra)
2023-03-16,30.0,49.0,1.0,20.1,977.5,Low Risk,Nagpur (Maharashtra)
2023-03-17,29.7,56.0,3.3,18.0,977.4,Low Risk,Nagpur (Maharashtra)
2023-03-18,27.3,75.0,9.8,10.5,976.3,Low Risk,Nagpur (Maharashtra)
2023-03-19,29.3,71.0,1.4,19.6,974.3,Low Risk,Nagpur (Maharashtra)
2023-03-20,30.5,62.0,0.0,13.8,973.4,Low Risk,Nagpur (Maharashtra)
2023-03-21,31.1,51.0,0.0,14.8,973.9,Low Risk,Nagpur (Maharashtra)
2023-03-22,32.8,53.0,0.0,15.9,974.8,Low Risk,Nagpur (Maharashtra)
2023-03-23,33.4,53.0,0.0,11.3,974.7,Low Risk,Nagpur (Maharashtra)
2023-03-24,35.4,44.0,0.0,10.4,974.7,Low Risk,Nagpur (Maharashtra)
2023-03-25,36.0,43.0,0.0,16.6,975.9,Low Risk,Nagpur (Maharashtra)
2023-03-26,34.0,58.0,13.8,17.0,975.1,Low Risk,Nagpur (Maharashtra)
2023-03-27,36.0,40.0,0.0,20.6,974.8,Low Risk,Nagpur (Maharashtra)
2023-03-28,36.7,27.0,0.0,20.0,974.4,Low Risk,Nagpur (Maharashtra)
2023-03-29,37.7,33.0,0.0,16.0,974.7,Low Risk,Nagpur (Maharashtra)
2023-03-30,38.1,36.0,0.0,18.4,973.0,Low Risk,Nagpur (Maharashtra)
2023-03-31,34.4,31.0,0.0,20.9,973.6,Low Risk,Nagpur (Maharashtra)
2023-04-01,35.3,36.0,0.0,15.9,974.4,Low Risk,Nagpur (Maharashtra)
2023-04-02,35.5,32.0,0.0,18.6,974.1,Low Risk,Nagpur (Maharashtra)
2023-04-03,37.2,29.0,0.0,16.2,973.5,Low Risk,Nagpur (Maharashtra)
2023-04-04,37.9,27.0,0.0,17.7,974.2,Low Risk,Nagpur (Maharashtra)
2023-04-05,36.8,29.0,0.0,16.8,974.8,Low Risk,Nagpur (Maharashtra)
2023-04-06,37.2,27.0,0.0,17.3,975.9,Low Risk,Nagpur (Maharashtra)
2023-04-07,37.8,48.0,4.4,25.1,978.4,Low Risk,Nagpur (Maharashtra)
2023-04-08,32.9,58.0,0.6,11.0,980.3,Low Risk,Nagpur (Maharashtra)
2023-04-09,35.5,57.0,5.7,25.1,980.4,Low Risk,Nagpur (Maharashtra)
2023-04-10,37.0,44.0,0.0,10.7,978.3,Low Risk,Nagpur (Maharashtra)
2023-04-11,39.3,36.0,0.0,11.0,977.5,Low Risk,Nagpur (Maharashtra)
2023-04-12,39.8,30.0,0.0,10.5,976.7,Low Risk,Nagpur (Maharashtra)
2023-04-13,41.0,26.0,0.0,19.4,975.9,Low Risk,Nagpur (Maharashtra)
2023-04-14,40.0,29.0,0.0,23.9,975.7,Low Risk,Nagpur (Maharashtra)
2023-04-15,35.4,43.0,0.9,21.0,976.8,Low Risk,Nagpur (Maharashtra)
2023-04-16,39.8,33.0,0.0,12.0,974.6,Low Risk,Nagpur (Maharashtra)
2023-04-17,40.5,24.0,0.0,11.2,974.5,Low Risk,Nagpur (Maharashtra)
2023-04-18,41.7,23.0,0.0,21.6,975.6,Low Risk,Nagpur (Maharashtra)
2023-04-19,41.6,23.0,0.0,21.2,973.2,Low Risk,Nagpur (Maharashtra)
2023-04-20,39.3,28.0,0.1,19.9,971.7,Low Risk,Nagpur (Maharashtra)
2023-04-21,37.7,37.0,0.0,15.6,972.2,Low Risk,Nagpur (Maharashtra)
2023-04-22,37.4,46.0,2.6,15.4,971.4,Low Risk,Nagpur (Maharashtra)
2023-04-23,35.7,48.0,0.1,15.0,972.5,Low Risk,Nagpur (Maharashtra)
2023-04-24,34.8,55.0,1.8,13.5,974.3,Low Risk,Nagpur (Maharashtra)
2023-04-25,33.9,63.0,1.5,17.1,975.5,Low Risk,Nagpur (Maharashtra)
2023-04-26,34.0,61.0,0.0,11.5,974.8,Low Risk,Nagpur (Maharashtra)
2023-04-27,32.5,68.0,4.7,20.5,975.6,Low Risk,Nagpur (Maharashtra)
2023-04-28,33.3,68.0,17.3,16.6,976.1,Low Risk,Nagpur (Maharashtra)
2023-04-29,32.3,75.0,15.4,13.8,975.6,Low Risk,Nagpur (Maharashtra)
2023-04-30,28.5,84.0,56.7,17.3,974.6,Low Risk,Nagpur (Maharashtra)
2023-05-01,29.1,81.0,1.0,11.8,973.8,Low Risk,Nagpur (Maharashtra)
2023-05-02,29.9,83.0,10.2,14.0,974.9,Low Risk,Nagpur (Maharashtra)
2023-05-03,27.8,85.0,30.7,12.0,976.1,Low Risk,Nagpur (Maharashtra)
2023-05-04,31.4,78.0,1.6,19.6,974.8,Low Risk,Nagpur (Maharashtra)
2023-05-05,32.7,69.0,4.6,15.6,973.6,Low Risk,Nagpur (Maharashtra)
2023-05-06,35.1,60.0,0.0,14.4,972.5,Low Risk,Nagpur (Maharashtra)
2023-05-07,36.9,61.0,1.6,17.4,972.6,Low Risk,Nagpur (Maharashtra)
2023-05-08,38.3,57.0,0.0,15.0,971.8,Low Risk,Nagpur (Maharashtra)
2023-05-09,38.7,50.0,0.0,22.7,972.5,Low Risk,Nagpur (Maharashtra)
2023-05-10,40.2,40.0,0.0,14.1,972.1,Low Risk,Nagpur (Maharashtra)
2023-05-11,40.9,31.0,0.0,12.8,972.6,Low Risk,Nagpur (Maharashtra)
2023-05-12,41.3,28.0,0.0,18.7,972.0,Low Risk,Nagpur (Maharashtra)
2023-05-13,42.3,22.0,0.0,19.8,971.0,Drought Risk,Nagpur (Maharashtra)
2023-05-14,43.8,21.0,0.0,24.5,968.8,Drought Risk,Nagpur (Maharashtra)
2023-05-15,41.8,23.0,0.0,22.1,970.2,Low Risk,Nagpur (Maharashtra)
2023-05-16,40.1,31.0,0.0,23.3,972.4,Low Risk,Nagpur (Maharashtra)
2023-05-17,40.0,34.0,0.0,21.5,973.6,Low Risk,Nagpur (Maharashtra)
2023-05-18,41.4,33.0,0.2,15.5,974.4,Low Risk,Nagpur (Maharashtra)
2023-05-19,42.1,25.0,0.0,20.9,973.0,Low Risk,Nagpur (Maharashtra)
2023-05-20,42.3,24.0,0.0,20.1,972.2,Low Risk,Nagpur (Maharashtra)
2023-05-21,42.6,32.0,1.2,17.9,973.2,Low Risk,Nagpur (Maharashtra)
2023-05-22,39.5,32.0,0.1,17.7,974.5,Low Risk,Nagpur (Maharashtra)
2023-05-23,41.8,29.0,0.0,12.9,974.1,Low Risk,Nagpur (Maharashtra)
2023-05-24,41.6,27.0,0.0,16.5,972.7,Low Risk,Nagpur (Maharashtra)
2023-05-25,41.0,27.0,0.0,23.4,972.5,Low Risk,Nagpur (Maharashtra)
2023-05-26,38.5,28.0,0.0,24.5,973.5,Low Risk,Nagpur (Maharashtra)
2023-05-27,40.6,29.0,0.0,19.6,972.4,Low Risk,Nagpur (Maharashtra)
2023-05-28,40.6,42.0,0.0,22.1,972.9,Low Risk,Nagpur (Maharashtra)
2023-05-29,40.9,43.0,0.0,26.5,973.3,Low Risk,Nagpur (Maharashtra)
2023-05-30,40.8,38.0,0.0,19.7,973.6,Low Risk,Nagpur (Maharashtra)
2023-05-31,41.4,29.0,0.0,23.5,972.8,Low Risk,Nagpur (Maharashtra)
2023-06-01,42.4,23.0,0.0,19.5,971.8,Low Risk,Nagpur (Maharashtra)
2023-06-02,41.8,23.0,0.0,22.1,971.2,Low Risk,Nagpur (Maharashtra)
2023-06-03,41.5,32.0,0.3,17.8,971.4,Low Risk,Nagpur (Maharashtra)
2023-06-04,39.6,34.0,0.0,22.3,971.1,Low Risk,Nagpur (Maharashtra)
2023-06-05,40.3,31.0,0.0,17.6,970.4,Low Risk,Nagpur (Maharashtra)
2023-06-06,41.9,27.0,0.0,18.7,969.7,Low Risk,Nagpur (Maharashtra)
2023-06-07,41.5,33.0,0.0,25.5,969.6,Low Risk,Nagpur (Maharashtra)
2023-06-08,42.7,28.0,0.0,20.9,969.6,Low Risk,Nagpur (Maharashtra)
2023-06-09,40.4,31.0,0.2,20.3,968.3,Low Risk,Nagpur (Maharashtra)
2023-06-10,40.5,32.0,0.7,17.5,967.6,Low Risk,Nagpur (Maharashtra)
2023-06-11,42.0,32.0,0.0,20.9,967.8,Low Risk,Nagpur (Maharashtra)
2023-06-12,42.1,42.0,0.4,25.7,968.1,Low Risk,Nagpur (Maharashtra)
2023-06-13,41.5,44.0,0.5,21.1,968.3,Low Risk,Nagpur (Maharashtra)
2023-06-14,41.5,33.0,0.0,20.3,969.7,Low Risk,Nagpur (Maharashtra)
2023-06-15,41.0,36.0,0.0,20.3,970.1,Low Risk,Nagpur (Maharashtra)
2023-06-16,40.6,32.0,0.0,19.1,969.5,Low Risk,Nagpur (Maharashtra)
2023-06-17,40.3,36.0,0.0,19.7,969.7,Low Risk,Nagpur (Maharashtra)
2023-06-18,40.0,37.0,0.0,18.7,969.8,Low Risk,Nagpur (Maharashtra)
2023-06-19,40.4,38.0,0.0,17.9,968.8,Low Risk,Nagpur (Maharashtra)
2023-06-20,39.9,38.0,0.0,18.4,968.0,Low Risk,Nagpur (Maharashtra)
2023-06-21,40.7,46.0,0.0,14.5,968.3,Low Risk,Nagpur (Maharashtra)
2023-06-22,39.1,54.0,0.3,15.8,969.1,Low Risk,Nagpur (Maharashtra)
2023-06-23,27.9,86.0,20.8,14.3,969.9,Low Risk,Nagpur (Maharashtra)
2023-06-24,32.3,78.0,4.9,18.9,968.4,Low Risk,Nagpur (Maharashtra)
2023-06-25,33.9,74.0,3.7,14.4,967.6,Low Risk,Nagpur (Maharashtra)
2023-06-26,28.6,89.0,24.3,20.2,967.8,Low Risk,Nagpur (Maharashtra)
2023-06-27,28.6,88.0,23.9,21.4,967.2,Low Risk,Nagpur (Maharashtra)
2023-06-28,29.0,88.0,9.4,19.3,969.2,Low Risk,Nagpur (Maharashtra)
2023-06-29,32.0,80.0,1.5,18.9,969.4,Low Risk,Nagpur (Maharashtra)
2023-06-30,32.0,72.0,0.3,21.2,969.3,Low Risk,Nagpur (Maharashtra)
2023-07-01,33.6,69.0,1.1,21.3,969.9,Low Risk,Nagpur (Maharashtra)
2023-07-02,33.7,70.0,1.1,17.7,969.8,Low Risk,Nagpur (Maharashtra)
2023-07-03,34.5,73.0,0.9,9.8,968.6,Low Risk,Nagpur (Maharashtra)
2023-07-04,32.6,78.0,16.0,14.8,966.6,Low Risk,Nagpur (Maharashtra)
2023-07-05,32.0,82.0,17.7,12.9,965.5,Low Risk,Nagpur (Maharashtra)
2023-07-06,32.9,79.0,9.6,13.7,967.0,Low Risk,Nagpur (Maharashtra)
2023-07-07,30.0,87.0,41.8,15.8,968.1,Low Risk,Nagpur (Maharashtra)
2023-07-08,29.9,84.0,25.2,17.9,969.7,Low Risk,Nagpur (Maharashtra)
2023-07-09,28.1,88.0,23.8,16.3,971.0,Low Risk,Nagpur (Maharashtra)
2023-07-10,31.5,80.0,14.9,18.5,970.3,Low Risk,Nagpur (Maharashtra)
2023-07-11,27.7,88.0,12.9,17.2,969.9,Low Risk,Nagpur (Maharashtra)
2023-07-12,31.2,87.0,27.1,12.8,968.9,Low Risk,Nagpur (Maharashtra)
2023-07-13,31.1,87.0,19.5,13.4,969.1,Low Risk,Nagpur (Maharashtra)
2023-07-14,31.5,84.0,8.2,9.1,970.1,Low Risk,Nagpur (Maharashtra)
2023-07-15,29.8,86.0,16.3,15.5,970.2,Low Risk,Nagpur (Maharashtra)
2023-07-16,29.3,88.0,12.3,15.9,969.1,Low Risk,Nagpur (Maharashtra)
2023-07-17,31.5,86.0,21.8,19.1,967.4,Low Risk,Nagpur (Maharashtra)
2023-07-18,30.2,88.0,29.9,14.8,965.5,Low Risk,Nagpur (Maharashtra)
2023-07-19,30.4,90.0,15.4,10.1,964.2,Low Risk,Nagpur (Maharashtra)
2023-07-20,30.8,88.0,12.9,11.9,964.6,Low Risk,Nagpur (Maharashtra)
2023-07-21,30.9,90.0,23.4,12.7,966.1,Low Risk,Nagpur (Maharashtra)
2023-07-22,30.1,89.0,14.2,15.3,967.0,Low Risk,Nagpur (Maharashtra)
2023-07-23,30.2,87.0,26.3,14.8,967.8,Low Risk,Nagpur (Maharashtra)
2023-07-24,31.8,84.0,36.5,12.1,968.1,Low Risk,Nagpur (Maharashtra)
2023-07-25,31.9,83.0,2.6,14.0,968.6,Low Risk,Nagpur (Maharashtra)
2023-07-26,31.9,82.0,32.6,16.4,968.3,Low Risk,Nagpur (Maharashtra)
2023-07-27,31.8,87.0,49.5,18.0,967.5,Low Risk,Nagpur (Maharashtra)
2023-07-28,29.9,85.0,33.3,21.3,967.9,Low Risk,Nagpur (Maharashtra)
2023-07-29,31.0,76.0,6.0,19.5,969.4,Low Risk,Nagpur (Maharashtra)
2023-07-30,32.0,77.0,1.1,19.1,969.1,Low Risk,Nagpur (Maharashtra)
2023-07-31,30.9,79.0,5.8,19.7,968.8,Low Risk,Nagpur (Maharashtra)
2023-08-01,31.9,74.0,1.2,22.0,968.1,Low Risk,Nagpur (Maharashtra)
2023-08-02,28.9,82.0,9.6,20.3,968.1,Low Risk,Nagpur (Maharashtra)
2023-08-03,26.0,88.0,30.0,25.3,967.3,Low Risk,Nagpur (Maharashtra)
2023-08-04,31.3,80.0,1.5,19.7,969.9,Low Risk,Nagpur (Maharashtra)
2023-08-05,31.5,78.0,1.5,19.6,972.1,Low Risk,Nagpur (Maharashtra)
2023-08-06,31.8,77.0,0.3,19.8,971.1,Low Risk,Nagpur (Maharashtra)
2023-08-07,30.5,74.0,0.1,20.3,969.8,Low Risk,Nagpur (Maharashtra)
2023-08-08,31.3,72.0,0.2,18.2,970.8,Low Risk,Nagpur (Maharashtra)
2023-08-09,31.7,75.0,2.1,17.6,973.0,Low Risk,Nagpur (Maharashtra)
2023-08-10,32.8,73.0,0.3,13.9,973.5,Low Risk,Nagpur (Maharashtra)
2023-08-11,31.9,74.0,0.7,14.5,973.2,Low Risk,Nagpur (Maharashtra)
2023-08-12,32.7,69.0,0.1,15.6,972.3,Low Risk,Nagpur (Maharashtra)
2023-08-13,31.3,72.0,0.7,14.5,971.5,Low Risk,Nagpur (Maharashtra)
2023-08-14,31.4,73.0,1.0,10.9,972.5,Low Risk,Nagpur (Maharashtra)
2023-08-15,30.9,78.0,1.9,13.0,972.8,Low Risk,Nagpur (Maharashtra)
2023-08-16,32.4,76.0,1.1,13.0,972.6,Low Risk,Nagpur (Maharashtra)
2023-08-17,33.1,78.0,15.8,15.3,971.9,Low Risk,Nagpur (Maharashtra)
2023-08-18,29.4,90.0,48.4,14.4,969.9,Low Risk,Nagpur (Maharashtra)
2023-08-19,28.1,90.0,33.4,16.2,968.1,Low Risk,Nagpur (Maharashtra)
2023-08-20,29.8,85.0,5.8,12.7,969.2,Low Risk,Nagpur (Maharashtra)
2023-08-21,30.8,84.0,1.9,14.6,970.6,Low Risk,Nagpur (Maharashtra)
2023-08-22,32.1,76.0,0.2,12.0,970.7,Low Risk,Nagpur (Maharashtra)
2023-08-23,30.7,83.0,21.7,15.0,970.5,Low Risk,Nagpur (Maharashtra)
2023-08-24,31.4,84.0,10.5,15.5,970.2,Low Risk,Nagpur (Maharashtra)
2023-08-25,30.8,77.0,0.8,17.8,970.4,Low Risk,Nagpur (Maharashtra)
2023-08-26,32.0,73.0,0.2,15.2,971.5,Low Risk,Nagpur (Maharashtra)
2023-08-27,32.0,72.0,0.0,13.9,972.1,Low Risk,Nagpur (Maharashtra)
2023-08-28,31.4,71.0,0.0,14.4,972.0,Low Risk,Nagpur (Maharashtra)
2023-08-29,31.5,76.0,1.4,15.4,972.4,Low Risk,Nagpur (Maharashtra)
2023-08-30,31.8,77.0,0.4,12.7,973.2,Low Risk,Nagpur (Maharashtra)
2023-08-31,32.9,76.0,0.2,10.7,973.5,Low Risk,Nagpur (Maharashtra)
2023-09-01,33.6,77.0,0.6,13.9,973.1,Low Risk,Nagpur (Maharashtra)
2023-09-02,33.9,77.0,5.9,11.0,972.2,Low Risk,Nagpur (Maharashtra)
2023-09-03,32.8,82.0,3.6,14.1,970.8,Low Risk,Nagpur (Maharashtra)
2023-09-04,34.3,73.0,1.7,16.9,968.2,Low Risk,Nagpur (Maharashtra)
2023-09-05,32.8,75.0,19.0,18.9,967.3,Low Risk,Nagpur (Maharashtra)
2023-09-06,30.0,89.0,7.2,10.1,967.6,Low Risk,Nagpur (Maharashtra)
2023-09-07,30.0,89.0,18.0,8.7,967.5,Low Risk,Nagpur (Maharashtra)
2023-09-08,29.7,90.0,13.3,14.8,967.8,Low Risk,Nagpur (Maharashtra)
2023-09-09,30.2,89.0,9.9,12.3,968.0,Low Risk,Nagpur (Maharashtra)
2023-09-10,29.5,86.0,11.2,17.9,968.1,Low Risk,Nagpur (Maharashtra)
2023-09-11,31.9,78.0,0.8,19.7,969.0,Low Risk,Nagpur (Maharashtra)
2023-09-12,31.5,78.0,1.5,19.9,969.7,Low Risk,Nagpur (Maharashtra)
2023-09-13,30.5,81.0,21.8,17.1,969.7,Low Risk,Nagpur (Maharashtra)
2023-09-14,30.4,88.0,40.5,17.4,969.2,Low Risk,Nagpur (Maharashtra)
2023-09-15,25.9,93.0,50.5,32.5,967.2,Low Risk,Nagpur (Maharashtra)
2023-09-16,30.3,81.0,0.5,23.0,969.4,Low Risk,Nagpur (Maharashtra)
2023-09-17,30.8,80.0,0.5,15.7,970.6,Low Risk,Nagpur (Maharashtra)
2023-09-18,31.6,79.0,0.0,10.3,971.0,Low Risk,Nagpur (Maharashtra)
2023-09-19,32.0,78.0,0.0,8.4,972.3,Low Risk,Nagpur (Maharashtra)
2023-09-20,31.6,82.0,5.2,14.1,972.5,Low Risk,Nagpur (Maharashtra)
2023-09-21,30.1,89.0,18.0,14.3,972.6,Low Risk,Nagpur (Maharashtra)
2023-09-22,29.3,92.0,16.6,9.8,972.5,Low Risk,Nagpur (Maharashtra)
2023-09-23,28.3,91.0,39.5,11.2,973.3,Low Risk,Nagpur (Maharashtra)
2023-09-24,31.0,85.0,6.9,15.6,972.6,Low Risk,Nagpur (Maharashtra)
2023-09-25,31.9,82.0,0.5,10.7,972.1,Low Risk,Nagpur (Maharashtra)
2023-09-26,30.8,83.0,2.0,12.5,972.4,Low Risk,Nagpur (Maharashtra)
2023-09-27,30.3,82.0,0.5,7.9,972.5,Low Risk,Nagpur (Maharashtra)
2023-09-28,32.0,81.0,0.0,11.6,972.1,Low Risk,Nagpur (Maharashtra)
2023-09-29,29.6,89.0,17.6,12.0,972.1,Low Risk,Nagpur (Maharashtra)
2023-09-30,31.1,89.0,6.5,11.1,971.9,Low Risk,Nagpur (Maharashtra)
2023-10-01,32.6,78.0,0.2,12.5,970.7,Low Risk,Nagpur (Maharashtra)
2023-10-02,32.3,75.0,4.7,14.8,971.1,Low Risk,Nagpur (Maharashtra)
2023-10-03,33.2,62.0,0.0,19.1,972.6,Low Risk,Nagpur (Maharashtra)
2023-10-04,33.2,56.0,0.0,16.4,973.8,Low Risk,Nagpur (Maharashtra)
2023-10-05,33.6,59.0,0.0,17.9,973.5,Low Risk,Nagpur (Maharashtra)
2023-10-06,33.5,63.0,0.0,15.0,973.1,Low Risk,Nagpur (Maharashtra)
2023-10-07,33.7,60.0,0.0,12.7,974.1,Low Risk,Nagpur (Maharashtra)
2023-10-08,34.5,58.0,0.0,12.5,975.7,Low Risk,Nagpur (Maharashtra)
2023-10-09,34.4,58.0,0.0,12.0,976.9,Low Risk,Nagpur (Maharashtra)
2023-10-10,34.6,55.0,0.0,12.5,977.1,Low Risk,Nagpur (Maharashtra)
2023-10-11,34.5,55.0,0.0,10.8,977.1,Low Risk,Nagpur (Maharashtra)
2023-10-12,33.6,60.0,0.0,9.4,978.3,Low Risk,Nagpur (Maharashtra)
2023-10-13,34.1,55.0,0.0,13.4,978.9,Low Risk,Nagpur (Maharashtra)
2023-10-14,33.7,60.0,0.0,9.9,978.5,Low Risk,Nagpur (Maharashtra)
2023-10-15,31.1,63.0,1.0,10.1,977.2,Low Risk,Nagpur (Maharashtra)
2023-10-16,32.7,61.0,0.3,7.1,977.4,Low Risk,Nagpur (Maharashtra)
2023-10-17,32.9,64.0,0.0,7.4,978.6,Low Risk,Nagpur (Maharashtra)
2023-10-18,32.7,65.0,0.0,8.9,979.4,Low Risk,Nagpur (Maharashtra)
2023-10-19,31.6,65.0,0.0,11.2,979.6,Low Risk,Nagpur (Maharashtra)
2023-10-20,31.8,66.0,0.3,12.6,980.0,Low Risk,Nagpur (Maharashtra)
2023-10-21,32.0,48.0,0.0,11.8,980.3,Low Risk,Nagpur (Maharashtra)
2023-10-22,32.7,49.0,0.0,13.9,980.0,Low Risk,Nagpur (Maharashtra)
2023-10-23,31.3,49.0,0.0,15.5,978.7,Low Risk,Nagpur (Maharashtra)
2023-10-24,31.5,52.0,0.0,14.1,978.6,Low Risk,Nagpur (Maharashtra)
2023-10-25,31.9,50.0,0.0,13.0,979.8,Low Risk,Nagpur (Maharashtra)
2023-10-26,31.9,45.0,0.0,15.5,980.0,Low Risk,Nagpur (Maharashtra)
2023-10-27,31.3,49.0,0.0,10.0,978.9,Low Risk,Nagpur (Maharashtra)
2023-10-28,31.2,50.0,0.0,9.4,979.0,Low Risk,Nagpur (Maharashtra)
2023-10-29,31.2,55.0,0.0,9.5,978.9,Low Risk,Nagpur (Maharashtra)
2023-10-30,31.0,56.0,0.0,11.0,979.0,Low Risk,Nagpur (Maharashtra)
2023-10-31,31.2,58.0,0.0,11.8,979.6,Low Risk,Nagpur (Maharashtra)
2023-11-01,31.3,61.0,0.0,13.8,980.0,Low Risk,Nagpur (Maharashtra)
2023-11-02,31.5,64.0,0.1,8.7,978.7,Low Risk,Nagpur (Maharashtra)
2023-11-03,32.1,58.0,0.0,11.5,977.1,Low Risk,Nagpur (Maharashtra)
2023-11-04,32.9,43.0,0.0,11.5,977.3,Low Risk,Nagpur (Maharashtra)
2023-11-05,32.4,42.0,0.0,11.4,979.1,Low Risk,Nagpur (Maharashtra)
2023-11-06,32.4,42.0,0.0,13.5,980.2,Low Risk,Nagpur (Maharashtra)
2023-11-07,32.3,44.0,0.0,9.9,979.9,Low Risk,Nagpur (Maharashtra)
2023-11-08,32.4,46.0,0.0,11.0,979.5,Low Risk,Nagpur (Maharashtra)
2023-11-09,32.4,48.0,0.0,10.4,979.7,Low Risk,Nagpur (Maharashtra)
2023-11-10,32.5,50.0,0.0,7.7,980.9,Low Risk,Nagpur (Maharashtra)
2023-11-11,33.0,50.0,0.0,9.1,981.2,Low Risk,Nagpur (Maharashtra)
2023-11-12,32.4,46.0,0.0,10.6,981.4,Low Risk,Nagpur (Maharashtra)
2023-11-13,31.5,52.0,0.0,10.5,981.0,Low Risk,Nagpur (Maharashtra)
2023-11-14,30.8,52.0,0.0,10.1,980.4,Low Risk,Nagpur (Maharashtra)
2023-11-15,30.4,54.0,0.0,10.2,980.2,Low Risk,Nagpur (Maharashtra)
2023-11-16,30.2,57.0,0.0,11.8,980.3,Low Risk,Nagpur (Maharashtra)
2023-11-17,30.1,57.0,0.0,9.7,980.2,Low Risk,Nagpur (Maharashtra)
2023-11-18,30.6,54.0,0.0,10.4,979.8,Low Risk,Nagpur (Maharashtra)
2023-11-19,31.7,56.0,0.0,9.8,980.1,Low Risk,Nagpur (Maharashtra)
2023-11-20,31.2,59.0,0.0,12.8,980.4,Low Risk,Nagpur (Maharashtra)
2023-11-21,30.9,59.0,0.0,9.5,979.8,Low Risk,Nagpur (Maharashtra)
2023-11-22,31.2,55.0,0.0,11.9,978.8,Low Risk,Nagpur (Maharashtra)
2023-11-23,31.2,57.0,0.0,9.9,977.7,Low Risk,Nagpur (Maharashtra)
2023-11-24,31.0,57.0,0.0,11.5,978.6,Low Risk,Nagpur (Maharashtra)
2023-11-25,30.7,54.0,0.0,9.6,980.4,Low Risk,Nagpur (Maharashtra)
2023-11-26,30.7,50.0,0.0,11.6,980.5,Low Risk,Nagpur (Maharashtra)
2023-11-27,24.7,63.0,1.5,10.0,979.8,Low Risk,Nagpur (Maharashtra)
2023-11-28,26.4,79.0,2.4,8.6,978.7,Low Risk,Nagpur (Maharashtra)
2023-11-29,26.5,87.0,14.1,8.7,979.3,Low Risk,Nagpur (Maharashtra)
2023-11-30,29.0,80.0,1.8,10.7,979.4,Low Risk,Nagpur (Maharashtra)
2023-12-01,28.9,75.0,0.0,10.1,979.0,Low Risk,Nagpur (Maharashtra)
2023-12-02,30.0,73.0,0.0,13.1,978.7,Low Risk,Nagpur (Maharashtra)
2023-12-03,30.2,66.0,0.0,14.4,979.1,Low Risk,Nagpur (Maharashtra)
2023-12-04,30.2,68.0,0.0,12.3,977.7,Low Risk,Nagpur (Maharashtra)
2023-12-05,28.0,71.0,1.3,16.3,977.1,Low Risk,Nagpur (Maharashtra)
2023-12-06,24.5,77.0,3.3,20.2,977.5,Low Risk,Nagpur (Maharashtra)
2023-12-07,25.2,83.0,1.3,10.5,977.8,Low Risk,Nagpur (Maharashtra)
2023-12-08,26.2,83.0,0.3,8.0,979.0,Low Risk,Nagpur (Maharashtra)
2023-12-09,27.2,74.0,0.0,9.1,980.5,Low Risk,Nagpur (Maharashtra)
2023-12-10,26.3,65.0,0.0,9.3,979.5,Low Risk,Nagpur (Maharashtra)
2023-12-11,26.7,67.0,0.0,9.2,979.7,Low Risk,Nagpur (Maharashtra)
2023-12-12,27.2,70.0,0.0,11.1,978.4,Low Risk,Nagpur (Maharashtra)
2023-12-13,27.2,69.0,0.0,10.1,979.7,Low Risk,Nagpur (Maharashtra)
2023-12-14,27.0,64.0,0.0,9.8,981.4,Low Risk,Nagpur (Maharashtra)
2023-12-15,26.6,60.0,0.0,8.8,982.1,Low Risk,Nagpur (Maharashtra)
2023-12-16,26.6,61.0,0.0,10.2,981.1,Low Risk,Nagpur (Maharashtra)
2023-12-17,25.8,62.0,0.0,9.4,981.1,Low Risk,Nagpur (Maharashtra)
2023-12-18,24.9,55.0,0.0,14.6,982.8,Low Risk,Nagpur (Maharashtra)
2023-12-19,24.4,51.0,0.0,14.8,983.4,Low Risk,Nagpur (Maharashtra)
2023-12-20,24.9,53.0,0.0,13.5,982.8,Low Risk,Nagpur (Maharashtra)
2023-12-21,25.9,55.0,0.0,11.1,981.5,Low Risk,Nagpur (Maharashtra)
2023-12-22,26.9,59.0,0.0,8.8,980.7,Low Risk,Nagpur (Maharashtra)
2023-12-23,28.2,58.0,0.0,10.2,981.7,Low Risk,Nagpur (Maharashtra)
2023-12-24,28.6,57.0,0.0,8.9,983.3,Low Risk,Nagpur (Maharashtra)
2023-12-25,28.7,63.0,0.0,9.3,982.5,Low Risk,Nagpur (Maharashtra)
2023-12-26,29.0,63.0,0.0,14.1,982.2,Low Risk,Nagpur (Maharashtra)
2023-12-27,28.4,59.0,0.0,10.0,982.9,Low Risk,Nagpur (Maharashtra)
2023-12-28,28.2,65.0,0.0,10.5,981.5,Low Risk,Nagpur (Maharashtra)
2023-12-29,28.2,62.0,0.0,9.2,981.5,Low Risk,Nagpur (Maharashtra)
2023-12-30,28.0,65.0,0.0,9.9,980.8,Low Risk,Nagpur (Maharashtra)
2023-12-31,28.2,67.0,0.0,11.1,980.4,Low Risk,Nagpur (Maharashtra)
2024-01-01,28.4,64.0,0.0,9.9,980.3,Low Risk,Nagpur (Maharashtra)
2024-01-02,28.6,61.0,0.0,10.7,979.5,Low Risk,Nagpur (Maharashtra)
2024-01-03,28.2,69.0,1.9,13.4,979.1,Low Risk,Nagpur (Maharashtra)
2024-01-04,27.7,75.0,0.0,7.8,979.1,Low Risk,Nagpur (Maharashtra)
2024-01-05,27.9,71.0,0.0,10.1,979.0,Low Risk,Nagpur (Maharashtra)
2024-01-06,26.4,78.0,3.3,12.5,980.6,Low Risk,Nagpur (Maharashtra)
2024-01-07,28.2,70.0,0.0,13.5,981.1,Low Risk,Nagpur (Maharashtra)
2024-01-08,28.1,70.0,0.0,8.6,981.3,Low Risk,Nagpur (Maharashtra)
2024-01-09,29.6,62.0,0.0,11.4,981.0,Low Risk,Nagpur (Maharashtra)
2024-01-10,28.2,71.0,0.4,8.3,980.5,Low Risk,Nagpur (Maharashtra)
2024-01-11,28.5,76.0,0.0,9.0,981.4,Low Risk,Nagpur (Maharashtra)
2024-01-12,29.5,70.0,0.0,13.0,980.8,Low Risk,Nagpur (Maharashtra)
2024-01-13,29.9,62.0,0.0,11.7,980.6,Low Risk,Nagpur (Maharashtra)
2024-01-14,29.8,64.0,0.0,12.0,979.8,Low Risk,Nagpur (Maharashtra)
2024-01-15,28.0,67.0,0.0,13.4,979.0,Low Risk,Nagpur (Maharashtra)
2024-01-16,28.2,63.0,0.0,9.7,977.6,Low Risk,Nagpur (Maharashtra)
2024-01-17,29.0,71.0,0.5,10.1,976.4,Low Risk,Nagpur (Maharashtra)
2024-01-18,27.1,69.0,0.3,14.0,978.1,Low Risk,Nagpur (Maharashtra)
2024-01-19,27.5,61.0,0.0,12.7,979.5,Low Risk,Nagpur (Maharashtra)
2024-01-20,28.0,71.0,0.6,11.8,979.4,Low Risk,Nagpur (Maharashtra)
2024-01-21,27.4,67.0,1.1,15.6,980.1,Low Risk,Nagpur (Maharashtra)
2024-01-22,27.6,60.0,0.0,10.2,980.8,Low Risk,Nagpur (Maharashtra)
2024-01-23,27.9,72.0,4.0,13.5,979.7,Low Risk,Nagpur (Maharashtra)
2024-01-24,25.9,50.0,0.0,10.2,980.6,Low Risk,Nagpur (Maharashtra)
2024-01-25,24.7,45.0,0.0,10.6,982.7,Low Risk,Nagpur (Maharashtra)
2024-01-26,25.8,51.0,0.0,10.6,983.6,Low Risk,Nagpur (Maharashtra)
2024-01-27,26.8,52.0,0.0,11.8,983.6,Low Risk,Nagpur (Maharashtra)
2024-01-28,28.1,56.0,0.0,9.5,982.3,Low Risk,Nagpur (Maharashtra)
2024-01-29,29.1,59.0,0.0,11.1,981.1,Low Risk,Nagpur (Maharashtra)
2024-01-30,28.5,57.0,0.0,11.4,980.2,Low Risk,Nagpur (Maharashtra)
2024-01-31,28.9,61.0,0.0,13.4,979.5,Low Risk,Nagpur (Maharashtra)
2024-02-01,29.6,61.0,0.0,8.7,979.4,Low Risk,Nagpur (Maharashtra)
2024-02-02,29.3,54.0,0.0,11.6,980.8,Low Risk,Nagpur (Maharashtra)
2024-02-03,28.7,50.0,0.0,11.1,982.1,Low Risk,Nagpur (Maharashtra)
2024-02-04,30.3,51.0,0.0,8.7,982.0,Low Risk,Nagpur (Maharashtra)
2024-02-05,32.8,53.0,0.0,14.1,980.7,Low Risk,Nagpur (Maharashtra)
2024-02-06,32.9,55.0,0.0,11.6,980.9,Low Risk,Nagpur (Maharashtra)
2024-02-07,30.1,64.0,0.0,16.9,982.0,Low Risk,Nagpur (Maharashtra)
2024-02-08,28.1,47.0,0.0,12.9,982.3,Low Risk,Nagpur (Maharashtra)
2024-02-09,28.1,45.0,0.0,11.3,981.9,Low Risk,Nagpur (Maharashtra)
2024-02-10,28.1,57.0,1.7,14.2,982.1,Low Risk,Nagpur (Maharashtra)
2024-02-11,28.6,81.0,2.3,16.1,982.4,Low Risk,Nagpur (Maharashtra)
2024-02-12,29.2,76.0,0.4,13.2,981.9,Low Risk,Nagpur (Maharashtra)
2024-02-13,30.7,65.0,0.0,14.5,980.7,Low Risk,Nagpur (Maharashtra)
2024-02-14,30.8,66.0,0.0,10.3,980.1,Low Risk,Nagpur (Maharashtra)
2024-02-15,28.7,69.0,0.0,26.6,981.7,Low Risk,Nagpur (Maharashtra)
2024-02-16,30.7,62.0,0.1,12.2,982.1,Low Risk,Nagpur (Maharashtra)
2024-02-17,31.3,54.0,0.0,10.7,979.5,Low Risk,Nagpur (Maharashtra)
2024-02-18,31.7,51.0,0.0,11.1,977.5,Low Risk,Nagpur (Maharashtra)
2024-02-19,33.2,42.0,0.0,12.9,977.5,Low Risk,Nagpur (Maharashtra)
2024-02-20,33.3,46.0,0.0,11.2,977.3,Low Risk,Nagpur (Maharashtra)
2024-02-21,33.0,44.0,0.0,15.8,975.8,Low Risk,Nagpur (Maharashtra)
2024-02-22,30.2,47.0,0.0,15.5,976.9,Low Risk,Nagpur (Maharashtra)
2024-02-23,29.7,50.0,0.0,10.1,978.1,Low Risk,Nagpur (Maharashtra)
2024-02-24,30.9,41.0,0.0,15.0,977.7,Low Risk,Nagpur (Maharashtra)
2024-02-25,31.5,44.0,0.0,12.5,977.9,Low Risk,Nagpur (Maharashtra)
2024-02-26,28.4,72.0,4.0,15.1,979.4,Low Risk,Nagpur (Maharashtra)
2024-02-27,31.4,70.0,9.0,15.5,980.0,Low Risk,Nagpur (Maharashtra)
2024-02-28,31.3,59.0,0.0,13.7,979.1,Low Risk,Nagpur (Maharashtra)
2024-02-29,33.6,49.0,0.0,12.7,978.8,Low Risk,Nagpur (Maharashtra)
2024-03-01,34.8,41.0,0.0,11.1,978.9,Low Risk,Nagpur (Maharashtra)
2024-03-02,32.4,46.0,0.3,17.3,977.9,Low Risk,Nagpur (Maharashtra)
2024-03-03,33.6,51.0,0.0,18.1,976.7,Low Risk,Nagpur (Maharashtra)
2024-03-04,31.8,44.0,0.0,13.7,978.1,Low Risk,Nagpur (Maharashtra)
2024-03-05,33.9,38.0,0.0,14.7,978.5,Low Risk,Nagpur (Maharashtra)
2024-03-06,34.2,39.0,0.0,15.1,977.4,Low Risk,Nagpur (Maharashtra)
2024-03-07,34.4,36.0,0.0,15.5,977.1,Low Risk,Nagpur (Maharashtra)
2024-03-08,34.2,32.0,0.0,12.7,978.0,Low Risk,Nagpur (Maharashtra)
2024-03-09,34.9,32.0,0.0,19.3,978.4,Low Risk,Nagpur (Maharashtra)
2024-03-10,36.2,33.0,0.0,14.6,978.7,Low Risk,Nagpur (Maharashtra)
2024-03-11,36.9,33.0,0.0,18.3,979.3,Low Risk,Nagpur (Maharashtra)
2024-03-12,37.0,32.0,0.0,15.8,978.0,Low Risk,Nagpur (Maharashtra)
2024-03-13,36.8,27.0,0.0,18.6,976.7,Low Risk,Nagpur (Maharashtra)
2024-03-14,36.0,23.0,0.0,15.5,977.7,Low Risk,Nagpur (Maharashtra)
2024-03-15,36.0,28.0,0.0,10.7,976.8,Low Risk,Nagpur (Maharashtra)
2024-03-16,36.3,40.0,1.1,18.9,977.5,Low Risk,Nagpur (Maharashtra)
2024-03-17,33.0,57.0,2.8,14.8,978.1,Low Risk,Nagpur (Maharashtra)
2024-03-18,34.0,59.0,0.5,27.6,977.3,Low Risk,Nagpur (Maharashtra)
2024-03-19,29.4,71.0,4.3,13.9,977.5,Low Risk,Nagpur (Maharashtra)
2024-03-20,30.5,64.0,3.1,11.4,978.5,Low Risk,Nagpur (Maharashtra)
2024-03-21,32.8,46.0,0.0,15.8,976.9,Low Risk,Nagpur (Maharashtra)
2024-03-22,35.1,35.0,0.0,10.3,974.6,Low Risk,Nagpur (Maharashtra)
2024-03-23,37.0,35.0,0.0,12.8,974.2,Low Risk,Nagpur (Maharashtra)
2024-03-24,37.9,31.0,0.0,9.8,975.7,Low Risk,Nagpur (Maharashtra)
2024-03-25,38.1,33.0,0.0,13.7,976.2,Low Risk,Nagpur (Maharashtra)
2024-03-26,38.4,31.0,0.0,12.4,976.7,Low Risk,Nagpur (Maharashtra)
2024-03-27,38.3,34.0,0.0,13.4,978.4,Low Risk,Nagpur (Maharashtra)
2024-03-28,39.9,32.0,0.0,12.6,975.9,Low Risk,Nagpur (Maharashtra)
2024-03-29,40.1,29.0,0.0,13.1,974.5,Low Risk,Nagpur (Maharashtra)
2024-03-30,39.1,34.0,0.1,13.7,976.7,Low Risk,Nagpur (Maharashtra)
2024-03-31,38.6,45.0,0.0,13.0,977.9,Low Risk,Nagpur (Maharashtra)
2024-04-01,40.3,35.0,0.0,18.0,974.3,Low Risk,Nagpur (Maharashtra)
2024-04-02,40.4,23.0,0.0,14.8,973.0,Low Risk,Nagpur (Maharashtra)
2024-04-03,40.2,25.0,0.0,10.1,973.9,Low Risk,Nagpur (Maharashtra)
2024-04-04,41.4,25.0,0.0,18.1,974.0,Low Risk,Nagpur (Maharashtra)
2024-04-05,40.1,24.0,0.0,16.7,973.8,Low Risk,Nagpur (Maharashtra)
2024-04-06,40.2,23.0,0.0,17.1,973.3,Low Risk,Nagpur (Maharashtra)
2024-04-07,36.4,32.0,0.7,22.2,974.2,Low Risk,Nagpur (Maharashtra)
2024-04-08,35.6,48.0,0.9,21.5,976.4,Low Risk,Nagpur (Maharashtra)
2024-04-09,34.8,59.0,11.1,24.5,977.5,Low Risk,Nagpur (Maharashtra)
2024-04-10,35.9,59.0,0.4,17.6,976.9,Low Risk,Nagpur (Maharashtra)
2024-04-11,32.8,62.0,1.1,16.6,978.2,Low Risk,Nagpur (Maharashtra)
2024-04-12,31.8,65.0,2.8,12.0,977.6,Low Risk,Nagpur (Maharashtra)
2024-04-13,32.4,64.0,6.3,17.6,977.0,Low Risk,Nagpur (Maharashtra)
2024-04-14,35.8,57.0,0.0,12.2,976.9,Low Risk,Nagpur (Maharashtra)
2024-04-15,38.4,59.0,0.4,14.8,976.9,Low Risk,Nagpur (Maharashtra)
2024-04-16,38.9,50.0,0.0,25.5,975.5,Low Risk,Nagpur (Maharashtra)
2024-04-17,40.1,40.0,0.0,10.8,974.0,Low Risk,Nagpur (Maharashtra)
2024-04-18,40.9,35.0,0.0,10.5,973.2,Low Risk,Nagpur (Maharashtra)
2024-04-19,42.0,30.0,0.0,11.1,971.0,Low Risk,Nagpur (Maharashtra)
2024-04-20,41.3,27.0,0.0,13.8,971.3,Low Risk,Nagpur (Maharashtra)
2024-04-21,40.4,30.0,0.0,12.9,972.6,Low Risk,Nagpur (Maharashtra)
2024-04-22,38.7,42.0,0.4,23.9,974.9,Low Risk,Nagpur (Maharashtra)
2024-04-23,36.7,52.0,1.1,16.3,974.1,Low Risk,Nagpur (Maharashtra)
2024-04-24,39.2,47.0,0.4,18.2,972.9,Low Risk,Nagpur (Maharashtra)
2024-04-25,38.3,40.0,0.0,23.4,973.1,Low Risk,Nagpur (Maharashtra)
2024-04-26,41.9,38.0,0.0,23.4,972.7,Low Risk,Nagpur (Maharashtra)
2024-04-27,41.1,37.0,0.1,15.6,973.2,Low Risk,Nagpur (Maharashtra)
2024-04-28,40.2,39.0,0.6,15.5,973.8,Low Risk,Nagpur (Maharashtra)
2024-04-29,39.2,44.0,0.3,14.5,974.3,Low Risk,Nagpur (Maharashtra)
2024-04-30,42.1,36.0,0.0,19.9,971.3,Low Risk,Nagpur (Maharashtra)
2024-05-01,41.6,20.0,0.0,20.6,969.1,Low Risk,Nagpur (Maharashtra)
2024-05-02,39.9,16.0,0.0,18.7,970.2,Low Risk,Nagpur (Maharashtra)
2024-05-03,40.9,18.0,0.0,12.5,971.7,Low Risk,Nagpur (Maharashtra)
2024-05-04,42.1,17.0,0.0,13.0,971.6,Drought Risk,Nagpur (Maharashtra)
2024-05-05,42.7,21.0,0.0,18.5,969.6,Drought Risk,Nagpur (Maharashtra)
2024-05-06,41.5,25.0,0.0,25.0,970.9,Low Risk,Nagpur (Maharashtra)
2024-05-07,40.3,41.0,1.5,26.5,973.3,Low Risk,Nagpur (Maharashtra)
2024-05-08,39.0,45.0,0.0,18.9,973.3,Low Risk,Nagpur (Maharashtra)
2024-05-09,37.4,43.0,0.1,21.4,972.4,Low Risk,Nagpur (Maharashtra)
2024-05-10,40.5,48.0,7.4,16.6,973.0,Low Risk,Nagpur (Maharashtra)
2024-05-11,41.4,36.0,0.0,17.1,973.6,Low Risk,Nagpur (Maharashtra)
2024-05-12,39.4,40.0,2.2,12.1,974.1,Low Risk,Nagpur (Maharashtra)
2024-05-13,37.5,38.0,0.3,16.1,974.3,Low Risk,Nagpur (Maharashtra)
2024-05-14,39.7,35.0,0.6,14.4,974.2,Low Risk,Nagpur (Maharashtra)
2024-05-15,38.6,40.0,0.0,15.8,975.0,Low Risk,Nagpur (Maharashtra)
2024-05-16,35.3,53.0,1.2,15.5,975.2,Low Risk,Nagpur (Maharashtra)
2024-05-17,34.9,54.0,7.0,14.8,974.1,Low Risk,Nagpur (Maharashtra)
2024-05-18,39.7,49.0,0.0,17.1,971.9,Low Risk,Nagpur (Maharashtra)
2024-05-19,40.2,53.0,14.2,18.1,970.1,Low Risk,Nagpur (Maharashtra)
2024-05-20,40.9,47.0,10.5,29.5,969.7,Low Risk,Nagpur (Maharashtra)
2024-05-21,42.7,35.0,0.5,17.7,969.5,Low Risk,Nagpur (Maharashtra)
2024-05-22,41.9,45.0,1.3,12.9,969.0,Low Risk,Nagpur (Maharashtra)
2024-05-23,42.1,40.0,0.9,18.1,967.2,Low Risk,Nagpur (Maharashtra)
2024-05-24,43.7,35.0,0.0,16.2,965.2,Low Risk,Nagpur (Maharashtra)
2024-05-25,41.7,41.0,0.2,17.0,965.2,Low Risk,Nagpur (Maharashtra)
2024-05-26,44.9,35.0,0.0,27.4,964.4,Low Risk,Nagpur (Maharashtra)
2024-05-27,45.5,26.0,0.0,27.0,963.2,Low Risk,Nagpur (Maharashtra)
2024-05-28,44.6,28.0,0.0,20.4,963.9,Low Risk,Nagpur (Maharashtra)
2024-05-29,44.0,30.0,0.0,21.3,965.3,Low Risk,Nagpur (Maharashtra)
2024-05-30,44.1,30.0,0.0,17.3,967.2,Low Risk,Nagpur (Maharashtra)
2024-05-31,44.5,26.0,0.0,20.9,968.3,Low Risk,Nagpur (Maharashtra)
2024-06-01,44.0,26.0,0.0,18.4,968.7,Low Risk,Nagpur (Maharashtra)
2024-06-02,42.8,38.0,3.2,21.6,970.3,Low Risk,Nagpur (Maharashtra)
2024-06-03,39.6,50.0,1.6,22.9,971.6,Low Risk,Nagpur (Maharashtra)
2024-06-04,40.9,47.0,1.2,25.2,971.0,Low Risk,Nagpur (Maharashtra)
2024-06-05,40.4,53.0,1.9,23.2,971.7,Low Risk,Nagpur (Maharashtra)
2024-06-06,41.4,46.0,0.2,14.4,971.5,Low Risk,Nagpur (Maharashtra)
2024-06-07,39.4,51.0,0.3,27.5,970.4,Low Risk,Nagpur (Maharashtra)
2024-06-08,40.0,57.0,3.8,20.7,969.7,Low Risk,Nagpur (Maharashtra)
2024-06-09,38.9,59.0,0.4,20.6,968.9,Low Risk,Nagpur (Maharashtra)
2024-06-10,39.2,53.0,1.7,18.3,969.1,Low Risk,Nagpur (Maharashtra)
2024-06-11,40.5,55.0,1.1,19.1,969.0,Low Risk,Nagpur (Maharashtra)
2024-06-12,37.4,64.0,2.3,12.2,970.3,Low Risk,Nagpur (Maharashtra)
2024-06-13,39.7,54.0,4.2,22.0,969.7,Low Risk,Nagpur (Maharashtra)
2024-06-14,39.7,58.0,0.3,19.9,969.2,Low Risk,Nagpur (Maharashtra)
2024-06-15,39.2,55.0,0.1,14.3,968.8,Low Risk,Nagpur (Maharashtra)
2024-06-16,37.4,65.0,7.0,13.5,970.0,Low Risk,Nagpur (Maharashtra)
2024-06-17,37.4,61.0,0.0,15.2,970.1,Low Risk,Nagpur (Maharashtra)
2024-06-18,37.1,65.0,6.3,15.2,969.2,Low Risk,Nagpur (Maharashtra)
2024-06-19,36.6,72.0,6.5,19.2,967.6,Low Risk,Nagpur (Maharashtra)
2024-06-20,36.5,68.0,12.1,13.8,967.6,Low Risk,Nagpur (Maharashtra)
2024-06-21,33.3,79.0,18.0,15.5,968.0,Low Risk,Nagpur (Maharashtra)
2024-06-22,31.0,83.0,16.6,10.3,966.7,Low Risk,Nagpur (Maharashtra)
2024-06-23,31.8,84.0,22.8,10.0,966.2,Low Risk,Nagpur (Maharashtra)
2024-06-24,32.5,83.0,4.7,11.9,965.7,Low Risk,Nagpur (Maharashtra)
2024-06-25,34.5,75.0,1.1,10.9,965.1,Low Risk,Nagpur (Maharashtra)
2024-06-26,35.0,68.0,1.2,12.7,965.0,Low Risk,Nagpur (Maharashtra)
2024-06-27,33.6,82.0,24.9,15.6,966.9,Low Risk,Nagpur (Maharashtra)
2024-06-28,31.9,81.0,24.8,18.9,967.4,Low Risk,Nagpur (Maharashtra)
2024-06-29,30.8,81.0,2.7,16.4,968.5,Low Risk,Nagpur (Maharashtra)
2024-06-30,31.6,79.0,7.1,25.5,968.8,Low Risk,Nagpur (Maharashtra)
2024-07-01,29.8,80.0,5.8,21.6,968.0,Low Risk,Nagpur (Maharashtra)
2024-07-02,31.1,84.0,23.7,23.4,967.0,Low Risk,Nagpur (Maharashtra)
2024-07-03,31.2,78.0,0.2,18.6,967.6,Low Risk,Nagpur (Maharashtra)
2024-07-04,31.5,78.0,11.2,20.5,968.7,Low Risk,Nagpur (Maharashtra)
2024-07-05,31.7,82.0,8.7,19.5,967.2,Low Risk,Nagpur (Maharashtra)
2024-07-06,32.9,81.0,5.5,19.9,966.3,Low Risk,Nagpur (Maharashtra)
2024-07-07,30.0,86.0,12.8,14.8,967.8,Low Risk,Nagpur (Maharashtra)
2024-07-08,31.8,84.0,16.6,8.7,967.9,Low Risk,Nagpur (Maharashtra)
2024-07-09,32.1,86.0,12.9,14.1,968.9,Low Risk,Nagpur (Maharashtra)
2024-07-10,31.3,88.0,12.4,13.3,970.7,Low Risk,Nagpur (Maharashtra)
2024-07-11,30.7,82.0,2.4,15.3,969.3,Low Risk,Nagpur (Maharashtra)
2024-07-12,31.7,81.0,12.0,15.9,967.1,Low Risk,Nagpur (Maharashtra)
2024-07-13,32.0,83.0,16.3,16.8,966.1,Low Risk,Nagpur (Maharashtra)
2024-07-14,31.4,88.0,19.7,13.5,964.5,Low Risk,Nagpur (Maharashtra)
2024-07-15,31.0,89.0,16.4,11.3,964.2,Low Risk,Nagpur (Maharashtra)
2024-07-16,30.8,90.0,27.1,11.2,964.7,Low Risk,Nagpur (Maharashtra)
2024-07-17,31.5,90.0,29.4,15.9,965.9,Low Risk,Nagpur (Maharashtra)
2024-07-18,31.1,85.0,4.9,15.0,965.7,Low Risk,Nagpur (Maharashtra)
2024-07-19,31.6,83.0,25.0,17.1,964.4,Low Risk,Nagpur (Maharashtra)
2024-07-20,30.3,91.0,69.1,16.2,963.9,Low Risk,Nagpur (Maharashtra)
2024-07-21,30.9,88.0,80.2,19.2,963.8,Flood Risk,Nagpur (Maharashtra)
2024-07-22,27.9,92.0,52.4,20.6,965.5,Low Risk,Nagpur (Maharashtra)
2024-07-23,28.5,85.0,28.7,23.1,966.4,Low Risk,Nagpur (Maharashtra)
2024-07-24,28.2,88.0,22.0,23.5,963.9,Low Risk,Nagpur (Maharashtra)
2024-07-25,31.2,82.0,6.7,19.7,962.8,Low Risk,Nagpur (Maharashtra)
2024-07-26,28.6,85.0,7.5,18.6,963.9,Low Risk,Nagpur (Maharashtra)
2024-07-27,27.9,89.0,24.6,22.3,964.1,Low Risk,Nagpur (Maharashtra)
2024-07-28,28.2,88.0,22.3,17.5,962.1,Low Risk,Nagpur (Maharashtra)
2024-07-29,30.4,84.0,11.8,20.3,964.0,Low Risk,Nagpur (Maharashtra)
2024-07-30,30.7,87.0,14.5,15.8,967.8,Low Risk,Nagpur (Maharashtra)
2024-07-31,30.4,85.0,10.7,12.6,968.7,Low Risk,Nagpur (Maharashtra)
2024-08-01,28.1,91.0,38.2,17.6,968.1,Low Risk,Nagpur (Maharashtra)
2024-08-02,26.1,92.0,19.7,20.0,967.6,Low Risk,Nagpur (Maharashtra)
2024-08-03,27.6,90.0,12.6,20.3,968.5,Low Risk,Nagpur (Maharashtra)
2024-08-04,27.3,91.0,42.7,22.5,969.1,Low Risk,Nagpur (Maharashtra)
2024-08-05,30.2,84.0,5.8,16.9,971.1,Low Risk,Nagpur (Maharashtra)
2024-08-06,31.4,82.0,3.2,14.2,970.2,Low Risk,Nagpur (Maharashtra)
2024-08-07,28.0,89.0,10.0,13.0,969.9,Low Risk,Nagpur (Maharashtra)
2024-08-08,27.9,89.0,16.8,15.7,971.0,Low Risk,Nagpur (Maharashtra)
2024-08-09,29.4,82.0,0.9,12.4,972.2,Low Risk,Nagpur (Maharashtra)
2024-08-10,30.2,86.0,9.4,11.9,971.8,Low Risk,Nagpur (Maharashtra)
2024-08-11,29.7,85.0,14.7,15.2,970.4,Low Risk,Nagpur (Maharashtra)
2024-08-12,30.6,82.0,0.8,12.0,970.5,Low Risk,Nagpur (Maharashtra)
2024-08-13,30.8,82.0,2.6,12.1,971.4,Low Risk,Nagpur (Maharashtra)
2024-08-14,30.7,89.0,21.4,13.1,971.6,Low Risk,Nagpur (Maharashtra)
2024-08-15,29.6,93.0,33.1,13.2,970.8,Low Risk,Nagpur (Maharashtra)
2024-08-16,29.3,89.0,8.1,12.9,970.4,Low Risk,Nagpur (Maharashtra)
2024-08-17,30.0,85.0,1.3,11.4,971.6,Low Risk,Nagpur (Maharashtra)
2024-08-18,30.3,86.0,8.6,7.9,972.2,Low Risk,Nagpur (Maharashtra)
2024-08-19,31.5,86.0,10.2,12.5,971.4,Low Risk,Nagpur (Maharashtra)
2024-08-20,30.7,87.0,4.7,10.3,971.0,Low Risk,Nagpur (Maharashtra)
2024-08-21,30.9,86.0,8.9,7.8,972.1,Low Risk,Nagpur (Maharashtra)
2024-08-22,30.7,89.0,21.6,11.3,971.6,Low Risk,Nagpur (Maharashtra)
2024-08-23,30.1,87.0,10.6,16.7,971.5,Low Risk,Nagpur (Maharashtra)
2024-08-24,27.7,91.0,15.2,17.3,969.3,Low Risk,Nagpur (Maharashtra)
2024-08-25,25.6,92.0,24.3,23.3,968.0,Low Risk,Nagpur (Maharashtra)
2024-08-26,29.6,80.0,0.4,21.3,968.6,Low Risk,Nagpur (Maharashtra)
2024-08-27,31.1,78.0,0.9,16.3,971.0,Low Risk,Nagpur (Maharashtra)
2024-08-28,31.5,76.0,0.5,12.9,971.5,Low Risk,Nagpur (Maharashtra)
2024-08-29,30.3,86.0,8.1,11.7,970.7,Low Risk,Nagpur (Maharashtra)
2024-08-30,29.7,90.0,16.3,13.0,970.7,Low Risk,Nagpur (Maharashtra)
2024-08-31,30.1,87.0,27.3,14.8,969.8,Low Risk,Nagpur (Maharashtra)
2024-09-01,31.5,84.0,33.4,21.2,967.8,Low Risk,Nagpur (Maharashtra)
2024-09-02,29.5,88.0,11.4,15.9,967.9,Low Risk,Nagpur (Maharashtra)
2024-09-03,30.8,83.0,2.3,13.7,970.1,Low Risk,Nagpur (Maharashtra)
2024-09-04,30.6,86.0,3.2,12.8,969.9,Low Risk,Nagpur (Maharashtra)
2024-09-05,30.2,86.0,11.0,14.0,969.4,Low Risk,Nagpur (Maharashtra)
2024-09-06,31.0,84.0,7.8,8.0,970.0,Low Risk,Nagpur (Maharashtra)
2024-09-07,31.1,86.0,6.6,15.8,970.5,Low Risk,Nagpur (Maharashtra)
2024-09-08,30.9,85.0,9.0,15.9,970.3,Low Risk,Nagpur (Maharashtra)
2024-09-09,31.1,84.0,19.1,18.5,967.4,Low Risk,Nagpur (Maharashtra)
2024-09-10,26.0,93.0,58.0,17.5,966.0,Low Risk,Nagpur (Maharashtra)
2024-09-11,30.8,82.0,3.2,23.8,967.8,Low Risk,Nagpur (Maharashtra)
2024-09-12,30.8,79.0,1.2,19.9,970.7,Low Risk,Nagpur (Maharashtra)
2024-09-13,30.5,83.0,7.9,14.0,971.4,Low Risk,Nagpur (Maharashtra)
2024-09-14,30.5,74.0,0.0,14.6,971.1,Low Risk,Nagpur (Maharashtra)
2024-09-15,30.3,77.0,0.5,13.8,971.1,Low Risk,Nagpur (Maharashtra)
2024-09-16,30.6,74.0,0.2,17.9,971.3,Low Risk,Nagpur (Maharashtra)
2024-09-17,30.8,70.0,0.1,19.5,970.3,Low Risk,Nagpur (Maharashtra)
2024-09-18,31.3,74.0,0.4,15.6,970.1,Low Risk,Nagpur (Maharashtra)
2024-09-19,31.5,84.0,1.5,12.2,971.8,Low Risk,Nagpur (Maharashtra)
2024-09-20,32.3,81.0,0.6,10.0,971.7,Low Risk,Nagpur (Maharashtra)
2024-09-21,32.0,81.0,5.5,12.6,972.3,Low Risk,Nagpur (Maharashtra)
2024-09-22,31.2,85.0,5.9,12.6,971.8,Low Risk,Nagpur (Maharashtra)
2024-09-23,31.5,87.0,7.2,11.0,971.0,Low Risk,Nagpur (Maharashtra)
2024-09-24,30.3,90.0,16.2,11.3,969.8,Low Risk,Nagpur (Maharashtra)
2024-09-25,29.9,92.0,24.0,9.7,969.0,Low Risk,Nagpur (Maharashtra)
2024-09-26,29.3,90.0,49.3,10.7,968.5,Low Risk,Nagpur (Maharashtra)
2024-09-27,28.6,89.0,18.7,16.0,970.5,Low Risk,Nagpur (Maharashtra)
2024-09-28,30.2,80.0,0.8,17.1,973.2,Low Risk,Nagpur (Maharashtra)
2024-09-29,31.6,84.0,2.9,13.0,975.2,Low Risk,Nagpur (Maharashtra)
2024-09-30,32.1,83.0,0.4,12.3,975.3,Low Risk,Nagpur (Maharashtra)
2024-10-01,32.8,78.0,0.1,8.3,973.6,Low Risk,Nagpur (Maharashtra)
